text,clean_text
"im getting on borderlands and i will murder you all ,",im getting borderland murder
"I am coming to the borders and I will kill you all,",coming border kill
"im getting on borderlands and i will kill you all,",im getting borderland kill
"im coming on borderlands and i will murder you all,",im coming borderland murder
"im getting on borderlands 2 and i will murder you me all,",im getting borderland murder
"im getting into borderlands and i can murder you all,",im getting borderland murder
So I spent a few hours making something for fun. . . If you don't know I am a HUGE @Borderlands fan and Maya is one of my favorite characters. So I decided to make myself a wallpaper for my PC. . Here is the original image versus the creation I made :) Enjoy! pic.twitter.com/mLsI5wf9Jg,spent hour making something fun know huge borderland fan maya one favorite character decided make wallpaper pc original image versus creation made enjoy pic twitter com mlsi wf jg
"So I spent a couple of hours doing something for fun... If you don't know that I'm a huge @ Borderlands fan and Maya is one of my favorite characters, I decided to make a wallpaper for my PC.. Here's the original picture compared to the creation I made:) Have fun! pic.twitter.com / mLsI5wf9Jg",spent couple hour something fun know huge borderland fan maya one favorite character decided make wallpaper pc original picture compared creation made fun pic twitter com mlsi wf jg
So I spent a few hours doing something for fun... If you don't know I'm a HUGE @ Borderlands fan and Maya is one of my favorite characters.,spent hour something fun know huge borderland fan maya one favorite character
So I spent a few hours making something for fun. . . If you don't know I am a HUGE RhandlerR fan and Maya is one of my favorite characters. So I decided to make myself a wallpaper for my PC. . Here is the original image versus the creation I made :) Enjoy! pic.twitter.com/mLsI5wf9Jg,spent hour making something fun know huge rhandlerr fan maya one favorite character decided make wallpaper pc original image versus creation made enjoy pic twitter com mlsi wf jg
2010 So I spent a few hours making something for fun. . . If you don't know I am a HUGE RhandlerR fan and Maya is one of my favorite characters. So I decided to make myself a wallpaper for my PC. . Here is the original image versus the creation I made :) Enjoy! pic.twitter.com/mLsI5wf9Jg,spent hour making something fun know huge rhandlerr fan maya one favorite character decided make wallpaper pc original image versus creation made enjoy pic twitter com mlsi wf jg
was,
"Rock-Hard La Varlope, RARE & POWERFUL, HANDSOME JACKPOT, Borderlands 3 (Xbox) dlvr.it/RMTrgF  ",rock hard la varlope rare powerful handsome jackpot borderland xbox dlvr rmtrgf
"Rock-Hard La Varlope, RARE & POWERFUL, HANDSOME JACKPOT, Borderlands 3 (Xbox) dlvr.it / RMTrgF",rock hard la varlope rare powerful handsome jackpot borderland xbox dlvr rmtrgf
"Rock-Hard La Varlope, RARE & POWERFUL, HANDSOME JACKPOT, Borderlands 3 (Xbox) dfr.it / RMTrgF",rock hard la varlope rare powerful handsome jackpot borderland xbox dfr rmtrgf
"Rock-Hard La Vita, RARE BUT POWERFUL, HANDSOME JACKPOT, Borderlands 1 (Xbox) dlvr.it/RMTrgF",rock hard la vita rare powerful handsome jackpot borderland xbox dlvr rmtrgf
"Live Rock - Hard music La la Varlope, RARE & the POWERFUL, Live HANDSOME i JACKPOT, Borderlands 3 ( Sega Xbox ) dlvr. From it / e RMTrgF",live rock hard music la la varlope rare powerful live handsome jackpot borderland sega xbox dlvr e rmtrgf
"I-Hard like me, RARE LONDON DE, HANDSOME 2011, Borderlands 3 (Xbox) dlvr.it/RMTrgF",hard like rare london de handsome borderland xbox dlvr rmtrgf
that was the first borderlands session in a long time where i actually had a really satisfying combat experience. i got some really good kills,first borderland session long time actually really satisfying combat experience got really good kill
this was the first Borderlands session in a long time where i actually had a really satisfying fighting experience. i got some really good kills,first borderland session long time actually really satisfying fighting experience got really good kill
that was the first borderlands session in a long time where i actually had a really satisfying combat experience. i got some really good kills,first borderland session long time actually really satisfying combat experience got really good kill
that was the first borderlands session in a long time where i actually enjoyed a really satisfying combat experience. i got some rather good kills,first borderland session long time actually enjoyed really satisfying combat experience got rather good kill
that I was the first real borderlands session in a nice long wait time where i actually had a really satisfying combat experience. and i got some really good kills,first real borderland session nice long wait time actually really satisfying combat experience got really good kill
that was the first borderlands session in a hot row where i actually had a really bad combat experience. i did some really good kills,first borderland session hot row actually really bad combat experience really good kill
the biggest dissappoinment in my life came out a year ago fuck borderlands 3,biggest dissappoinment life came year ago fuck borderland
The biggest disappointment of my life came a year ago.,biggest disappointment life came year ago
The biggest disappointment of my life came a year ago.,biggest disappointment life came year ago
the biggest dissappoinment in my life coming out a year ago fuck borderlands 3,biggest dissappoinment life coming year ago fuck borderland
For the biggest male dissappoinment in my life came hanging out a year time ago fuck borderlands 3,biggest male dissappoinment life came hanging year time ago fuck borderland
the biggest dissappoinment in my life came back last year ago fuck borderlands last,biggest dissappoinment life came back last year ago fuck borderland last
WE FINISHED BORDERLANDS 3 FINALLY YAS! Thank you for hanging out everyone! It was fun. I will try to stream tomorrow but if not I might so some IRL streams while awayu. We shall see. Thank you so much for the raids @mompou_mumpow @MegaMagwitch and @KfdMitch.,finished borderland finally yas thank hanging everyone fun try stream tomorrow might irl stream awayu shall see thank much raid mompou mumpow megamagwitch kfdmitch
"WE FINALLY FINALLY FIND BORDERLANDS 3 YES! Thank you all for hanging out! It was fun. I'll try to stream tomorrow, but if not, maybe some IRL streams. We'll see. Thanks for the raids @ mompou _ mumpow @ MegaMagwitch and @ KfdMitch.",finally finally find borderland yes thank hanging fun try stream tomorrow maybe irl stream see thanks raid mompou mumpow megamagwitch kfdmitch
"Thank you for hanging up everyone! It was fun. I'll try to get a haircut tomorrow, but if it wasn't for me, some IRL streams would still be in Hawaii. We'll see. Thank you so much for the @ mompou _ mumpow @ MegaMagwife and @ fendMitch raids.",thank hanging everyone fun try get haircut tomorrow irl stream would still hawaii see thank much mompou mumpow megamagwife fendmitch raid
WE FINISHED BORDERLANDS 3 UPDATE YAS! Thank you for hanging out guys! It was fun. I will try to stream and even if not I might so some IRL streams while awayu. We shall go. Thank you so much for the raids @mompou_mumpow @MegaMagwitch and Hope.,finished borderland update yas thank hanging guy fun try stream even might irl stream awayu shall go thank much raid mompou mumpow megamagwitch hope
WE FINISHED BORDERLANDS 3 AND FINALLY YAS! Thank you everyone for hanging out everyone! It was fun. I will try to make stream tomorrow but if not I might make so some IRL streams while awayu. 10 We never shall see. Thank you both so... much for the raids @mompou_mumpow or @MegaMagwitch and 4 @KfdMitch.,finished borderland finally yas thank everyone hanging everyone fun try make stream tomorrow might make irl stream awayu never shall see thank much raid mompou mumpow megamagwitch kfdmitch
WE FINISHED BORDERLANDS 3 FINALLY YAS! Hey you for hanging out so! It was fun. I will try that stream tomorrow and if not I might use some IRL streams from awayu. We shall see. Thank you so much how many raids @mompou_mumpow did and their.,finished borderland finally yas hey hanging fun try stream tomorrow might use irl stream awayu shall see thank much many raid mompou mumpow
Man Gearbox really needs to fix this dissapointing drops in the new Borderlands 3 DLC cant be fine to farm bosses on Mayhem 10 to get 1 legendary drop while anywhere else i get 6-10 drops. . Really sucks alot,man gearbox really need fix dissapointing drop new borderland dlc cant fine farm boss mayhem get legendary drop anywhere else get drop really suck alot
"Man Gearbox really needs to fix these disappointing drops in the new Borderlands 3 DLC for farm bosses on Mayhem 10 to get a legendary drop, while I get 6-10 drops elsewhere.",man gearbox really need fix disappointing drop new borderland dlc farm boss mayhem get legendary drop get drop elsewhere
Man Gearbox really needs to fix this disssapointing drops in the new Borderlands 3 DLC cant be fine to farm bosses on Mayhem 10 to get 1 legendary drop while elsewhere i get 6-10 drops... Really sucks alot,man gearbox really need fix disssapointing drop new borderland dlc cant fine farm boss mayhem get legendary drop elsewhere get drop really suck alot
Man Bethesda really needs to fix this dissapointing drops and the new Borderlands 3 It cant be fine to farm bosses on Mayhem 10 to get 1 legendary drop while anywhere else i get 6-10 drops.. Really sucks...,man bethesda really need fix dissapointing drop new borderland cant fine farm boss mayhem get legendary drop anywhere else get drop really suck
Man Gearbox really needs to fix this dissapointing drops in the completely new Borderlands 3 Days DLC i cant e be fine having to be farm bosses on Mayhem 10 to e get 1 legendary foot drop while anywhere else i get 6 - 10 drops.. It Really sucks to alot,man gearbox really need fix dissapointing drop completely new borderland day dlc cant e fine farm boss mayhem e get legendary foot drop anywhere else get drop really suck alot
<unk> Gearbox really time to fix this 10 drops in the new Borderlands 3 DLC or be fine to force bosses on Mayhem 10 to get a legendary drop while everyone else i get 6-10 drops.. Really needs alot,gearbox really time fix drop new borderland dlc fine force boss mayhem get legendary drop everyone else get drop really need alot
Check out this epic streamer!.  ,check epic streamer
Check out this epic streamer!.,check epic streamer
Watch this epic striptease!.,watch epic striptease
Check out our epic streamer!.,check epic streamer
Check out this big epic streamer!.,check big epic streamer
Check<unk> this epic streamer!.,check epic streamer
Blaming Sight for Tardiness! A little bit of borderlands. I got called in early for work tomorrow so I can't make up time. Sorry my loves .  twitch.tv/punnisenpai,blaming sight tardiness little bit borderland got called early work tomorrow make time sorry love twitch tv punnisenpai
"A bit of borderland. I was called to work tomorrow morning, so I can't catch up. Sorry, my love. twitch.tv / punnisenpai",bit borderland called work tomorrow morning catch sorry love twitch tv punnisenpai
"Guilty of sobriety! A bit of a borderline. I was called to work early tomorrow, so I can't catch up.",guilty sobriety bit borderline called work early tomorrow catch
Blaming Sight for Tardiness! A little bit of borderlands. I got called in early for work tomorrow so I can't make up time. Sorry my loves .  twitch.tv/punnisenpai,blaming sight tardiness little bit borderland got called early work tomorrow make time sorry love twitch tv punnisenpai
for Blaming Sight for Tardiness! A little bit of borderlands. I got called in early for work tomorrow so I can't make up time. Sorry my loves .  twitch.tv/punnisenpai,blaming sight tardiness little bit borderland got called early work tomorrow make time sorry love twitch tv punnisenpai
all,
why does like every man in borderlands have slicked back hair haven’t you heard of bangs you stupid assholes,like every man borderland slicked back hair heard bang stupid asshole
"Why, like every man in border countries, have you not heard of bangs, you stupid assholes?",like every man border country heard bang stupid asshole
"Why, like everyone else in the border countries, have your hair fallen off, have you not heard that you are stupid aliens?",like everyone else border country hair fallen heard stupid alien
why does like<unk> man in borderlands have slicked back hair or you heard of bangs you stupid assholes,like man borderland slicked back hair heard bang stupid asshole
why Beth does like every man in borderlands have she slicked that back hair haven ’ t you heard enough of gray bangs you stupid assholes,beth like every man borderland slicked back hair heard enough gray bang stupid asshole
why does practically every man in France have slicked back hair haven’t you heard of bangs the greedy assholes,practically every man france slicked back hair heard bang greedy asshole
 . . [  ,
.. [,
.. 45,
.. [,
.. what,
Going to finish up Borderlands 2 today. I've got some new commands set up and am looking forward to a good stream! Starting in about am hour!,going finish borderland today got new command set looking forward good stream starting hour
I will finish Borderlands 2 today. I have some new commands set up and am looking forward to a good stream! Start in about an hour!,finish borderland today new command set looking forward good stream start hour
I'm going to finish Borderlands 2 today. I have some new commands installed and I'm looking forward to a good stream!,going finish borderland today new command installed looking forward good stream
Going to finish up Borderlands 2 today. I've got some new events set up and am look forward to a good stream! Starting in about 20 hour!,going finish borderland today got new event set look forward good stream starting hour
Going to finish finish cleaning up Borderlands 2 today. I've just got her some new commands set all up and am looking forward it to a good stream! Starting in about am hour!,going finish finish cleaning borderland today got new command set looking forward good stream starting hour
Going to finish up volume 2 today. I've got some awesome server set up and is looking forward to a good stream! Starting in about am hour!,going finish volume today got awesome server set looking forward good stream starting hour
imma probably play some borderlands tps in a bit . that'll be fun,imma probably play borderland tps bit fun
imma is probably playing a bit of borderland tps. That will be fun.,imma probably playing bit borderland tps fun
imma will probably play some border tps in a bit. It's going to be fun,imma probably play border tps bit going fun
imma probably play live borderlands tps in a bit. that'll be fun,imma probably play live borderland tps bit fun
for imma probably play some borderlands tps in a bit. that'yer ll be a fun,imma probably play borderland tps bit yer fun
imma probably got some video tps in a bit. that'll make fun,imma probably got video tps bit make fun
"One of our own @ProfZeroo is live w/ @borderlands 3‼.  .  . . Catch him here: buff.ly/2WmmiP5 . . Say ""Streamer Shouts"" in chat for a chance to be in a coming. @streamer_shouts Shout Out. . .  ",one profzeroo live w borderland catch buff ly wmmip say streamer shout chat chance coming streamer shout shout
"One of our own @ ProfZeroo is live w / @ borderlands 3.... catch him here: buff.ly / 2WmmiP5.. Say ""Streamer Shouts"" in chat for a chance to be in an upcoming one. @ streamer _ shouts Shout Out...",one profzeroo live w borderland catch buff ly wmmip say streamer shout chat chance upcoming one streamer shout shout
"One of our own @ ProfZero - live w / @ borderlands 3.... Catch him here: buff.ly / 2WmmiP5... Say ""Stream Shouts"" in chat for a chat for a chance to be in a coming. @ stream _ Shouts Shout Out....",one profzero live w borderland catch buff ly wmmip say stream shout chat chat chance coming stream shout shout
"One of our own @ProfZeroo is live >/ @borderlands 3‼. . !. Catch him here: buff.ly/2WmmiP5 p. Say some Shouts"" in chat – a chance to be in a coming. Also Shout Out...",one profzeroo live borderland catch buff ly wmmip p say shout chat chance coming also shout
"One of our shows own @ProfZeroo is live via w / at @borderlands 3 and [UNK].... Catch him here : the buff. ly / to 2WmmiP5.. to Say "" Streamer Shouts "" in chat for a chance to officially be in a series coming. @streamer_shouts 1 Shout Out...",one show profzeroo live via w borderland unk catch buff ly wmmip say streamer shout chat chance officially series coming streamer shout shout
"One of its own movies is live w/ @ProfZeroo 3!!.... Catch him from: buff.ly/2WmmiP5.. for ""Streamer Shouts"" in invitation or a chance to be out a coming. All 3 invites...",one movie live w profzeroo catch buff ly wmmip streamer shout invitation chance coming invite
FUCK YESSSSSSSS . ,fuck yessssssss
FICK YESSSSSS.,fick yessssss
FUCK YESSSSSSSS.,fuck yessssssss
FUCK YESSSSSSSS<unk>,fuck yessssssss
A FUCK... YESSSSSSSS.,fuck yessssssss
FUCK YOU.,fuck
I hate that this easy mayhem modifier event on mayhem won’t last forever. this is the most fun i’ve had in the game since they added them horrible modifiers. @Borderlands please give me the option to play mayhem 10 but turn the modifiers off PLS,hate easy mayhem modifier event mayhem last forever fun game since added horrible modifier borderland please give option play mayhem turn modifier pls
I hate that this simple Chaos Modifier event on Chaos won't last forever. That's the most fun I've had in the game since they added terrible modifiers. @ Borderlands please give me the option to play Chaos 10 but turn off the modifiers.,hate simple chaos modifier event chaos last forever fun game since added terrible modifier borderland please give option play chaos turn modifier
I hate that this easy mayhem modifier event on mayhem won't last forever. this is the most fun i've had in the game since they added them horrible modifiers. @ Borderlands please give me the option to play mayhem 10 but turn the modifiers off PLS,hate easy mayhem modifier event mayhem last forever fun game since added horrible modifier borderland please give option play mayhem turn modifier pls
I hate saying this easy day 9 event on mayhem won’t last forever. this is the most fun i’ve had in the game since they added them horrible modifiers. @Borderlands please give me some ability to play mayhem 10 but turn the modifiers off PLS,hate saying easy day event mayhem last forever fun game since added horrible modifier borderland please give ability play mayhem turn modifier pls
I hate thinking that this easy mayhem modifier event on total mayhem won ’ t last forever. this is the absolutely most ridiculous fun experience i ’ ve had in the game almost since... they added them horrible modifiers. @Borderlands please do give me the option option to a play mayhem 10 but turn the modifiers off PLS,hate thinking easy mayhem modifier event total mayhem last forever absolutely ridiculous fun experience game almost since added horrible modifier borderland please give option option play mayhem turn modifier pls
I hate that this easy horrible modifier event on game 10 last forever. That is the best fun i’ve taken in the past until they added them horrible modifiers. @Borderlands please send me the option to play mayhem 10 but turn the modifiers for PLS,hate easy horrible modifier event game last forever best fun taken past added horrible modifier borderland please send option play mayhem turn modifier pls
Grounded almost looked pretty cool even despite the borderlands tier unfunny writing until it became yet another survival crafting game. I really can’t wait for this shitty trend to die,grounded almost looked pretty cool even despite borderland tier unfunny writing became yet another survival crafting game really wait shitty trend die
"Grounded looked cool despite the borderline unfunny writing, until it became another survival crafting game. I really can't wait for this crappy trend to die.",grounded looked cool despite borderline unfunny writing became another survival crafting game really wait crappy trend die
"Grosskreutz looked pretty cool, even despite the unfunny spelling, until it turned into another survival game. I really can't wait for this crap trend to die",grosskreutz looked pretty cool even despite unfunny spelling turned another survival game really wait crap trend die
Grounded almost looked pretty cool here despite the borderlands tier unfunny writing until it became yet an survival crafting game. I really can’t wait for this shitty mod to die,grounded almost looked pretty cool despite borderland tier unfunny writing became yet survival crafting game really wait shitty mod die
Deep Grounded almost looked pretty cool even despite the borderlands fifth tier unfunny writing format until ultimately it became yet another survival crafting mobile game. I really can ’ t wait for this shitty trend starting to... die,deep grounded almost looked pretty cool even despite borderland fifth tier unfunny writing format ultimately became yet another survival crafting mobile game really wait shitty trend starting die
Grounded almost was pretty cool even despite the top tier unfunny writing until we became yet another annoying crafting game. I seriously can’t wait on this shitty trend to die,grounded almost pretty cool even despite top tier unfunny writing became yet another annoying crafting game seriously wait shitty trend die
"Appreciate the (sonic) concepts / praxis Valenzuela and Landa-Posas thread together in this talk: multimodal listening, soundwalks, borderlands frameworks, participatory action research, and testimonios. . . So many thoughtful and resonant intersections here.. .  ",appreciate sonic concept praxis valenzuela landa posas thread together talk multimodal listening soundwalks borderland framework participatory action research testimonios many thoughtful resonant intersection
"Appreciate the (sound) concepts / practices that Valenzuela and Landa-Posas combine in this lecture: multimodal listening, soundwalks, borderland frameworks, participatory action research and testimonies... So many thoughtful and resonant intersections here...",appreciate sound concept practice valenzuela landa posas combine lecture multimodal listening soundwalks borderland framework participatory action research testimony many thoughtful resonant intersection
"Evaluate the (sound) concepts / concepts of Valensela and Landa Pozas together in this conversation: multimodal listening, walks, border areas, joint action studies, etc. So many amazing and resonant intersections here...",evaluate sound concept concept valensela landa pozas together conversation multimodal listening walk border area joint action study etc many amazing resonant intersection
"Appreciate the (sonic) concepts / praxis Valenzuela and Moreno-Posas have together in this talk: multimodal listening, soundwalks, borderlands recordings, participatory field research, and testimonios.... So many thoughtful and resonant intersections here.. :-)",appreciate sonic concept praxis valenzuela moreno posas together talk multimodal listening soundwalks borderland recording participatory field research testimonios many thoughtful resonant intersection
"Appreciate by the ( sonic ) electronic concepts / praxis Valenzuela and Landa - Posas do thread together together in creating this talk : multimodal visual listening, digital soundwalks, borderlands frameworks, participatory action research, interviews and testimonios... So many thoughtful thoughts and resonant intersections reflected here...",appreciate sonic electronic concept praxis valenzuela landa posas thread together together creating talk multimodal visual listening digital soundwalks borderland framework participatory action research interview testimonios many thoughtful thought resonant intersection reflected
"Appreciate the (sonic) conversations / actions Klein and Landa-Posas brought together in our talk: multimodal experiences, soundwalks, ethical frameworks, participatory action practices, and testimonios... So many provocative and resonant intersections today...",appreciate sonic conversation action klein landa posas brought together talk multimodal experience soundwalks ethical framework participatory action practice testimonios many provocative resonant intersection today
@Borderlands how do I submit a complaint? Your CEO isn't paying his staff their bonuses.,borderland submit complaint ceo paying staff bonus
"@ Borderlands, how can I file a complaint? Your CEO doesn't pay his employees their bonuses.",borderland file complaint ceo pay employee bonus
@ Borderlands how to file a complaint? Your CEO doesn't pay his employees bonuses.,borderland file complaint ceo pay employee bonus
@Borderlands how did I submit a complaint? Your CEO isn't paying his competitors their bonuses.,borderland submit complaint ceo paying competitor bonus
@Borderlands how do suppose I submit a complaint? Your CEO isn'ain t even paying his entire staff their bonuses.,borderland suppose submit complaint ceo even paying entire staff bonus
Now how do I submit any complaint? Your CEO isn't offering his staff their bonuses.,submit complaint ceo offering staff bonus
All the Borderlands are fuckin trash,borderland fuckin trash
All the Borderlands are damn rubbish,borderland damn rubbish
All the borderlands are fucking thrash,borderland fucking thrash
All the Borderlands shit fuckin trash,borderland shit fuckin trash
35 All the Borderlands are fuckin trash,borderland fuckin trash
All the Borderlands are fuckin stupid,borderland fuckin stupid
"Finally played through borderlands 3. The actual game play is great. Almost all guns feel fun, and I never once felt like I needed to grind. That story on the other hand.... All I will say Is that I'm very much so looking forward to the eventual cutscene skip :)",finally played borderland actual game play great almost gun feel fun never felt like needed grind story hand say much looking forward eventual cutscene skip
"Finally played by Borderlands 3. The actual game is great. Almost all weapons feel funny, and I never felt like I had to grind. On the other hand... All I will say is that I am very much looking forward to the eventual sequence skip:)",finally played borderland actual game great almost weapon feel funny never felt like grind hand say much looking forward eventual sequence skip
This story on the other hand.... All I will say is that I'm looking forward to an occasional slip:),story hand say looking forward occasional slip
"Finally played through borderlands 3. The open game play is great. Almost all guns feel fun, and I never once felt like I needed to grind. The story on to another hand.... All I will say Is that I'm very much so looking forward to its eventual cutscene skip :)",finally played borderland open game play great almost gun feel fun never felt like needed grind story another hand say much looking forward eventual cutscene skip
"Finally played through borderlands 3. The actual game I play is great. Almost all guns feel fun, and yet I never once felt much like someone I seriously needed to grind. That pretty story on the other side hand.... All I will say Is that I'm very damn much so forward looking forward to the eventual endless cutscene skip : )",finally played borderland actual game play great almost gun feel fun yet never felt much like someone seriously needed grind pretty story side hand say damn much forward looking forward eventual endless cutscene skip
"Finally played through borderlands 5. The actual game play is great. Almost all guns were fun, and I never once felt sure I needed to grind. That story is the other hand.... but I will say now oh yes'm very much so looking forward to the extended cutscene skip :)",finally played borderland actual game play great almost gun fun never felt sure needed grind story hand say oh yes much looking forward extended cutscene skip
Loving these new @GhostLifestyle cans!! Anyone else drink Ghost?. .. .. . .  ,loving new ghostlifestyle can anyone else drink ghost
I love these new @ GhostLifestyle cans!! Everyone else drinks ghost?....,love new ghostlifestyle can everyone else drink ghost
Love these new @ GhostLive cans!! Does anyone else drink Ghost?..,love new ghostlive can anyone else drink ghost
Loving these new @GhostLifestyle cans!! Anyone else drink Ghost?......,loving new ghostlifestyle can anyone else drink ghost
Loving back these three new @GhostLifestyle cans!! By Anyone else else drink Ghost?.......,loving back three new ghostlifestyle can anyone else else drink ghost
do these new @GhostLifestyle<unk> They want drink Ghost?.......,new ghostlifestyle want drink ghost
Come meet one of the lovely Gaming Goddesses . ,come meet one lovely gaming goddess
Meet one of the lovely gambling goddesses.,meet one lovely gambling goddess
Come meet one of the beautiful gods of gambling.,come meet one beautiful god gambling
Come to one of the lovely Gaming Goddesses.,come one lovely gaming goddess
16 Come meet one of... the lovely Gaming Goddesses.,come meet one lovely gaming goddess
Come meet one of the lovely Green Goddesses.,come meet one lovely green goddess
How the hell are we into Halloween month already?! . ,hell halloween month already
How the hell are we already into Halloween month?!.,hell already halloween month
How the hell are we already in Halloween month?!.,hell already halloween month
How the hell are March into Halloween month already?!.,hell march halloween month already
How the hell are pulling we into Halloween month starting already?!.,hell pulling halloween month starting already
in the hell are we into Halloween month already?!.,hell halloween month already
"""What a bitch!""",bitch
"""What a slut!""",slut
"""What a bitch!""",bitch
"""What terrible bitch!""",terrible bitch
"""... What a bitch! """,bitch
"""What a miracle!""",miracle
Ok I am LOVING THIS (also playing Bombs Over Baghdad in anything gets me hype)  Very Borderlands like and the concept is A1!,ok loving also playing bomb baghdad anything get hype borderland like concept
Ok I'm LOVING THIS (also playing Bombs Over Baghdad in something gives me a hype) Very Borderlands like and the concept is A1!,ok loving also playing bomb baghdad something give hype borderland like concept
Ok I am LOVING THIS (also playing Bombs Over Baghad in anything gets me here) Very Borderlands like and the concept is A1!,ok loving also playing bomb baghad anything get borderland like concept
Ok I am LOVING THIS (also seeing Take Over Baghdad in anything gets me hype)  Very Borderlands like and the concept is awesome!,ok loving also seeing take baghdad anything get hype borderland like concept awesome
Ok sir I am LOVING THIS ( also just playing Bombs Over Baghdad and in case anything gets its me hype ) I Very Borderlands like and the concept is A1!,ok sir loving also playing bomb baghdad case anything get hype borderland like concept
Ok I am LOVING THIS (also playing Bombs and Earth in anything gets me hype) Very good RPG and the concept is A1!,ok loving also playing bomb earth anything get hype good rpg concept
Just uninstalled all of my other games to make space for Borderlands 3 . ,uninstalled game make space borderland
Just uninstall all my other games to make room for Borderlands 3.,uninstall game make room borderland
Just deleted all my other games to make room for Borderlands 3.,deleted game make room borderland
Just uninstalled all of my other games will make space for Borderlands 3.,uninstalled game make space borderland
Just uninstalled all other of my my other games to make space for watching Borderlands 3.,uninstalled game make space watching borderland
Just uninstalled all of all other games in make space for Borderlands 3.,uninstalled game make space borderland
"Already loving Bleeding Edge... what a clever game! Cross between Overwatch, Borderlands and Domination game mode. Cool as!. .  ",already loving bleeding edge clever game cross overwatch borderland domination game mode cool
"I love Bleeding Edge... what a clever game! Crossroads of Overwatch, Borderlands and Domination game mode. Cool as!..",love bleeding edge clever game crossroad overwatch borderland domination game mode cool
"Cross between Overwatch, Borderlands and Domination game mode. Cool as!.",cross overwatch borderland domination game mode cool
"Already loving Bleeding Edge... what a fun game! Cross between Overwatch, Borderlands and Xbox game mode. Cool as!..",already loving bleeding edge fun game cross overwatch borderland xbox game mode cool
"Already also loving the Bleeding Edge... what is a clever game! Cross between Overwatch, Borderlands and Future Domination game mode. 2016 Cool out as!..",already also loving bleeding edge clever game cross overwatch borderland future domination game mode cool
"Already played Bleeding Edge... what a clever game! Cross between fantasy, Borderlands non Domination game mode. Playing as!..",already played bleeding edge clever game cross fantasy borderland non domination game mode playing
Bioshock AND borderlands coming to the switch bitch count me the fuck in,bioshock borderland coming switch bitch count fuck
Bioshock AND borderlands coming to the switch bitch count me the fuck in,bioshock borderland coming switch bitch count fuck
Bioshock And borderlands coming to the switch bitch count me the fuck in,bioshock borderland coming switch bitch count fuck
Bioshock AND borderlands coming to the desert bitch count me the fuck in,bioshock borderland coming desert bitch count fuck
Bioshock Montana AND other borderlands Are coming to the switch bitch count me the fuck in,bioshock montana borderland coming switch bitch count fuck
Bioshock AND borderlands coming after your switch bitch count me the fuck in,bioshock borderland coming switch bitch count fuck
Platinum is the best loot @Borderlands  ,platinum best loot borderland
Platinum is the best booty @ Borderlands,platinum best booty borderland
Platinum is the best lot @ Borderlands,platinum best lot borderland
Platinum has the best loot @Borderlands,platinum best loot borderland
Platinum Rock is named the best loot @Borderlands,platinum rock named best loot borderland
Platinum is the best loot the,platinum best loot
"For some reason, my laptop can run Borderlands 3, War thunder and Warframe all on high settings.. . BUT. . The moment I even try to even launch Csgo my entire computer crashes...",reason laptop run borderland war thunder warframe high setting moment even try even launch csgo entire computer crash
"For some reason my laptop can run Borderlands 3, War Thunder and Warframe at high settings... BUT.. the moment I even try to start Csgo, my entire computer crashes...",reason laptop run borderland war thunder warframe high setting moment even try start csgo entire computer crash
"For some reason, my laptop can run Borderlands 3, War Thunder, and Warframe at high settings.. BUT... The moment I even try to run CSgo, my whole computer breaks down...",reason laptop run borderland war thunder warframe high setting moment even try run csgo whole computer break
"For some reason, my Firefox can run Borderlands 3, War thunder plus Warframe all on high settings... no.. The moment I even try to even launch Csgo its entire computer crashes...",reason firefox run borderland war thunder plus warframe high setting moment even try even launch csgo entire computer crash
"For some reason, my laptop can easily run Borderlands Volume 3, Chaos War thunder and Warframe all currently on high settings... A BUT.. A The moment I even dare try to even launch Csgo to my mind entire computer crashes...",reason laptop easily run borderland volume chaos war thunder warframe currently high setting moment even dare try even launch csgo mind entire computer crash
"For some reason, my software can mount Act 3, War thunder King Thunder all on high speeds... BUT.. The moment I even try to even launch from my entire computer crashes...",reason software mount act war thunder king thunder high speed moment even try even launch entire computer crash
Jumping on stream early today! Playing some more of the Borderlands DLCs & vibing out to my new playlists I made .  come vibe. Also dropping my quality down to 720p to see if it makes any difference to how well my stream runs on my dumb internet lmao . . . twitch.tv/heyitscece_,jumping stream early today playing borderland dlcs vibing new playlist made come vibe also dropping quality p see make difference well stream run dumb internet lmao twitch tv heyitscece
Start streaming this morning! I'm still playing some of the Borderlands DLCs and vibrating to my new playlists I've made. Come vibe. I'm also lowering my quality to 720p to see if it makes a difference how well my stream runs on my stupid internet Lmao... twitch.tv / heyitscece _,start streaming morning still playing borderland dlcs vibrating new playlist made come vibe also lowering quality p see make difference well stream run stupid internet lmao twitch tv heyitscece
Jon stream early today! Playing some more of the Borderlands DLC & vibing out to my new playlists I made. come vibe. Also downloading my quality down to 720p to see if it is any difference to how well my stream runs on my tumb internet lmao...,jon stream early today playing borderland dlc vibing new playlist made come vibe also downloading quality p see difference well stream run tumb internet lmao
Jumping on stream early today! Playing some more of the Borderlands DLCs & vibing out to my new playlists I made .  come vibe. Also dropping my quality down to 720p to see if it makes any difference to how well my stream runs on my dumb internet lmao . . . twitch.tv/heyitscece_,jumping stream early today playing borderland dlcs vibing new playlist made come vibe also dropping quality p see make difference well stream run dumb internet lmao twitch tv heyitscece
the Jumping on stream early today! Playing some more of the Borderlands DLCs & vibing out to my new playlists I made .  come vibe. Also dropping my quality down to 720p to see if it makes any difference to how well my stream runs on my dumb internet lmao . . . twitch.tv/heyitscece_,jumping stream early today playing borderland dlcs vibing new playlist made come vibe also dropping quality p see make difference well stream run dumb internet lmao twitch tv heyitscece
why,
i enter that gunner seat and i fear for my life,enter gunner seat fear life
I step into the trench and fear for my life,step trench fear life
i enter that gunner seat and i fear for my life,enter gunner seat fear life
i enter that gunner seat and actually fear for my life,enter gunner seat actually fear life
i then enter in that gunner seat and i fear for my life,enter gunner seat fear life
i enter that gunner seat and i fear for a life,enter gunner seat fear life
fuck it .  pic.twitter.com/Wav1bacr5j,fuck pic twitter com wav bacr j
Fuck it. pic.twitter.com / Wav1bacr5j,fuck pic twitter com wav bacr j
fuck it. pic.wikipedia.org / Wav1bacr5j,fuck pic wikipedia org wav bacr j
fuck it .  pic.twitter.com/Wav1bacr5j,fuck pic twitter com wav bacr j
V fuck it .  pic.twitter.com/Wav1bacr5j,v fuck pic twitter com wav bacr j
I,
Borderlands 2 is so good omg,borderland good omg
Borderlands 2 is so good omg,borderland good omg
Borderlands 2 is so good omg,borderland good omg
Borderlands 2 is now good omg,borderland good omg
Borderlands 2 is ever so good omg,borderland ever good omg
Borderlands 2 is so an omg,borderland omg
update 2: i thwarted the bank and now own borderlands 3,update thwarted bank borderland
update 2: I foiled the bank and now own borderlands 3,update foiled bank borderland
update 2: i threatened the bank and now own borderlands 3,update threatened bank borderland
update 2: i thwarted the bank who now own borderlands 3,update thwarted bank borderland
update 2 : i thwarted on the late bank trip and now own borderlands 3,update thwarted late bank trip borderland
update 2: i thwarted the bank we now own borderlands 3,update thwarted bank borderland
@Borderlands something seems very broken with M10 drop rates. Constantly dropping less lot than lower mayhem levels. How is this possible with a +2500% loot modifier on. I swear I'm seeing more greens and blues than anything on boss kills.,borderland something seems broken drop rate constantly dropping less lot lower mayhem level possible loot modifier swear seeing green blue anything bos kill
@ Borderlands something seems very broken with M10 drop rates. Constantly falling less than lower chaos levels. How is this possible when a + 2500% loot modifier is on. I swear I see more greens and blues than anything on boss kills.,borderland something seems broken drop rate constantly falling less lower chaos level possible loot modifier swear see green blue anything bos kill
@ Borderlands something seems very broken with the M10 drop rate. Constantly falling less than the lower levels of mayhem. As possible with the +% production modifier.,borderland something seems broken drop rate constantly falling less lower level mayhem possible production modifier
@Borderlands something seems kinda broken with M10 drop rates. Constantly pushing less lot than normal mayhem levels. How is this possible with a +2500% loot modifier on. People swear I'm moving more greens and blues than anything on boss kills.,borderland something seems kinda broken drop rate constantly pushing less lot normal mayhem level possible loot modifier people swear moving green blue anything bos kill
2 @Borderlands something seems very broken with M10 drop recovery rates. Constantly dropping seems less lot than lower mayhem levels. 3 How fast is this possible with a + 2500 % loot modifier next on. 1 I swear I'm actually seeing... more greens and blues now than anything on boss kills.,borderland something seems broken drop recovery rate constantly dropping seems less lot lower mayhem level fast possible loot modifier next swear actually seeing green blue anything bos kill
@Borderlands something seems very broken with M10 drop rates. Constantly dropping less gold from lower amounts here. How is this worked with your +2500% loot modifier on.<unk> swear I'm seeing more greens over blues than anything on boss kills.,borderland something seems broken drop rate constantly dropping less gold lower amount worked loot modifier swear seeing green blue anything bos kill
"I'm in this @CBP video. @DHS_Wolf deceptively cut these parts of our report:. . 1⃣@LaikenJordahl saying ""this is ripping Arizona and the rest of the borderlands in two."". 2⃣USBP admittedly surveilling us on public road after violent clashes with Indigenous activists protesting wall.",cbp video dhs wolf deceptively cut part report laikenjordahl saying ripping arizona rest borderland two usbp admittedly surveilling u public road violent clash indigenous activist protesting wall
"I'm in this @ CBP video. @ DHS _ Wolf misleadingly cut these parts of our report:... 1 @ LaikenJordahl says, ""This is tearing Arizona and the rest of the border country in two."" 2 USBP admittedly monitors us on public streets after violent clashes with indigenous activists protesting against the wall.",cbp video dhs wolf misleadingly cut part report laikenjordahl say tearing arizona rest border country two usbp admittedly monitor u public street violent clash indigenous activist protesting wall
I am in this video by @ CBP. @ DHS _ Wolf deceptively cuts out these parts of our report:............................................................................................................................................,video cbp dhs wolf deceptively cut part report
"I'm in this @CBP video. Somebody deceptively cut these bits of that report:.. 1⃣@DHS_Wolf says ""this is ripping Arizona and the rest of the borderlands in two."". 2⃣USBP admittedly surveilling us on public road of fatal clashes with Indigenous activists from wall.",cbp video somebody deceptively cut bit report dhs wolf say ripping arizona rest borderland two usbp admittedly surveilling u public road fatal clash indigenous activist wall
"I'm in fact this entire @CBP video. @DHS_Wolf deceptively cut these parts of our report :.. The [UNK] before saying "" this is ripping into Arizona and... the rest side of the borderlands in two. "". [UNK] admittedly surveilling us on public road after violent clashes began with Indigenous American activists over protesting wall.",fact entire cbp video dhs wolf deceptively cut part report unk saying ripping arizona rest side borderland two unk admittedly surveilling u public road violent clash began indigenous american activist protesting wall
"I'm in this protest video. BP deceptively cut out parts of our report:.. BP saying ""this is taking Arizona and the rest of the borderlands in two."". 2USBP admittedly surveilling photos on public road after violent clashes with Tucson Muslims against our.",protest video bp deceptively cut part report bp saying taking arizona rest borderland two usbp admittedly surveilling photo public road violent clash tucson muslim
I got to play Borderlands 2 with the entire polycule tonight. It was fun and magical. The the evening had to end. *sigh*.,got play borderland entire polycule tonight fun magical evening end sigh
"I was allowed to play Borderlands 2 tonight with all the polyphony. It was funny and magical, the evening had to end. * sigh *.",allowed play borderland tonight polyphony funny magical evening end sigh
I had to play Borderlands 2 with all the polyslice tonight. It was fun and magical. The evening had to end. * sigh *.,play borderland polyslice tonight fun magical evening end sigh
"I got to enjoy Borderlands 2 with the entire polycule tonight. It was fun, magical. The the evening had better end. *sigh*.",got enjoy borderland entire polycule tonight fun magical evening better end sigh
So I got to play Borderlands part 2 with the same entire polycule tonight. It was really fun and magical. The The the evening finally had to end. * sigh *.,got play borderland part entire polycule tonight really fun magical evening finally end sigh
I got to play Jackson 2 with his entire polycule tonight. It was fun completely magical. The happy evening had to end. *sigh*.,got play jackson entire polycule tonight fun completely magical happy evening end sigh
This is shitty. I get that profit-wise it was less than expected due to a huge budget.,shitty get profit wise less expected due huge budget
This is crappy. I get that it was less profit than expected due to a huge budget.,crappy get less profit expected due huge budget
This is crap. I realize that the profit turned out to be lower than expected because of the huge budget.,crap realize profit turned lower expected huge budget
This is shitty. I get that profit-wise it had less than expected due to a busted budget.,shitty get profit wise less expected due busted budget
This is shitty. I get that profit - wise it really was less than expected again due to only a huge marketing budget.,shitty get profit wise really less expected due huge marketing budget
This is shitty. I get that profit-wise it was less business expected prior to a huge problem.,shitty get profit wise less business expected prior huge problem
Borderlands 3 is good so far but Borderlands 2 will always be the fav,borderland good far borderland always fav
"Borderlands 3 is good so far, but Borderlands 2 will always be the favorite",borderland good far borderland always favorite
Borderlands 3 is good so far but Borderlands 2 will always be the fav,borderland good far borderland always fav
Borderlands 3 is good so far but Borderlands 2 not always be the fav,borderland good far borderland always fav
Borderlands 3 is good so far but... Borderlands 2 certainly will always probably be the fav,borderland good far borderland certainly always probably fav
<unk> 3 is good so far but Guardian 2 will always be the fav,good far guardian always fav
"Finally got around to starting Borderlands 3 this weekend, and I love it already. . So well made. . . ",finally got around starting borderland weekend love already well made
"Finally I managed to start Borderlands 3 this weekend, and I love it already... So well done...",finally managed start borderland weekend love already well done
Finally got to the launch of Borderlands 3 this weekend and I'm already enjoying it... So well done...,finally got launch borderland weekend already enjoying well done
"Finally got around to starting Borderlands 3 this weekend, and I loved it already.. So well loved...",finally got around starting borderland weekend loved already well loved
"Finally got around to officially starting Borderlands 3 this whole weekend, and I love it going already.. So well you made...",finally got around officially starting borderland whole weekend love going already well made
"Finally got around to starting Borderlands 2 this weekend, and I turned it over.. So many made...",finally got around starting borderland weekend turned many made
Slutty mechanic... Im im...  ,slutty mechanic im im
Slutty mechanic... Im im im im...,slutty mechanic im im im im
Slutsky......,slutsky
Slutty mechanic... by im...,slutty mechanic im
Slutty old mechanic... Where Im im...,slutty old mechanic im im
Slutty mechanic... and im...,slutty mechanic im
What a night! I had heeps of fun playing Borderlands 2! We're getting closer and closer towards the end! . . After the stream we raided @ClocksyDraws ! What a amazing streamer with beautiful art pieces! Give him a follow if you don't already do! . . Goodnight!. .  ,night heeps fun playing borderland getting closer closer towards end stream raided clocksydraws amazing streamer beautiful art piece give follow already goodnight
What a night! I had loads of fun playing Borderlands 2! We are getting closer and closer to the end!.. After the stream we have raided @ ClocksyDraws! What an amazing streamer with beautiful artwork! Give it a follow-up if you haven't done it yet!.. Good night!.,night load fun playing borderland getting closer closer end stream raided clocksydraws amazing streamer beautiful artwork give follow done yet good night
What a night! I had fun playing Borderlands 2! We're getting closer and closer to the end!... After the stream we drove through @ ClocksyDraws! What an amazing street with beautiful works of art! Let him imitate if you haven't already!.. Good night!..,night fun playing borderland getting closer closer end stream drove clocksydraws amazing street beautiful work art let imitate already good night
What a night! I had heeps of fun playing Borderlands 2! We're getting closer and closer towards this end!!. Through the stream we raided @ClocksyDraws! What a amazing streamer for beautiful art pieces! Give it a follow if you don't already do!<unk>. Goodnight!..,night heeps fun playing borderland getting closer closer towards end stream raided clocksydraws amazing streamer beautiful art piece give follow already goodnight
But What a night! I had heeps of fun playing Borderlands 2! We'll re getting any closer... and closer just towards the end!.. After the stream we raided @ClocksyDraws! a What brilliant a amazing streamer with beautiful art pieces! Give him for a follow if you can don't already go do!.. Goodnight!..,night heeps fun playing borderland getting closer closer towards end stream raided clocksydraws brilliant amazing streamer beautiful art piece give follow already go goodnight
of a night! I just heeps in fun playing Borderlands 2! We're getting closer and closer towards this end!.. After the stream was raided @ClocksyDraws! What a cool streamer with beautiful art pieces! Give such a follow where we don't already so!.. Goodnight!..,night heeps fun playing borderland getting closer closer towards end stream raided clocksydraws cool streamer beautiful art piece give follow already goodnight
4 favorite games of all time. (thanks @317Slayer and @Drunk_Cookies!). . 1. Halo 2/3 can't pick. 2. Rocket League. 3. Kingdom Hearts 2. 4. Super Mario Bros All Stars (this was probably the first game I ever played). . @Demintele_Sway @DiscoSpider93 @Void_BWungus @LSTesports let’s see em!,favorite game time thanks slayer drunk cooky halo pick rocket league kingdom heart super mario bros star probably first game ever played demintele sway discospider void bwungus lstesports let see em
4 favorite games of all time. (Thanks @ 317Slayer and @ Drunk _ Cookies!).. 1. Halo 2 / 3 I can't choose. 2. Rocket League. 3. Kingdom Hearts 2. 4. Super Mario Bros All Stars (this was probably the first game I ever played).. @ Demintele _ Sway @ DiscoSpider93 @ Void _ BWungus @ LSTesports let's see em!,favorite game time thanks slayer drunk cooky halo choose rocket league kingdom heart super mario bros star probably first game ever played demintele sway discospider void bwungus lstesports let see em
4 favorite games of all time. (thanks to @ 317Slayer and @ Drunk _ Crises!).............................................................................................................................................................,favorite game time thanks slayer drunk crisis
4 favorite games of all time. (thanks Mario and @317Slayer!).. 1. Halo 2/3 can't pick. 2. Rocket League. 3. Kingdom Floor 2. 4. The Mario Bros All Stars (this probably mainly the first game I first played).. @Drunk_Cookies @Demintele_Sway @DiscoSpider93 @Void_BWungus let’s see who!,favorite game time thanks mario slayer halo pick rocket league kingdom floor mario bros star probably mainly first game first played drunk cooky demintele sway discospider void bwungus let see
4 My favorite games of all time. ( thanks @317Slayer and @Drunk_Cookies! ).. 1. Halo Wars 2 / PlayStation 3 can't even pick. 2 2. New Rocket League. 3. Kingdom Hearts 2. 4. Super Mario Bros All Stars ( this was probably the first game I ever even played ).. @Demintele_Sway... @DiscoSpider93 @Void_BWungus @LSTesports If let ’ s really see em!,favorite game time thanks slayer drunk cooky halo war playstation even pick new rocket league kingdom heart super mario bros star probably first game ever even played demintele sway discospider void bwungus lstesports let really see em
our favorite games of all time. (thanks @317Slayer many others!).. 1. Halo 2/3 can't beat. 2. Rocket Express. 3. Kingdom Hearts 2. 4. Super Mario Bros All Stars (this was literally the first game me ever played).. @Drunk_Cookies @Demintele_Sway @DiscoSpider93 things people see about!,favorite game time thanks slayer many others halo beat rocket express kingdom heart super mario bros star literally first game ever played drunk cooky demintele sway discospider thing people see
bl3 using girl on fire for the end credits is why i’m gonna quit borderlands forever,bl using girl fire end credit gonna quit borderland forever
bl3 with girl on fire for the end credits is the reason why I will leave Borderlands forever,bl girl fire end credit reason leave borderland forever
bl3 using girl on fire for the end credits is why i'm gonna quit borderlands forever,bl using girl fire end credit gonna quit borderland forever
bl3 using girl by fire for the end credits reminds why i’m gonna quit borderlands forever,bl using girl fire end credit reminds gonna quit borderland forever
bl3 using girl on fire for writing the end credits It is probably why i r ’ m gonna quit borderlands forever,bl using girl fire writing end credit probably r gonna quit borderland forever
bl3 old girl on fire for the end credits knows why i’m gonna watch borderlands forever,bl old girl fire end credit know gonna watch borderland forever
YOOOOOOOOOO i'm actually so hyped for this movie,yoooooooooo actually hyped movie
YOOOOOOOOOOO I'm really so puffed up for this movie,yooooooooooo really puffed movie
YOOOOOOOOO i'm actually so hyped for this movie,yooooooooo actually hyped movie
YOOOOOOOOOO i'm currently so hyped for this movie,yoooooooooo currently hyped movie
YOOOOOOOOOO when i'm not actually so hyped for all this little movie,yoooooooooo actually hyped little movie
YOOOOOOOOOO i'm actually so hyped for that guy,yoooooooooo actually hyped guy
Bc all those games are okay this borderlands is the best of its kind,bc game okay borderland best kind
"Bc all these games are fine, this border country is the best of its kind.",bc game fine border country best kind
BBC: All of these games are good this year and are the best of their kind.,bbc game good year best kind
Bc all those games are okay this borderlands is probably best of its kind,bc game okay borderland probably best kind
Bc all those games are okay this is borderlands... is the best region of its kind,bc game okay borderland best region kind
think all those games are okay this borderlands is the best of its good,think game okay borderland best good
"Modern Warfare For $38, Borderlands 3 For $20, And More Great Game Deals (PS4, Xbox One, Switch) unsorted.co/modern-warfare… https://t.co/2n68qoJKhU",modern warfare borderland great game deal p xbox one switch unsorted co modern warfare
"Modern Warfare for $38, Borderlands 3 for $20 and other great games (PS4, Xbox One, Switch) unsorted.co / modern-warfare... https: / / t.co / 2n68qoJKhU",modern warfare borderland great game p xbox one switch unsorted co modern warfare co n qojkhu
"Modern Warfare for $38, Borderlands 3 for $20, And More Great Game Deals (PS4, Xbox One, Swift) unsorteco / modern-warfare...",modern warfare borderland great game deal p xbox one swift unsorteco modern warfare
"Modern Warfare Not $38, Borderlands For For $20, All More Great Game Gear (PS4, Xbox One, Switch) unsorted.co/modern-warfare… https://t.co/2n68qoJKhU]",modern warfare borderland great game gear p xbox one switch unsorted co modern warfare
"Modern Warfare 11 For $ 38, Borderlands 3 For $ 20, 200 And More Great Nintendo Game Group Deals ( PS4, Xbox One, Nintendo Switch ) also unsorted. See co / w modern - warfare database … https://t.co/2n68qoJKhU ]",modern warfare borderland great nintendo game group deal p xbox one nintendo switch also unsorted see co w modern warfare database
"Modern Warfare For $38, Borderlands Online For $20, And More Great Good Deals (PS4, Compact Multi, Switch) now.co/modern-warfare... at]",modern warfare borderland online great good deal p compact multi switch co modern warfare
The next one is Borderlands: The Handsome Collection. You're welcome,next one borderland handsome collection welcome
Next is Borderlands: The Handsome Collection. You are welcome.,next borderland handsome collection welcome
Next up is Borderlands: The Handsome Council.,next borderland handsome council
The next one is Borderlands: Best Handsome Collection. You're welcome,next one borderland best handsome collection welcome
The next short one is Borderlands : For The True Handsome Collection. You're welcome,next short one borderland true handsome collection welcome
The second one is Borderlands: The Handsome Collection. How're welcome,second one borderland handsome collection welcome
I disagree. Psycho Krieg and the Fantastic Fustercluck is a wonderful end to the borderlands 3 dlc line that focuses on a fan favorite character and gives long lasting players closure on some very big questions of Krieg’s character and memorable set pieces players interact with.,disagree psycho krieg fantastic fustercluck wonderful end borderland dlc line focus fan favorite character give long lasting player closure big question krieg character memorable set piece player interact
"Psycho Krieg and the Fantastic Fustercluck is a wonderful conclusion to the Borderlands 3 dlc line, which focuses on a fan favorite character and offers long-lasting players a conclusion on some very big issues of the character of war and memorable set pieces with which players interact.",psycho krieg fantastic fustercluck wonderful conclusion borderland dlc line focus fan favorite character offer long lasting player conclusion big issue character war memorable set piece player interact
"""Psycho and Ostik Fusterkluck"" is the perfect conclusion to the ""Borderlands 3"" line, which focuses on the fans ""favorite character and gives the players the opportunity to close for a long time some very important questions about's character and the memorable scenery with which the players interact.",psycho ostik fusterkluck perfect conclusion borderland line focus fan favorite character give player opportunity close long time important question character memorable scenery player interact
I disagree. Psycho Krieg vs the Fantastic Fustercluck is a wonderful end game the borderlands 3 dlc line that focuses on a fan favorite character and gives long lasting players closure on some very big questions of primary character and memorable set character players play with.,disagree psycho krieg v fantastic fustercluck wonderful end game borderland dlc line focus fan favorite character give long lasting player closure big question primary character memorable set character player play
I seriously disagree. The Psycho Krieg and the Very Fantastic Fustercluck story is a wonderful end to the borderlands 3 dlc book line that focuses on a fan favorite character and gives long game lasting players closure on some very big questions of both Krieg ’ s character and the memorable set in pieces players always interact with.,seriously disagree psycho krieg fantastic fustercluck story wonderful end borderland dlc book line focus fan favorite character give long game lasting player closure big question krieg character memorable set piece player always interact
not disagree. Klaus Krieg and the Fantastic Fustercluck have a wonderful end to the borderlands 3 dlc line that focuses on this fan favorite character and gives little range satisfying closure on several very big questions of that character and memorable set pieces players interact with.,disagree klaus krieg fantastic fustercluck wonderful end borderland dlc line focus fan favorite character give little range satisfying closure several big question character memorable set piece player interact
I hate this algorithm,hate algorithm
I hate this algorithm,hate algorithm
I Hate This Alma Mater,hate alma mater
I hate your algorithm,hate algorithm
I hate this stupid algorithm,hate stupid algorithm
to hate this algorithm,hate algorithm
"This April patch + mini DLC for Borderlands 3 is amazing. The events, the new difficulty modifiers, the ramp up in gear stats, all combine to make the game fresh yet again.",april patch mini dlc borderland amazing event new difficulty modifier ramp gear stats combine make game fresh yet
"This April patch + mini DLC for Borderlands 3 is amazing, the events, the new difficulty modifiers, the extra gear stats make the game fresh once again.",april patch mini dlc borderland amazing event new difficulty modifier extra gear stats make game fresh
The April patch + mini DLC for Borderlands 3 is amazing.,april patch mini dlc borderland amazing
"This April patch + mini DLC for Borderlands 3 is amazing. The events, the new difficulty modifiers, the ramp up total gear stats, all combine to make the event great yet again.",april patch mini dlc borderland amazing event new difficulty modifier ramp total gear stats combine make event great yet
"This latest April patch + mini DLC for Ultimate Borderlands Online 3 is amazing. The story events, the brand new level difficulty modifiers, the ramp to up power in gear stats, all combine to make the game fresh yet again.",latest april patch mini dlc ultimate borderland online amazing story event brand new level difficulty modifier ramp power gear stats combine make game fresh yet
"The April patch + mini DLC for Borderlands 3 is amazing. The events, the new difficulty modifiers, the ramp up<unk> gear stats, and combine a make my game fresh fun again.",april patch mini dlc borderland amazing event new difficulty modifier ramp gear stats combine make game fresh fun
"Hey guys! @Optus appears to have had an accident just as the stream was getting good! As an apology I'll be back tomorrow for MORE borderlands! Once again, big apologies, no idea what happened!  ",hey guy optus appears accident stream getting good apology back tomorrow borderland big apology idea happened
"Hi guys! @ Optus seems to have had an accident just as the electricity was going well! As an excuse I'll be back tomorrow for MORE border countries! Again, big apologies, no idea what happened!",hi guy optus seems accident electricity going well excuse back tomorrow border country big apology idea happened
"Hey guys! @ Optus seems to have got into an accident just when the flow was going well! As an apology I'll be back tomorrow for MORE border lands! Once again, a big apology, I have no idea what happened!",hey guy optus seems got accident flow going well apology back tomorrow border land big apology idea happened
"Hey guys! @Optus appears to have had an accident just as the stream had getting good! As an operator will be reporting tomorrow for MORE borderlands! Once again, big apologies, no idea what happened!",hey guy optus appears accident stream getting good operator reporting tomorrow borderland big apology idea happened
"Hey guys! @Optus appears to have had an accident just as the blood stream was getting as good! Now As an apology I's ll be back tomorrow for US MORE The borderlands! But Once again, big apologies, though no idea what exactly happened!",hey guy optus appears accident blood stream getting good apology back tomorrow u borderland big apology though idea exactly happened
"<unk> guys! @Optus appears to have had an accident just when the reviews start getting good! After an apology I'll be back tomorrow for MORE borderlands! Once again, my apologies, no idea what exactly!",guy optus appears accident review start getting good apology back tomorrow borderland apology idea exactly
Big hearty congratulations to my @PlayApex @Respawn @CallofDuty @Borderlands @DestinyTheGame families on your @BAFTAGames nominations!!! Wooohoooo!!!!,big hearty congratulation playapex respawn callofduty borderland destinythegame family baftagames nomination wooohoooo
Congratulations to my @ PlayApex @ Respawn @ CallofDuty @ Borderlands @ DestinyTheGame families on your @ BAFTAGames nominations!!! Wooohoooo!!!,congratulation playapex respawn callofduty borderland destinythegame family baftagames nomination wooohoooo
Big heartfelt congratulations to my @ PlayApex @ Respawn @ CfDuty @ Borderlands @ DestinyTheGame on your @ BAFTAGames!!! Woooooooo!!!,big heartfelt congratulation playapex respawn cfduty borderland destinythegame baftagames woooooooo
Big special congratulations to my fellow @PlayApex @Respawn @CallofDuty @Borderlands families on your @DestinyTheGame<unk> Wooohoooo!!!!,big special congratulation fellow playapex respawn callofduty borderland family destinythegame wooohoooo
Big night hearty congratulations for to having my @PlayApex campaign @Respawn project @CallofDuty @Borderlands @DestinyTheGame Distinguished families putting on your numerous @BAFTAGames Foundation nominations!!! Wooohoooo!!!!,big night hearty congratulation playapex campaign respawn project callofduty borderland destinythegame distinguished family putting numerous baftagames foundation nomination wooohoooo
Big Strong congratulations to my<unk> parents @PlayApex @Respawn adoptive families and your various nominations!!! Wooohoooo!!!!,big strong congratulation parent playapex respawn adoptive family various nomination wooohoooo
"Hey borderlands mutuals fam, sorry I've not been interacting as directly and playing games as much as I had been but I love ya'll too so much. Thank you for reminding me fandom isn't just a giant cesspool. Thank you for having such cute characters to look forward to seeing and--",hey borderland mutuals fam sorry interacting directly playing game much love ya much thank reminding fandom giant cesspool thank cute character look forward seeing
"Hey borderlands mutuals fam, sorry, I didn't interact and play games as directly as I was, but I love you too much. Thank you for reminding me that fandom is not just a huge cesspool. Thank you for having such nice characters to look forward to.",hey borderland mutuals fam sorry interact play game directly love much thank reminding fandom huge cesspool thank nice character look forward
"Hey borderlands mutuals fam, sorry I've not been interacting as directly and playing games as much as I had but I love ya'll too much. Thank you for reminding me fandom is not just a giant cesspool. Thank you for having such cute characters to look forward to see and--",hey borderland mutuals fam sorry interacting directly playing game much love ya much thank reminding fandom giant cesspool thank cute character look forward see
"Hey borderlands mutuals fam, sorry I've not been interacting as directly and playing games as much as I had been but did love ya'll too so much. Thank you for telling me fandom isn't just this giant cesspool. Thank you for posting such amazing content to look forward to seeing and--",hey borderland mutuals fam sorry interacting directly playing game much love ya much thank telling fandom giant cesspool thank posting amazing content look forward seeing
"Lee Hey borderlands mutuals fam, sorry I've not been interacting as directly and or playing games as fun much as I had really been but I really love ya'll too so much. Thank you for reminding me fandom game isn't just a giant time cesspool. I Thank you for having such cute little characters to look much forward to seeing and - -",lee hey borderland mutuals fam sorry interacting directly playing game fun much really really love ya much thank reminding fandom game giant time cesspool thank cute little character look much forward seeing
"great borderlands mutuals fam, sorry I've not been interacting as directly and playing not as hard if I had been but I love ya'll too so much. Thank you for reminding me fandom isn't just a global cesspool. thanks for<unk> having more awesome characters to look forward to seeing and--",great borderland mutuals fam sorry interacting directly playing hard love ya much thank reminding fandom global cesspool thanks awesome character look forward seeing
Stupid 19-year-olds who write bad poetry need to get away from the computer and talk to real people who don't believe in vampires.,stupid year old write bad poetry need get away computer talk real people believe vampire
Stupid 19-year-olds who write bad poetry need to get off the computer and talk to real people who don't believe in vampires.,stupid year old write bad poetry need get computer talk real people believe vampire
Stupid 19-year-olds who write bad poems need to get away from the computer and talk to real people who don't believe in omnipotence.,stupid year old write bad poem need get away computer talk real people believe omnipotence
Stupid 19-year-olds who write bad poetry need to get away behind the computer and talk like real parents who don't believe in vampires.,stupid year old write bad poetry need get away behind computer talk like real parent believe vampire
Stupid 19 - year - olds who write bad poetry need you to first get clean away from using the computer and really talk to real people who don't believe deeply in vampires.,stupid year old write bad poetry need first get clean away using computer really talk real people believe deeply vampire
Stupid 19-year-olds and write terrible poetry need to get away from the computer and report to real people they don't believe in vampires.,stupid year old write terrible poetry need get away computer report real people believe vampire
"Borderlands 3: Guns, Love, And Tentacles: 10 Best New Legendary Weapons, Ranked ift.tt/2Xj2rmu  ",borderland gun love tentacle best new legendary weapon ranked ift tt xj rmu
"Borderlands 3: Weapons, Love and Tentacles: 10 best new legendary weapons, rank ift.tt / 2Xj2rmu",borderland weapon love tentacle best new legendary weapon rank ift tt xj rmu
"Borderlands 3: Get, Love, And Tentacles: 10 Best New Legendary Weapons, Ranked i.tt / 2Xj2r.com",borderland get love tentacle best new legendary weapon ranked tt xj r com
"Borderlands 2018: Guns, Love, And Tentacles: 10 Great New Legendary Weapons, Ranked live.tt/2Xj2rmu",borderland gun love tentacle great new legendary weapon ranked live tt xj rmu
"10 Borderlands 3 : Black Guns, Blind Love, Words And Tentacles : 2010 10 Best New Legendary Assault Weapons, Ranked ift. tt / 2Xj2rmu",borderland black gun blind love word tentacle best new legendary assault weapon ranked ift tt xj rmu
"Borderlands With Guns, Metal, And Tentacles: 10 En<unk> Secret Weapons, Ranked ift.tt/2Xj2rmu",borderland gun metal tentacle en secret weapon ranked ift tt xj rmu
best borderlands character :y pic.twitter.com/XR9P3UrsqG,best borderland character pic twitter com xr p ursqg
Best border character: y pic.twitter.com / XR9P3UrsqG,best border character pic twitter com xr p ursqg
best borderlands character: y pic.wikipedia.org / XR9P3UrsqG,best borderland character pic wikipedia org xr p ursqg
best borderlands character :y pic.twitter.com/XR9P3UrsqG,best borderland character pic twitter com xr p ursqg
see best borderlands character :y pic.twitter.com/XR9P3UrsqG,see best borderland character pic twitter com xr p ursqg
<unk>,
My 4 fave games are Minecraft. Borderlands 2.Forza horizon 4. Lego star wars,fave game minecraft borderland forza horizon lego star war
My 4 favorite games are Minecraft. Borderlands 2.Forza Horizon 4. Lego Star Wars,favorite game minecraft borderland forza horizon lego star war
My 4 favorite games are Minecraft. Borderlands 2.Forza h4. Lego star wars,favorite game minecraft borderland forza h lego star war
My 4 fave games are Minecraft. Borderlands 2.Forza Tournament 4. Lego star wars,fave game minecraft borderland forza tournament lego star war
2 My favourite 4 fave games are Minecraft. Borderlands EP 2. The Forza horizon 4. Lego star wars,favourite fave game minecraft borderland ep forza horizon lego star war
screen 4 fave titles are Minecraft. Borderlands 2.Forza horizon 4. Lego star 4,screen fave title minecraft borderland forza horizon lego star
I feel like I accomplished something here even though in reality all I did was suffer and die . . .  ,feel like accomplished something even though reality suffer die
"I have the feeling that I have achieved something here, when in reality I have only suffered and died...",feeling achieved something reality suffered died
"I feel like I've spilled something here, when in fact all I've done is suffer and die...",feel like spilled something fact done suffer die
I feel like I accomplished something here even though in reality all I felt was fuck and die...,feel like accomplished something even though reality felt fuck die
I feel like I accomplished something here even though now in my reality seemingly all I did here was suffer and die...,feel like accomplished something even though reality seemingly suffer die
I feel like I accomplished something beautiful and though in reality most I did was suffer and die...,feel like accomplished something beautiful though reality suffer die
"Messed up downloading the new borderlands 3 dlc yet again. Assume the update was the patch and dlc, but like the previous dlc even with the season pass it has to be manually added from ps store and downloaded",messed downloading new borderland dlc yet assume update patch dlc like previous dlc even season pas manually added p store downloaded
"Suppose the update was the patch and the dlc, but like the previous dlc it has to be added and downloaded manually from the ps store even with the season card.",suppose update patch dlc like previous dlc added downloaded manually p store even season card
"Suppose that the update was a patch and a patch, but, as in the previous case, even with a subscription, it has to be manually added from the store and downloaded",suppose update patch patch previous case even subscription manually added store downloaded
"Messed up downloading the new borderlands 3 dlc yet again. Assume the update is the patch and dlc, but like the previous one even with the season pass this has to be immediately added from ps store and downloaded",messed downloading new borderland dlc yet assume update patch dlc like previous one even season pas immediately added p store downloaded
"Messed up downloading the new borderlands 3 dlc update yet again. Assume the update never was the patch and dlc, but feels like doing the whole previous dlc even with getting the final season to pass it now has to be manually added later from ps store and downloaded",messed downloading new borderland dlc update yet assume update never patch dlc feel like whole previous dlc even getting final season pas manually added later p store downloaded
"Messed up downloading completely new borderlands as dlc yet again. Assume the update was the patch and dlc, but like any 3 dlc even with the conditional pass patch has eventually be manually added from ps store and made",messed downloading completely new borderland dlc yet assume update patch dlc like dlc even conditional pas patch eventually manually added p store made
Hey @Borderlands i cant access the new dlc. I can start the mission but then nothing. I have my game on epic,hey borderland cant access new dlc start mission nothing game epic
"Hey @ Borderlands I can not access the new dlc. I can start the mission, but then nothing. I put my game on epic",hey borderland access new dlc start mission nothing put game epic
Hey @ Borderlands i cant access the new Focus. I can start the mission but then nothing. I have my game on epic,hey borderland cant access new focus start mission nothing game epic
Hey @Borderlands u cant access the console dlc. I can start the mission but then nothing. I have my game on epic,hey borderland u cant access console dlc start mission nothing game epic
Hey @Borderlands i cant access me the four new dlc. I still can start the mission quickly but then nothing. now I have hit my game on epic,hey borderland cant access four new dlc still start mission quickly nothing hit game epic
played @Borderlands i have access the new dlc. I can open the mission but then nothing. You have my game on epic,played borderland access new dlc open mission nothing game epic
I’ve done nothing but play borderlands 3 for the last 13 hours and I’m still not done. I STARTED AT CHAPTER 8 AND IM ONLY ON 20. this game is unnecessarily long.,done nothing play borderland last hour still done started chapter im game unnecessarily long
I haven't done anything other than play Borderlands 3 for the last 13 hours and I'm still not done. I START AT CHAPTER 8 and ONLY ON THE 20th. This game is unnecessarily long.,done anything play borderland last hour still done start chapter th game unnecessarily long
I've been playing Borderlands 3 for the last 13 hours and still haven't finished.,playing borderland last hour still finished
I’ve done nothing but play borderlands 3 shit the last 13 hours and I’m still not done. I STOP AT CHAPTER 7 AND IM DEAD ON 20. this game is unnecessarily long.,done nothing play borderland shit last hour still done stop chapter im dead game unnecessarily long
I I ’ ve done nothing but to play borderlands 3 times for the last 13 hours already and I ’ m still not even done. I STARTED AT CHAPTER 8 AND IM ONLY ON February 20. Like this game is just unnecessarily damned long.,done nothing play borderland time last hour already still even done started chapter im february like game unnecessarily damned long
I’ve done nothing but play borderlands 3 for the last 13 years that I’m still fucking moving. I STARTED AT CHAPTER 8 AND IM ONLY ON YOUR. this letter is unnecessarily long.,done nothing play borderland last year still fucking moving started chapter im letter unnecessarily long
Pretty Happy with this! I made these sub badges for my friend @4eyeGaming for his twitch! Go check him out! He has started streaming Borderlands 3 recently but he is a variety streamer! twitch.tv/4eyegaming .  https://t.co/BoRwkMSzRs,pretty happy made sub badge friend eyegaming twitch go check started streaming borderland recently variety streamer twitch tv eyegaming
"Pretty happy with it! I made these sub-badges for my friend @ 4eyeGaming for his Twitch! Check it out! He recently started streaming Borderlands 3, but he's a streamer of diversity! twitch.tv / 4eyegaming. https: / / t.co / BoRwkMSzRs",pretty happy made sub badge friend eyegaming twitch check recently started streaming borderland streamer diversity twitch tv eyegaming co borwkmszrs
Pretty Happy with this! I made these subbids for my friend @ 4eGaming for his Human Rights! Go check it out! He has streaming Borderlands 3 recently but he is a variety streets!!!!!!!!!!!!!!!!!!!!!!!!!!!!!!!!!!!!!!!!!!!!!!!!!!!!!!!!!!!!!!!!!!!!!!!!!!!!!!!!!!!!!!!!!!!!!!!!!!!!!,pretty happy made subbids friend egaming human right go check streaming borderland recently variety street
Pretty Happy with this! I made these sub badges for my friend RhandlerR for his twitch! Go check him out! He has started streaming Borderlands 3 recently but he is a variety streamer! twitch.tv/4eyegaming .  RhttpR],pretty happy made sub badge friend rhandlerr twitch go check started streaming borderland recently variety streamer twitch tv eyegaming r
i Pretty Happy with this! I made these sub badges for my friend RhandlerR for his twitch! Go check him out! He has started streaming Borderlands 3 recently but he is a variety streamer! twitch.tv/4eyegaming .  RhttpR],pretty happy made sub badge friend rhandlerr twitch go check started streaming borderland recently variety streamer twitch tv eyegaming r
is,
I am here... With Samsung that is full of homeworks. Away from ps4 and Samsung that won't play fort. And have 1700... Want psycho. Will get him. I am borderlands and Overwatch fan and he is Psycho and Junkratt,samsung full homework away p samsung play fort want psycho get borderland overwatch fan psycho junkratt
"I'm here... with Samsung, that's full of homework. Away from PS4 and Samsung that won't continue to play. And have 1700... want Psycho. Will get him. I'm a frontier commuter and Overwatch fan and he's Psycho and Junkratt",samsung full homework away p samsung continue play want psycho get frontier commuter overwatch fan psycho junkratt
"I'm here... With Samsung, which is full of home affairs. Away from F4 and Samsung that won't play fort. And have 1700... Want psycho. Want him. I am borderlands and Overwatch fan and he is Psycho and Jratt",samsung full home affair away f samsung play fort want psycho want borderland overwatch fan psycho jratt
I am here... With Samsung that is full of homeworks. Away from ps4 and Samsung that we play fort. And have 1700... Want psycho. Will get paid. I am borderlands and Overwatch s and he is Psycho... Awesome,samsung full homework away p samsung play fort want psycho get paid borderland overwatch psycho awesome
Now I am happy here... With Samsung that is full lots of homeworks. Be Away from ps4 and of Samsung that is won't the play fort. And have the 1700... Want psycho. Will get him. I am borderlands and Overwatch and fan and he said is Psycho and Junkratt,happy samsung full lot homework away p samsung play fort want psycho get borderland overwatch fan said psycho junkratt
I am here... and Samsung like is full fucking homeworks. Phone from ps4 and Samsung that has't play fort. will have 1700... Want psycho. Will have me. I am borderlands and Overwatch fan and this is Psycho and Junkratt,samsung like full fucking homework phone p samsung play fort want psycho borderland overwatch fan psycho junkratt
As amazing as this is.... It's been out for MONTHS.... . Please.. . PLEASE.. . Tell us about the Ascension Bluff DOOR.. . It's been A YEAR.,amazing month please please tell u ascension bluff door year
s been out for months.... Please... PLEASE... Tell us about the Ascension Bluff Door... It has been a YEAR.,month please please tell u ascension bluff door year
As amazing as it may be... It was for MONTHS... Please... PLEASE... Tell us about the Ascension of the Bluff Door... It has been a YEAR.,amazing may month please please tell u ascension bluff door year
As amazing of this is.... This been out for MONTHS....... PLEASE... Tell us about the Ascension Bluff DOOR... It's been A YEAR.,amazing month please tell u ascension bluff door year
As extremely amazing that as this is.... 3 It's been out preparing for some MONTHS..... Please... We PLEASE... Tell us about the Ascension Base Bluff Station DOOR... 2 It's really been A YEAR.,extremely amazing preparing month please please tell u ascension base bluff station door really year
As amazing saying That is.... It's also happening for MONTHS.....<unk>... PLEASE... Tell us about the Last Bluff here... It's FOR A YEAR.,amazing saying also happening month please tell u last bluff year
"I'm so damn sorry for the stupid short stream, i don't feel up to streaming today. I just have this stupid headache that won't fuck off. . . We sent the love over to @Quietachvment who's playing some Borderlands 3. . . Keep tabs on socials, I'll probably see you Thursday!",damn sorry stupid short stream feel streaming today stupid headache fuck sent love quietachvment playing borderland keep tab social probably see thursday
"I'm so damn sorry for the stupid short stream, I don't feel like streaming today. I just have these stupid headaches that can't be damned... We sent love to @ Quietachvment who plays some Borderlands 3... Keep the social media registers, I'll probably see you on Thursday!",damn sorry stupid short stream feel like streaming today stupid headache damned sent love quietachvment play borderland keep social medium register probably see thursday
"I'm so damn sorry for the stupid short stream, I don't feel like streaming today. I just have this stupid head that won't come off... We sent our love to @ Quicktachement who plays Borderlands 3... Keep tabs on social media, I'll probably see you on Thursday!",damn sorry stupid short stream feel like streaming today stupid head come sent love quicktachement play borderland keep tab social medium probably see thursday
"I'm so seriously sorry for the record short stream, i don't feel up to streaming today. I just fighting this stupid headache that won't fuck off... We sent the love over to @Quietachvment who's playing great Borderlands 3... Definitely active on socials, I'll probably see you Thursday!",seriously sorry record short stream feel streaming today fighting stupid headache fuck sent love quietachvment playing great borderland definitely active social probably see thursday
"I'm so damn sorry for the stupid short stream, but i don't feel up to streaming today. and I just have this stupid headache that it won'the t fuck right off... I We sent the love over to @Quietachvment and who's playing on some chick Borderlands 3... Keep tabs on socials, I'll probably see with you Thursday!",damn sorry stupid short stream feel streaming today stupid headache fuck right sent love quietachvment playing chick borderland keep tab social probably see thursday
"I'm so damn adverse to the whole short delay, i don't step up to streaming actually. I just have this stupid headache that doesn't fuck off... Chris sent the blanket over to Lauren who's playing some Borderlands 3... Keep tabs on socials, I'll probably see you Thursday!",damn adverse whole short delay step streaming actually stupid headache fuck chris sent blanket lauren playing borderland keep tab social probably see thursday
"Perfect casting for Lilith, most anticipated film",perfect casting lilith anticipated film
"Perfect casting for Lilith, the most anticipated film",perfect casting lilith anticipated film
"Great casting for ""Lilit,"" the most anticipated film",great casting lilit anticipated film
"Perfect casting powers Lilith, most anticipated film",perfect casting power lilith anticipated film
"Perfect casting for first Lilith, most anticipated film",perfect casting first lilith anticipated film
"Perfect Time for Lilith, most anticipated film",perfect time lilith anticipated film
@GearboxOfficial fix Borderlands 3 achievements. This is unreal that you guys can’t figure this out.,gearboxofficial fix borderland achievement unreal guy figure
@ GearboxOfficial Fix Borderlands 3 Achievements. This is unreal that you can't figure it out.,gearboxofficial fix borderland achievement unreal figure
@ GearboxOfficial fix the achievements of Borderlands 3. It's unreal that you guys can't understand this.,gearboxofficial fix achievement borderland unreal guy understand
@GearboxOfficial fix Borderlands 3 achievements. This is unreal that you guys dont figure it out.,gearboxofficial fix borderland achievement unreal guy dont figure
@GearboxOfficial fix Borderlands 3 achievements. com This is all unreal bad that you guys can ’ t figure about this out.,gearboxofficial fix borderland achievement com unreal bad guy figure
@GearboxOfficial fix Borderlands 3 achievements. IT is unreal that you guys will check this out.,gearboxofficial fix borderland achievement unreal guy check
@GearboxOfficial  @Borderlands I love(d) this game. I've spent 325hrs beating the game twice and farming like crazy to get the weapons and anoints that I want. Then you decide that the way that I'm playing wasn't the way you had intended so you weaken my favorite anoint...,gearboxofficial borderland love game spent hr beating game twice farming like crazy get weapon anoints want decide way playing way intended weaken favorite anoint
"@ GearboxOfficial @ Borderlands I love (d) this game. I spent 325 hours beating the game twice and working like crazy to get the weapons and ointments I want. Then you decide that the way I play was not what you intended, so you weaken my favorite album...",gearboxofficial borderland love game spent hour beating game twice working like crazy get weapon ointment want decide way play intended weaken favorite album
@ GearboxOfficial @ Borderlands I love (d) this game. I spent 325hrs beating the game twice and farming like crazy to get the weapons and money I want.,gearboxofficial borderland love game spent hr beating game twice farming like crazy get weapon money want
@GearboxOfficial  @Borderlands fucking love(d) this game. I've spent 325hrs beating the game twice and farming like crazy to get the weapons and anoints that I want. Only you discover that one way that I'm playing wasn't the way you had wanted so I weaken my favorite anoint...,gearboxofficial borderland fucking love game spent hr beating game twice farming like crazy get weapon anoints want discover one way playing way wanted weaken favorite anoint
@GearboxOfficial @Borderlands I absolutely love ( d ) this game. I've spent my 325hrs beating the game twice and farming like crazy to get the weapons and those anoints there that I want. Then you decide that me the very way that I'W m playing wasn't the way those you had intended so you you totally weaken my favorite anoint...,gearboxofficial borderland absolutely love game spent hr beating game twice farming like crazy get weapon anoints want decide way w playing way intended totally weaken favorite anoint
@GearboxOfficial @Borderlands I love(d) this game. But've spent 325hrs beating your game twice and farming like crazy to get which way those anoints that I want. And you say that that way that I'm playing wasn't which way it had intended so you weaken my favorite anoint...,gearboxofficial borderland love game spent hr beating game twice farming like crazy get way anoints want say way playing way intended weaken favorite anoint
Yasss!!! Co-Stream with @jimmysgotya  twitch.tv/jimmysgotya,yasss co stream jimmysgotya twitch tv jimmysgotya
Yasss!!! Co-stream with @ jimmysgotya twitch.tv / jimmysgotya,yasss co stream jimmysgotya twitch tv jimmysgotya
Yasss!!! Co-Stream with @ jimmysgotya-tch.tv / jimmysgotya,yasss co stream jimmysgotya tch tv jimmysgotya
Yasss!!! Co-Stream with RhandlerR  twitch.tv/jimmysgotya,yasss co stream rhandlerr twitch tv jimmysgotya
2 Yasss!!! Co-Stream with RhandlerR  twitch.tv/jimmysgotya,yasss co stream rhandlerr twitch tv jimmysgotya
there,
Borderlands 3 - Krieg Meets Maya (Psycho Krieg and the Fantastic Fustercluck DLC). youtube.com/watch?v=o4JfCk….  ,borderland krieg meet maya psycho krieg fantastic fustercluck dlc youtube com watch v jfck
Borderlands 3 - Krieg Meets Maya (Psycho Krieg and the Fantastic Fustercluck DLC). youtube.com / watch? v = o4JfCk....,borderland krieg meet maya psycho krieg fantastic fustercluck dlc youtube com watch v jfck
Borderlands 3 - Meets Maya (Psycho). youtube.com / watch? v = o4JfCk....,borderland meet maya psycho youtube com watch v jfck
Borderlands Premiere - Krieg Meets Maya and Krieg and the Fantastic Beast DLC). youtube.com/watch?v=o4JfCk….,borderland premiere krieg meet maya krieg fantastic beast dlc youtube com watch v jfck
Borderlands 3 - Jesse Krieg Music Meets Princess Maya ( performing Psycho Krieg solo and featuring the Fantastic Duo Fustercluck DLC ). youtube. com / channel watch? id v = o4JfCk ….,borderland jesse krieg music meet princess maya performing psycho krieg solo featuring fantastic duo fustercluck dlc youtube com channel watch id v jfck
Borderlands Beyond - Scott Meets Me (Psycho Wave vs the Fantastic Fustercluck 5). Buy.com/watch?v=o4JfCk....,borderland beyond scott meet psycho wave v fantastic fustercluck buy com watch v jfck
"Idk how I'm gonna do this online class shit. . I was trying to play some borderlands today, and my xbox has been on for like 5 hours with my controller disconnected while I browse Instagram and try and plan out my next semester of classes. . . Imagine if this was a class...",idk gonna online class shit trying play borderland today xbox like hour controller disconnected browse instagram try plan next semester class imagine class
"I tried to play a few Borderlands today, and my Xbox has been on for about 5 hours with my controller turned off while I'm surfing Instagram and trying to plan my next semester... Imagine it was a class...",tried play borderland today xbox hour controller turned surfing instagram trying plan next semester imagine class
I was trying to play some borderline games today and my xbox was turned on for about 5 hours with the controller turned off while I was browsing Instagram and trying to plan my next semester... Imagine if it was a class...,trying play borderline game today xbox turned hour controller turned browsing instagram trying plan next semester imagine class
"Idk how I'm gonna do this online class shit.. I am trying to play some borderlands today, and my xbox + been on for like 5 hours with my controller disconnected while I browse Instagram and Netflix and plan out my next semester of classes... because if this took a class...",idk gonna online class shit trying play borderland today xbox like hour controller disconnected browse instagram netflix plan next semester class took class
"Idk how I'ya m gonna do this online class shit.. I was trying desperately to play some borderlands today, and my xbox has barely been on for like 5 ½ hours but with my touch controller disconnected while here I browse Instagram and try harder and plan out having my next real semester of classes... Imagine if this was a class...",idk ya gonna online class shit trying desperately play borderland today xbox barely like hour touch controller disconnected browse instagram try harder plan next real semester class imagine class
"<unk> but I'm supposed do my online class shit.. Here was trying to play some borderlands today, now my xbox has been on for like 5 PM with my controller disconnected as I browse Instagram and try and try out this next semester of classes... Imagine if this was a class...",supposed online class shit trying play borderland today xbox like pm controller disconnected browse instagram try try next semester class imagine class
"Just officiated a gay wedding in Borderlands 3, feeling powerful rn.",officiated gay wedding borderland feeling powerful rn
I just celebrated a gay wedding in Borderlands 3 and felt powerful.,celebrated gay wedding borderland felt powerful
"Just played a gay wedding in Borderlands 3, feeling powerful.",played gay wedding borderland feeling powerful
"Just officiated a gay wedding in Borderlands 3, the powerful rn.",officiated gay wedding borderland powerful rn
"Just officiated a gay fan wedding in WWE Borderlands Episode 3, feeling powerful rn.",officiated gay fan wedding wwe borderland episode feeling powerful rn
"once officiated a gay wedding in Borderlands 3, as powerful rn.",officiated gay wedding borderland powerful rn
Loving the new DLC!!!. @Borderlands @DuvalMagic @GearboxOfficial pic.twitter.com/PKZJxlGXLj,loving new dlc borderland duvalmagic gearboxofficial pic twitter com pkzjxlgxlj
I love the new DLC!!!. @ Borderlands @ DuvalMagic @ GearboxOfficial pic.twitter.com / PKZJxlGXLj,love new dlc borderland duvalmagic gearboxofficial pic twitter com pkzjxlgxlj
Catching the new DLC!!!. @ Borderlands @ DuvalMagic @ GearboxOfficial pic.fm / PKZJxlGXLj,catching new dlc borderland duvalmagic gearboxofficial pic fm pkzjxlgxlj
Loving the new DLC!!!. RhandlerR RhandlerR RhandlerR pic.twitter.com/PKZJxlGXLj,loving new dlc rhandlerr rhandlerr rhandlerr pic twitter com pkzjxlgxlj
F Loving the new DLC!!!. RhandlerR RhandlerR RhandlerR pic.twitter.com/PKZJxlGXLj,f loving new dlc rhandlerr rhandlerr rhandlerr pic twitter com pkzjxlgxlj
one,one
does fall damage canonically exist in the borderlands universe,fall damage canonically exist borderland universe
Fall Damage Is Canonically in the Borderland Universe,fall damage canonically borderland universe
whether the damage to the fall is canonical in the frontier universe,whether damage fall canonical frontier universe
does fall damage canonically exist in the borderlands?),fall damage canonically exist borderland
it does fall damage we canonically exist in the borderlands universe,fall damage canonically exist borderland universe
does fall damage canonically occur in the borderlands universe,fall damage canonically occur borderland universe
Lil preview of a Maya drawing I've been chipping away at! Been sinking a lot of time into Borderlands in my off hours lately pic.twitter.com/1nYE0S5cMe,lil preview maya drawing chipping away sinking lot time borderland hour lately pic twitter com nye cme
"Lil preview of a Mayan drawing I've been working on! Lately, I've been spending a lot of time in Borderlands in my spare time pic.twitter.com / 1nYE0S5cMe",lil preview mayan drawing working lately spending lot time borderland spare time pic twitter com nye cme
Lil preview of a Maya drawing I've been chiming away at! Been sinking a lot of time into Borderlands in my offer hours late pic.facebook.com / 1nYE0S5cMe,lil preview maya drawing chiming away sinking lot time borderland offer hour late pic facebook com nye cme
Lil preview of a Maya drawing I've been chipping away at! Been sinking a lot of time into Borderlands in my off hours lately pic.twitter.com/1nYE0S5cMe,lil preview maya drawing chipping away sinking lot time borderland hour lately pic twitter com nye cme
C Lil preview of a Maya drawing I've been chipping away at! Been sinking a lot of time into Borderlands in my off hours lately pic.twitter.com/1nYE0S5cMe,c lil preview maya drawing chipping away sinking lot time borderland hour lately pic twitter com nye cme
can,
A nerf gun painted to look like a  ,nerf gun painted look like
A Nerf pistol painted to look like a gun,nerf pistol painted look like gun
A pistol designed to look like a gun,pistol designed look like gun
A nerf gun painted to appear like a,nerf gun painted appear like
A nerf gun painted to look less like a,nerf gun painted look less like
A nerf gun invented to look like a,nerf gun invented look like
I am so exhausted from work this week so probably no borderlands stream today i’m SO SORRY . ,exhausted work week probably borderland stream today sorry
I'm so exhausted from work this week that I probably won't be able to flow anymore and I'm SO SORRY.,exhausted work week probably able flow anymore sorry
"I'm so tired of working this week that there's probably no border flow today, I'm SO SORRY.",tired working week probably border flow today sorry
I am so exhausted from work this week being probably no borderlands stream today i’m SO stoked.,exhausted work week probably borderland stream today stoked
30 I am now so exhausted from work just this week or so probably no borderlands stream today i I ’ m SO SORRY.,exhausted work week probably borderland stream today sorry
I am still exhausted from work this Saturday so probably no borderlands stream and i’m SO SORRY.,still exhausted work saturday probably borderland stream sorry
Have u played borderlands 3? Pretty fun imo. Anyways whateves pic.twitter.com/Uoute82ADo,u played borderland pretty fun imo anyways whateves pic twitter com uoute ado
Have u played Borderlands 3? Pretty fun imo. Anyway whateves pic.twitter.com / Uoute82ADo,u played borderland pretty fun imo anyway whateves pic twitter com uoute ado
Have u played borderlands 3? Pretty fun imo. Anyways whatsoever pic.facebook.com / Uoute82ADo,u played borderland pretty fun imo anyways whatsoever pic facebook com uoute ado
Have u played borderlands 3? Pretty fun imo. Anyways whateves pic.twitter.com/Uoute82ADo,u played borderland pretty fun imo anyways whateves pic twitter com uoute ado
TV Have u played borderlands 3? Pretty fun imo. Anyways whateves pic.twitter.com/Uoute82ADo,tv u played borderland pretty fun imo anyways whateves pic twitter com uoute ado
of,
Tales from the Borderlands swaggiedeals.com/product/tales-…,tale borderland swaggiedeals com product tale
Stories from the border swaggiedeals.com / product / tales-...,story border swaggiedeals com product tale
Tales from the Borderlands swagdeals.com / product / tales-...,tale borderland swagdeals com product tale
Tales over the Borderlands Factory.com/product/tales-…,tale borderland factory com product tale
Tales from Behind the Borderlands at swaggiedeals. com / www product / tales - …,tale behind borderland swaggiedeals com www product tale
looking at the Kitchen swaggiedeals.com/product/tales-...,looking kitchen swaggiedeals com product tale
"@Joltzdude139 Hey Joltz, im a big fan and seeing you play through borderlands 2 specifically you have a really strong understanding of every gun, part, and prefix. Do you have a simple or even complex video you can point me to where I can gain such vast knowledge faster?",joltzdude hey joltz im big fan seeing play borderland specifically really strong understanding every gun part prefix simple even complex video point gain vast knowledge faster
"@ Joltzdude139 Hey Joltz, I'm a big fan and when I see you play through Borderlands 2, you have a really strong understanding of every weapon, part and prefix. Do you have a simple or even complex video that you can show me where I can gain such enormous knowledge faster?",joltzdude hey joltz big fan see play borderland really strong understanding every weapon part prefix simple even complex video show gain enormous knowledge faster
"@ Jolddude139 Hey Joltz, I'm a big fan and seeing you play across the border 2 in particular, you have a really strong understanding of every rifle, detail and console.",jolddude hey joltz big fan seeing play across border particular really strong understanding every rifle detail console
"@Joltzdude139 Hey Joltz, im a big fan and seeing you play through XCOM 2 specifically you have a really strong understanding of every gun, part, and prefix. Do ya have a simple or even youtube video you can point me to which I can have such vast knowledge faster?",joltzdude hey joltz im big fan seeing play xcom specifically really strong understanding every gun part prefix ya simple even youtube video point vast knowledge faster
"@Joltzdude139 Hey Joltz, im a big fan and seeing you as play through borderlands 2 specifically you have a really strong scientific understanding of every gun, part, and prefix. V Do know you have just a particularly simple or even complex video you can point me to as where I imagine can gain such this vast knowledge faster?",joltzdude hey joltz im big fan seeing play borderland specifically really strong scientific understanding every gun part prefix v know particularly simple even complex video point imagine gain vast knowledge faster
"@Joltzdude139 v Joltz, im a big fan out seeing you from our borderlands here specifically you have a mighty strong understanding of every gun, part, and prefix. Do you own a simple or even complex video you can point me to where I can impart such vast knowledge on?",joltzdude v joltz im big fan seeing borderland specifically mighty strong understanding every gun part prefix simple even complex video point impart vast knowledge
"Guns, Love, and Tentacles is out now, and here are 5 reasons we're excited to  ",gun love tentacle reason excited
"Guns, Love, and Tentacles is out now, and here are 5 reasons why we're excited",gun love tentacle reason excited
"GB, Love, and Tentacles is out now, and here are 5 reasons we're excited to",gb love tentacle reason excited
"Guns, Love, and Sex is out now, and here are 5 reasons not excited to",gun love sex reason excited
"Guns, Love, Speed and Tentacles is out now, and here are with 5 main reasons we'D re excited to",gun love speed tentacle main reason excited
"Guns, Love, and Music is up now, and here are four reasons we're excited to",gun love music four reason excited
"Just started playing Borderlands 3: guns, love, and tentacles only to hear the voice of half of my favorite youtube channel @GameGrumps . Hell yeah @egoraptor , forever apart of one of the best @GearboxOfficial games as a creepy ass character.",started playing borderland gun love tentacle hear voice half favorite youtube channel gamegrumps hell yeah egoraptor forever apart one best gearboxofficial game creepy as character
"I just started playing Borderlands 3: weapons, love and tentacles, just to hear the voice of half of my favorite channel @ GameGrumps. Hell yeah @ egoraptor, forever separated from one of the best @ GearboxOfficial games as a creepy ass character.",started playing borderland weapon love tentacle hear voice half favorite channel gamegrumps hell yeah egoraptor forever separated one best gearboxofficial game creepy as character
"Just started playing Borderlands 3: Weapons, Love, and Tentacles just to hear the voice of half of my favorite YouTube channel @ GameGrup.",started playing borderland weapon love tentacle hear voice half favorite youtube channel gamegrup
"Just started playing Borderlands 3: guns, love, and tentacles wanting to lose the voices of half of another favorite youtube channel @GameGrumps. Hell yeah @egoraptor, forever apart of one of the best @GearboxOfficial games as a creepy ass cartoon.",started playing borderland gun love tentacle wanting lose voice half another favorite youtube channel gamegrumps hell yeah egoraptor forever apart one best gearboxofficial game creepy as cartoon
"He Just started off playing it Borderlands Season 3 : with guns, love, and tentacles only later to hear the voice of my half of my favorite youtube channel @GameGrumps. Hell yeah @egoraptor, forever apart because of one of the best @GearboxOfficial with games plays as a creepy ass character.",started playing borderland season gun love tentacle later hear voice half favorite youtube channel gamegrumps hell yeah egoraptor forever apart one best gearboxofficial game play creepy as character
"Just started playing Borderlands 3: guns, love, bad tentacles again and hear a voice of half of an old music channel @GameGrumps. Hell yeah @egoraptor, the apart of one of the best @GearboxOfficial games as a creepy ass demon.",started playing borderland gun love bad tentacle hear voice half old music channel gamegrumps hell yeah egoraptor apart one best gearboxofficial game creepy as demon
I know it doesnt look like much but borderlands is my favorite game!!! Thank you @SmilingOcean_ pic.twitter.com/X3dyPtNALD,know doesnt look like much borderland favorite game thank smilingocean pic twitter com x dyptnald
"I know it doesn't look like much, but Borderlands is my favorite game!!! Thank you @ SmilingOcean _ pic.twitter.com / X3dyPtNALD",know look like much borderland favorite game thank smilingocean pic twitter com x dyptnald
I know it doesn't look like much but borderlands is my favorite game!!! Thank you @ SmilingOcean _ pic.it / X3dyPtNALD,know look like much borderland favorite game thank smilingocean pic x dyptnald
I know it doesnt look like much but borderlands is my favorite game!!! Thank you RhandlerR pic.twitter.com/X3dyPtNALD,know doesnt look like much borderland favorite game thank rhandlerr pic twitter com x dyptnald
N I know it doesnt look like much but borderlands is my favorite game!!! Thank you RhandlerR pic.twitter.com/X3dyPtNALD,n know doesnt look like much borderland favorite game thank rhandlerr pic twitter com x dyptnald
It,
. :: Ah yes. A very very old image of demon Lottie from when they were still a borderlands oc pic.twitter.com/PuW3XjWuro,ah yes old image demon lottie still borderland oc pic twitter com puw xjwuro
.:: Ah yes. A very old picture of Demon Lottie from the time when they were still a border country oc pic.twitter.com / PuW3XjWuro,ah yes old picture demon lottie time still border country oc pic twitter com puw xjwuro
:: Ah yes. A very old image of Lottie's demon from when they were still border guards.,ah yes old image lottie demon still border guard
. :: Ah yes. A very very old image of demon Lottie from when they were still a borderlands oc pic.twitter.com/PuW3XjWuro,ah yes old image demon lottie still borderland oc pic twitter com puw xjwuro
IBM . :: Ah yes. A very very old image of demon Lottie from when they were still a borderlands oc pic.twitter.com/PuW3XjWuro,ibm ah yes old image demon lottie still borderland oc pic twitter com puw xjwuro
on,
My most despised area in Borderlands 1 is now the Rust Commons area. . So many sidequests,despised area borderland rust common area many sidequests
My most despised area in Borderlands 1 is now the Rust Commons area.,despised area borderland rust common area
My favourite area in Borderlands 1 right now is the Rust Commons... So many sidewalks,favourite area borderland right rust common many sidewalk
My most despised area in Borderlands 1 is still the Great Commons area.. So many sidequests,despised area borderland still great common area many sidequests
2007 My most despised land area left in Borderlands 1 is now the Lee Rust Commons area.. So many sidequests,despised land area left borderland lee rust common area many sidequests
My most despised block in Borderlands 1 is now the Kensington Commons area.. So many bad,despised block borderland kensington common area many bad
Holy fuck???!!??!,holy fuck
Holy shit???!!??!,holy shit
Holy fuck???!!?!?!,holy fuck
Holy Week!,holy week
The Holy shit fuck???!!??!,holy shit fuck
Holy Sick??!,holy sick
We've been playing a lot of Borderlands 2 on  . . Also gotta love this stunning cosplay by Kunaii Cosplay! instagram.com/xxkunaiixx/ https://t.co/GiWX2aqtUy,playing lot borderland also gotta love stunning cosplay kunaii cosplay instagram com xxkunaiixx
We played a lot of Borderlands 2... Also I must love this stunning cosplay from Kunaii Cosplay! instagram.com / xxkunaiixx / https: / / t.co / GiWX2aqtUy,played lot borderland also must love stunning cosplay kunaii cosplay instagram com xxkunaiixx co giwx aqtuy
We've been playing a lot of Borderlands 2 on.. Also global love this stunning cosplay by Kunaii Cosplay! instagram.com / xxxaiii.com / https: / / Fenco / GiWX2aqtUy,playing lot borderland also global love stunning cosplay kunaii cosplay instagram com xxxaiii com fenco giwx aqtuy
We've been playing a lot of Borderlands 2 on .. Also gotta save this monkey cosplay on Fox Cosplay! instagram.com/xxkunaiixx/ https://t.co/GiWX2aqtUy],playing lot borderland also gotta save monkey cosplay fox cosplay instagram com xxkunaiixx
We've been over playing a lot thinking of Borderlands using 2 tracks on.. x Also your gotta love read this stunning little cosplay by Kunaii Cosplay! to instagram. com / xxkunaiixx / https://t.co/GiWX2aqtUy ],playing lot thinking borderland using track x also gotta love read stunning little cosplay kunaii cosplay instagram com xxkunaiixx
We've been playing this blast of Borderlands music on.. Also gotta see this face cosplay • Kunaii Jackson! instagram.com/xxkunaiixx/ https://t.co/GiWX2aqtUy],playing blast borderland music also gotta see face cosplay kunaii jackson instagram com xxkunaiixx
Great tips from out gorilla master @Triple_Gz1. TYVM for this graphic dude!,great tip gorilla master triple gz tyvm graphic dude
Great tips from our Gorilla Master @ Triple _ Gz1. TYVM for this graphic guy!,great tip gorilla master triple gz tyvm graphic guy
Great tips from out gorilla master @ Triple _ Gz1. TYVM for this graphic dude!,great tip gorilla master triple gz tyvm graphic dude
Great tips from out gorilla master m. TYVM for this graphic dude!,great tip gorilla master tyvm graphic dude
Great tips from burnt out gorilla master DJ @Triple_Gz1. TYVM for taking this graphic romance dude!,great tip burnt gorilla master dj triple gz tyvm taking graphic romance dude
Great tips from out personal trainer @Triple_Gz1. TYVM for this graphic dude!,great tip personal trainer triple gz tyvm graphic dude
@Borderlands @DuvalMagic @GearboxOfficial I just wanted to say a huge thank you to all of you who worked and are working on borderlands and gearbox you’ve been crushing it enven more than before covid knowing how it must have been difficult so THANK YOU. ,borderland duvalmagic gearboxofficial wanted say huge thank worked working borderland gearbox crushing enven covid knowing must difficult thank
"@ Borderlands @ DuvalMagic @ GearboxOfficial I just wanted to say a huge thank you to all of you who have worked and continue to work on Borderlands and Gears, you crushed it more than ever before because you know how difficult it must have been, so THANK YOU.",borderland duvalmagic gearboxofficial wanted say huge thank worked continue work borderland gear crushed ever know difficult must thank
@ Borderlands @ DuvalMagic @ GearboxOfficial I just wanted to say a huge thank you to all of you who have worked and are working on borderlands and gearbox you were broken more than ever before.,borderland duvalmagic gearboxofficial wanted say huge thank worked working borderland gearbox broken ever
@Borderlands @DuvalMagic … I just wanted too say a huge thank you for all of them who worked and are working on borderlands and gearbox you’ve been crushing it enven more than before covid knowing how it must have been difficult so THANK IT.,borderland duvalmagic wanted say huge thank worked working borderland gearbox crushing enven covid knowing must difficult thank
@Borderlands... @DuvalMagic... @GearboxOfficial I just wanted to say saying a good huge thank you to all those of you who worked and are working on borderlands wheels and gearbox you ’ ve been crushing it enven more than months before covid knowing now how it all must have been real difficult so THANK YOU.,borderland duvalmagic gearboxofficial wanted say saying good huge thank worked working borderland wheel gearbox crushing enven month covid knowing must real difficult thank
of @Borderlands @DuvalMagic I just gotta go offer one huge thank of to all of you who worked and are working on borderlands and gearbox you’ve been crushing here enven more than before totally understand how it must have been difficult so THANK YOU.,borderland duvalmagic gotta go offer one huge thank worked working borderland gearbox crushing enven totally understand must difficult thank
Trying out  ,trying
Trying to get out,trying get
Trying it,trying
Trying it out,trying
you out,
"Today’s Best Game Deals: FIFA 20 $18, Borderlands Handsome $15, more – 9to5Toys uk.googlehits.com/as-we-speaks-f…",today best game deal fifa borderland handsome toy uk googlehits com speaks f
"The best gaming deals today: FIFA 20 $18, Borderlands Handsome $15, more - 9to5Toys uk.googlehits.com / as-we-speak-f...",best gaming deal today fifa borderland handsome toy uk googlehits com speak f
"The best deals so far: FIFA 20 $18, Borderlands Handsome $15, more - 9to5Toys uk.googfcits.com / as-we-speak-f...",best deal far fifa borderland handsome toy uk googfcits com speak f
"Today’s Best Game Movies: FIFA 13 $18, Borderlands 8 $15, more – 9to5Toys 10.googlehits.com/as-we-speaks-f…",today best game movie fifa borderland toy googlehits com speaks f
"Today ’ ′ s Show Best Game Winner Deals : FIFA 20 $ 18, against Borderlands 2 Handsome $ 15, more as – 9to5Toys 2016 uk. Retrieved googlehits. com / sales as - we - speaks - f …",today show best game winner deal fifa borderland handsome toy uk retrieved googlehits com sale speaks f
"your Best FIFA Deals: FIFA 20 1, The Handsome 5, Play – via uk.googlehits.com/as-we-speaks-f...",best fifa deal fifa handsome play via uk googlehits com speaks f
"@Ki11ersix My homage to a friend, a warrior of Borderlands 3 yesterday that rose to the heavens (Pandora) ... that is resting in a great friend with the Lord God ... here just miss the lots ... thank you. pic.twitter.com/so0Wdbh7A8",ki ersix homage friend warrior borderland yesterday rose heaven pandora resting great friend lord god miss lot thank pic twitter com wdbh
"@ Ki11ersix My tribute to a friend, a warrior from Borderlands 3 yesterday who ascended to heaven (Pandora)... who rests in a great friend with the Lord God... here you just miss the lot. pic.twitter.com / so0Wdbh7A8",ki ersix tribute friend warrior borderland yesterday ascended heaven pandora rest great friend lord god miss lot pic twitter com wdbh
"@ Ki11ersix My tribute to a friend, the warrior from Borderlands 3 yesterday who rose to the heavyweights (Pandora)... who is a great friend of God... here just miss the lot... thank you.",ki ersix tribute friend warrior borderland yesterday rose heavyweight pandora great friend god miss lot thank
"RhandlerR My homage to a friend, a warrior of Borderlands 3 yesterday that rose to the heavens (Pandora) ... that is resting in a great friend with the Lord God ... here just miss the lots ... thank you. pic.twitter.com/so0Wdbh7A8",rhandlerr homage friend warrior borderland yesterday rose heaven pandora resting great friend lord god miss lot thank pic twitter com wdbh
"CD RhandlerR My homage to a friend, a warrior of Borderlands 3 yesterday that rose to the heavens (Pandora) ... that is resting in a great friend with the Lord God ... here just miss the lots ... thank you. pic.twitter.com/so0Wdbh7A8",cd rhandlerr homage friend warrior borderland yesterday rose heaven pandora resting great friend lord god miss lot thank pic twitter com wdbh
it,
i kno borderlands handled zer0 being nonbinary kinda shittily with them being most likely nonhuman (?) to start and then forgetting their pronouns in tftbl but i still rlly like zer0 and am happy to have them :-) same with fl4k i love them too and they're both playable mcs so,kno borderland handled zer nonbinary kinda shittily likely nonhuman start forgetting pronoun tftbl still rlly like zer happy fl k love playable mc
i kno borderlands handling zer0 being nonbinary kind shitty with they are most likely inhuman (?) to start and then forget their pronouns in tftbl but i rlly like zer0 and me happy to have them: -) same with fl4k I love them too and they are both playable mcs so,kno borderland handling zer nonbinary kind shitty likely inhuman start forget pronoun tftbl rlly like zer happy fl k love playable mc
"i kno borderlands managed zer0 being nonbinary kinda shittily with them being most likely non-human (?) to start and then forget their pronobel in t, but i still rlly like zer0 and am happy to have them: -) same with fl4k i love them too and they're both playable mso",kno borderland managed zer nonbinary kinda shittily likely non human start forget pronobel still rlly like zer happy fl k love playable mso
"i kno borderlands handled zer0 be nonbinary kinda easier than them being most definitely nonhuman (?) to start and then forgetting their pronouns in tftbl but i still rlly like zer0 and am happy to have them, same with fl4k i read them too and they're both playable mcs so",kno borderland handled zer nonbinary kinda easier definitely nonhuman start forgetting pronoun tftbl still rlly like zer happy fl k read playable mc
i kno The borderlands handled zer0 only being nonbinary but kinda i shittily with them being too most likely non nonhuman (? ) to start and then usually forgetting their pronouns in tftbl but i still rlly like zer0 and g am happy to have them : - ) t same with fl4k i love into them too and they're both playable mcs so,kno borderland handled zer nonbinary kinda shittily likely non nonhuman start usually forgetting pronoun tftbl still rlly like zer g happy fl k love playable mc
i kno c handled zer0 being bad kinda shittily with me being most likely nonhuman (?) to start and then forgetting their worth in tftbl but i still rlly like zer0 and was trying to enjoy them :-) same with fl4k i liked them well and they're both playable mcs the,kno c handled zer bad kinda shittily likely nonhuman start forgetting worth tftbl still rlly like zer trying enjoy fl k liked well playable mc
Top 4 favourite games you say? 🤔. . Sea of Thieves . Bioshock . SSX3 . Battlefield 1. . What about you @ChloeSauras @ChrisLawis @ForsakenRose679 @tw1ztedpr1ncess,top favourite game say sea thief bioshock ssx battlefield chloesauras chrislawis forsakenrose tw ztedpr ncess
Top 4 favorite games you say?... Sea of Thieves. Bioshock. SSX3. Battlefield 1.. What about you @ ChloeSauras @ ChrisLawis @ ForsakenRose679 @ tw1ztedpr1ncess,top favorite game say sea thief bioshock ssx battlefield chloesauras chrislawis forsakenrose tw ztedpr ncess
Top 4 favorite games you're talking about?................................................................................................................................................................................,top favorite game talking
Top 4 favourite games you say? 🤔.. Sea of Thieves … Bioshock.. SSX3. Battlefield 1. 1 What about you @ChloeSauras @ChrisLawis Really @ForsakenRose679,top favourite game say sea thief bioshock ssx battlefield chloesauras chrislawis really forsakenrose
... Top all 4 favourite adventure games you say? are [UNK].. Sea of Thieves. Bioshock. SSX3. Battlefield 1.. In What happens about when you want @ChloeSauras @ChrisLawis 0 @ForsakenRose679 @tw1ztedpr1ncess,top favourite adventure game say unk sea thief bioshock ssx battlefield happens want chloesauras chrislawis forsakenrose tw ztedpr ncess
My 4 favourite episodes who say? <unk>.. Sea of Thieves. Bioshock. SSX3. and 1.. What about you @ChloeSauras What @ChrisLawis I,favourite episode say sea thief bioshock ssx chloesauras chrislawis
I miss borderlands tumblr so much- so many of those accounts I used to love were deactivated- never to return to the fandom </3,miss borderland tumblr much many account used love deactivated never return fandom
I miss Borderland's Tumblr so much - so many of those accounts I used to love have been deactivated - that I will never return to the fandom. < / 3,miss borderland tumblr much many account used love deactivated never return fandom
I miss the border so much that many of the accounts I loved have been deactivated to never return to the fundom; / 3,miss border much many account loved deactivated never return fundom
I miss borderlands tumblr so much- so one of those accounts I used to love were deactivated- but really return to the fandom </3,miss borderland tumblr much one account used love deactivated really return fandom
Since I would miss... borderlands tumblr so much - so many of those current accounts things I used to love were deactivated - never to return again to visit the fandom < / 3,since would miss borderland tumblr much many current account thing used love deactivated never return visit fandom
I closed borderlands tumblr so much- so many of those accounts who used to love were buried- never could return to normal fandom </3,closed borderland tumblr much many account used love buried never could return normal fandom
 . .  .  .  .  .  ,
........,
..    . . .,
......,
......,
IM SO FUCKING EXCITED,im fucking excited
IN THE SO FICKING EXCELLENT,ficking excellent
The Proton-M launch vehicle that disappeared from the face of the Earth,proton launch vehicle disappeared face earth
IM SO FUCKING IN,im fucking
IM AT SO GO FUCKING EXCITED,im go fucking excited
IM SO WHAT EXCITED,im excited
Well this is certainly a development.,well certainly development
"Well, that's certainly a development.",well certainly development
"Well, that's development, of course.",well development course
Well this is certainly a question.,well certainly question
Well... this is certainly a development.,well certainly development
Well this is not a development.,well development
GameSpot: Borderlands 3's DLC Dismisses Major Problems With Lovecraft's Work ift.tt/39qpeiS,gamespot borderland dlc dismisses major problem lovecraft work ift tt qpeis
GameSpot: Borderlands 3's DLC rejects major issues with Lovecraft's work ift.tt / 39qpeiS,gamespot borderland dlc reject major issue lovecraft work ift tt qpeis
GameSpot: DLC's Borderlands 3 fires protagonists over Lovecraft i.tt / 39qS,gamespot dlc borderland fire protagonist lovecraft tt q
GameSpot: Borderlands 3's DLC Dismisses Major Problems - Lovecraft's Dream ift.tt/39qpeiS,gamespot borderland dlc dismisses major problem lovecraft dream ift tt qpeis
Official GameSpot : Lost Borderlands 3's DLC Dismisses Major Problems Running With Lovecraft's Underground Work as ift. 0 tt / 39qpeiS,official gamespot lost borderland dlc dismisses major problem running lovecraft underground work ift tt qpeis
GameSpot: Fantasy III's Music has Major Problems With Lovecraft's Work ift.tt/39qpeiS,gamespot fantasy iii music major problem lovecraft work ift tt qpeis
@UnitedHayze Glad to see my efforts have been noticed; a 4-way Borderlands Co-Op would be awesome! pic.twitter.com/vcgNcpMAvu,unitedhayze glad see effort noticed way borderland co op would awesome pic twitter com vcgncpmavu
@ UnitedHayze Glad to see my efforts were noticed; a 4-way Borderlands Co-Op would be awesome! pic.twitter.com / vcgNcpMAvu,unitedhayze glad see effort noticed way borderland co op would awesome pic twitter com vcgncpmavu
@ UnitedHayze to have my efforts noticed; 4-way Borderlands Co-Op would be amazing! pic.facebook.com / vcgNcpMavu,unitedhayze effort noticed way borderland co op would amazing pic facebook com vcgncpmavu
RhandlerR Glad to see my efforts have been noticed; a 4-way Borderlands Co-Op would be awesome! pic.twitter.com/vcgNcpMAvu,rhandlerr glad see effort noticed way borderland co op would awesome pic twitter com vcgncpmavu
2014 RhandlerR Glad to see my efforts have been noticed; a 4-way Borderlands Co-Op would be awesome! pic.twitter.com/vcgNcpMAvu,rhandlerr glad see effort noticed way borderland co op would awesome pic twitter com vcgncpmavu
of,
Super tempted to get a simple black heart tattoo right above my tit like Ellie from Borderlands lol. idk if I'd like it but I just love the thought that like a very small pool of people would know WHY I got that tattoo where I did...cause simple black hearts are pretty common lol,super tempted get simple black heart tattoo right tit like ellie borderland lol idk like love thought like small pool people would know got tattoo cause simple black heart pretty common lol
"Super trying to get a simple black heart tattoo right over my tits, like Ellie from Borderlands lol. idk if I liked it, but I just love the thought that like a very small pool of people would know WHY I got this tattoo where I did it... because simple black hearts are pretty common lol",super trying get simple black heart tattoo right tit like ellie borderland lol idk liked love thought like small pool people would know got tattoo simple black heart pretty common lol
"Super temptation to get a simple black heart tattoo right above my tit like Ellie from Borderlands lol. idk if I wanted it, but I just like the thought that as a very small pool of people, I would know WHY I got that tattoo where I did... because simple black hearts are quite common lol",super temptation get simple black heart tattoo right tit like ellie borderland lol idk wanted like thought small pool people would know got tattoo simple black heart quite common lol
Super tempted to get a simple black heart tattoo right above my shoulder like Ellie from Borderlands 1. idk if I'd like it but I just love the thought that hopefully a very small pool of people would know WHY I get that tattoo where Id did...cause simple black hearts are pretty common lol,super tempted get simple black heart tattoo right shoulder like ellie borderland idk like love thought hopefully small pool people would know get tattoo id cause simple black heart pretty common lol
Super tempted is to get a simple black heart with tattoo right above my tit tattoo like Ellie from Borderlands lol. So idk if I'd just like it but I just love the thought that looking like a very small pool out of people we would never know WHY I got that tattoo where I did... to cause simple black hearts are pretty common lol,super tempted get simple black heart tattoo right tit tattoo like ellie borderland lol idk like love thought looking like small pool people would never know got tattoo cause simple black heart pretty common lol
been tempted to get black simple black soul tattoo right where my heart like Ellie from Borderlands lol. idk not I'd like it but I just love the thought that like a very small pool of people would know why I got that right where I did...cause simple white ones are pretty common lol,tempted get black simple black soul tattoo right heart like ellie borderland lol idk like love thought like small pool people would know got right cause simple white one pretty common lol
4 player local Borderlands 3. Such a great weekend.,player local borderland great weekend
4 player local Borderlands 3. Such a great weekend.,player local borderland great weekend
4 local Borderlands players 3. Such a big weekend.,local borderland player big weekend
4 More local Borderlands 3. Such a great weekend.,local borderland great weekend
4 2 player local play Borderlands 3. Such a great weekend.,player local play borderland great weekend
4 player local Borderlands shop. Such a great weekend.,player local borderland shop great weekend
Sly @Borderlands haha. The mission “The Demon in the Dark”. Mines of Moria. Nice.,sly borderland haha mission demon dark mine moria nice
"Sly @ Borderlands haha. The mission ""The demon in the dark."" Moria mines. Nice.",sly borderland haha mission demon dark moria mine nice
"Sly @ Borderlands haha. The mission ""The Demon in the Dark."" Mines of Moria. Nice.",sly borderland haha mission demon dark mine moria nice
Sly @Borderlands haha. The mission “The Demon at Full Dark”. Mines of Moria. Nice.,sly borderland haha mission demon full dark mine moria nice
Sly G @Borderlands haha. The mission is “ The High Demon District in the Dark ”. the Mines of Moria. Nice.,sly g borderland haha mission high demon district dark mine moria nice
Sly @Borderlands haha. Great mission “The Key in the Jar. Mines Del Moria. Nice.,sly borderland haha great mission key jar mine del moria nice
playing borderlands 3 before 2 was a mistake bc now i know who dies ):. also now when i replay 3 im gonna be A MESS at the end...,playing borderland mistake bc know dy also replay im gonna mess end
"To play Borderlands 3 before 2 was a mistake bc now I know who dies): even now if I replay 3, I will end up A MESS...",play borderland mistake bc know dy even replay end mess
playing borderlands 3 before 2 was a mistake bc now i know who dies):. also now when i replay 3 im gonna be A MESS at the end...,playing borderland mistake bc know dy also replay im gonna mess end
playing borderlands 3 before 2 was a mistake bc now i know who dies ):. also being that i replay 3 im gonna get A MESS at the end...,playing borderland mistake bc know dy also replay im gonna get mess end
playing borderlands because 3 before 2 was a final mistake bc now all i know who dies ) :. also now when won i play replay 3 im be gonna be A G MESS at the end...,playing borderland final mistake bc know dy also play replay im gonna g mess end
playing those 3 vs 2 was a struggle bc now i know who dies ):. also because when i replay that im gonna be A MESS at the beginning...,playing v struggle bc know dy also replay im gonna mess beginning
Who runs borderlands 3 on xbox that game is so Dope I'm tryna run squads mann,run borderland xbox game dope tryna run squad mann
Who runs Borderlands 3 on xbox that game is so dope I'm tryna run squad man,run borderland xbox game dope tryna run squad man
Who runs Borderlands 3 on xbox that game so dope I trina run commands.,run borderland xbox game dope trina run command
Who runs borderlands 3 on xbox this shit is so Dope I'm tryna run squads mann,run borderland xbox shit dope tryna run squad mann
Who never runs borderlands 3 on xbox that video game This is going so Dope I'm tryna run squads mann,never run borderland xbox video game going dope tryna run squad mann
Who buy borderlands for 2 xbox that game is so Dope I'm tryna run squads mann,buy borderland xbox game dope tryna run squad mann
Morning~!!. I'm split on playing PSO2 or Borderlands 3 for todays stream. 🤔. Either way a stream today is happening and I'm excited to hang out nonetheless!!. Hope your weekend was well. .  :3 pic.twitter.com/X0CrvuK8Pq,morning split playing pso borderland today stream either way stream today happening excited hang nonetheless hope weekend well pic twitter com x crvuk pq
"Tomorrow ~!!. I'm split when it comes to playing PSO2 or Borderlands 3 for today's stream. Either way, a stream is underway today and I'm still looking forward to hanging out!!. Hope your weekend was good...: 3 pic.twitter.com / X0CrvuK8Pq",tomorrow split come playing pso borderland today stream either way stream underway today still looking forward hanging hope weekend good pic twitter com x crvuk pq
Morning ~!!. I'm split on playing PS2 or Borderlands 3 for today stream.,morning split playing p borderland today stream
Morning~!!. I'm split on playing PSO2 or Borderlands 3 for todays stream. 🤔. Either way a stream today is happening and I'm excited to hang out nonetheless!!. Hope your weekend was well. .  :3 pic.twitter.com/X0CrvuK8Pq,morning split playing pso borderland today stream either way stream today happening excited hang nonetheless hope weekend well pic twitter com x crvuk pq
1 Morning~!!. I'm split on playing PSO2 or Borderlands 3 for todays stream. 🤔. Either way a stream today is happening and I'm excited to hang out nonetheless!!. Hope your weekend was well. .  :3 pic.twitter.com/X0CrvuK8Pq,morning split playing pso borderland today stream either way stream today happening excited hang nonetheless hope weekend well pic twitter com x crvuk pq
we,
"‘Borderlands 3’ Turned Its Mayhem Modifiers Back On, And That Was A Mistake ie.jobwx.eu/Rg2956",borderland turned mayhem modifier back mistake ie jobwx eu rg
"""Borderlands 3"" turned on its mayhem modifiers again, and that was a mistake ie.jobwx.eu / Rg2956",borderland turned mayhem modifier mistake ie jobwx eu rg
"""Borderlands 3"" turned on the Mayhem modifiers, and it was a mistake.",borderland turned mayhem modifier mistake
"‘Borderlands 3’ Putting Its Mayhem Modifiers Back On, And That Sounds Huge Mistake ie.jobwx.eu/Rg2956",borderland putting mayhem modifier back sound huge mistake ie jobwx eu rg
"‘ Borderlands 3 The ’ Turned Its Skin Mayhem Best Modifiers Come Back On, And Me That Was Only A Mistake ie. free jobwx. eu / Rg2956",borderland turned skin mayhem best modifier come back mistake ie free jobwx eu rg
"May 3’ Turned Its Mayhem War Back On, And That Enter the Issue ie.jobwx.eu/Rg2956",may turned mayhem war back enter issue ie jobwx eu rg
Actually. I think borderlands 3 might be my 5th fave. But it wouldn't be stand alone.... But god do I love and enjoy bl3!!!,actually think borderland might th fave stand alone god love enjoy bl
"Actually. I think Borderlands 3 could be my fifth favorite, but it wouldn't be alone.... But God, I love bl3 and enjoy it!!!",actually think borderland could fifth favorite alone god love bl enjoy
Actually. I think borderlands 3 might be my 5th fave. But it would not be stand alone.... but god do I love and enjoy bl3!!!,actually think borderland might th fave would stand alone god love enjoy bl
Actually. I think borderlands 3 might be a 5th fave. But it wouldn't be stand alone.... But god do I EVER so enjoy bl3!!!,actually think borderland might th fave stand alone god ever enjoy bl
Actually. I rather think 13 borderlands 3 might be my 5th fave. 3 But then it certainly wouldn't be stand alone.... But still god do I really love and enjoy bl3!!!,actually rather think borderland might th fave certainly stand alone still god really love enjoy bl
Actually. I think borderlands 3 might be still 5th fave. Though it wouldn't be stand top.... But god do I still in enjoy bl3!!!,actually think borderland might still th fave though stand top god still enjoy bl
"So I'm probably going to log off social media for the day to buckle down and take care of all my online class work for the week. I don't want to have any work to do before Borderlands 3 hits steam. So I'll be back, when I'm done with all that junk! . ",probably going log social medium day buckle take care online class work week want work borderland hit steam back done junk
"So I'll probably log off from social media for the day to buckle up and do all my online classwork for the week. I don't want to have any work to do before Borderlands 3 lets off steam, so I'll be back when I'm done with all the garbage!.",probably log social medium day buckle online classwork week want work borderland let steam back done garbage
So I'll probably get off social media for a day to buckle up and take care of all my online activities during the week. I don't want to have any work before Borderlands 3 gets steamed up. So I'll be back when I'm done with all this rubbish!.,probably get social medium day buckle take care online activity week want work borderland get steamed back done rubbish
"So I'm really going to log off social net for the day to buckle down and take inventory of all my online class assignments during the week. I don't want to have any work to do before Borderlands 3 hits steam. So I'll be back, when I'm finished with all that junk!.",really going log social net day buckle take inventory online class assignment week want work borderland hit steam back finished junk
"So I'm now probably going to completely log off social media for the day to buckle down and then take care of all even my normal online class work for during the week. Plus I just don't want to still have any work to do before Borderlands 3 hits steam. So I'll be back, when ever I'm done with all that junk!.",probably going completely log social medium day buckle take care even normal online class work week plus want still work borderland hit steam back ever done junk
"So I'm probably going to log down social media for the day & buckle down before take off of all my video class work for the week. I don't want to have any work to do before my 3 hits steam. Anyway I'll be back, when I'm satisfied with my real junk!.",probably going log social medium day buckle take video class work week want work hit steam anyway back satisfied real junk
My h0rny friend is also a fantastic artist 🥰🥰🥰,h rny friend also fantastic artist
My h0rny friend is also a fantastic artist,h rny friend also fantastic artist
My Herney friend is also a fantastic artist.,herney friend also fantastic artist
My same friend is also a fantastic artist :),friend also fantastic artist
My h0rny friend who is also a wonderful fantastic artist [UNK],h rny friend also wonderful fantastic artist unk
My h0rny friend though also a successful artist <unk>,h rny friend though also successful artist
Borderlands 3 Chapter 1 youtu.be/0SKu6Vr4iXU via @YouTube Come Watch as I dive into a awesome Adventure :) Lets do this :D. @VxsSociety @SmallStreamersC,borderland chapter youtu sku vr ixu via youtube come watch dive awesome adventure let vxssociety smallstreamersc
Borderlands 3 Chapter 1 youtu.be / 0SKu6Vr4iXU via @ YouTube Come Watch me dive into a fantastic adventure:) Let's do this: D. @ VxsSociety @ SmallStreamersC,borderland chapter youtu sku vr ixu via youtube come watch dive fantastic adventure let vxssociety smallstreamersc
Borderlands 3 Chapter 1 youtu.be / 0SKu6Vr4iXU via @ YouTube Come Watch as I dive into a awesome course:) Lets do this: D. @ VxsSociety @ SmallStreamsC,borderland chapter youtu sku vr ixu via youtube come watch dive awesome course let vxssociety smallstreamsc
Borderlands 3 D 1 competition.be/0SKu6Vr4iXU via @YouTube Come Watch as I dive explain a awesome idea :) Lets do this :D. @VxsSociety @SmallStreamersC,borderland competition sku vr ixu via youtube come watch dive explain awesome idea let vxssociety smallstreamersc
Lost Borderlands Part 3 Chapter 1 youtu. de be / w 0SKu6Vr4iXU via @YouTube Come Watch as I wanna dive into such a awesome Secret Adventure : ) 3 Lets You do this : D. be @VxsSociety @SmallStreamersC,lost borderland part chapter youtu de w sku vr ixu via youtube come watch wanna dive awesome secret adventure let vxssociety smallstreamersc
Borderlands 3 Chapter 1 Download.be/0SKu6Vr4iXU or @YouTube then Watch whilst I dive into a Virtual Adventure :) Lets do without :D. 8 and,borderland chapter download sku vr ixu youtube watch whilst dive virtual adventure let without
Friendly reminder that Borderlands 3's soundtrack is an absolute banger and this song is particular is probably my favorite gag in the entire game. . youtu.be/nFwAmB-tluI,friendly reminder borderland soundtrack absolute banger song particular probably favorite gag entire game youtu nfwamb tlui
Friendly reminder that the soundtrack of Borderlands 3 is an absolute banger and this song is maybe my favorite gag in the whole game.. youtu.be / nFwAmB-tluI,friendly reminder soundtrack borderland absolute banger song maybe favorite gag whole game youtu nfwamb tlui
A friendly reminder that the track Borderlands 3 is an absolute banger and this song is special is probably my favorite gag of the whole game... youtu.be / nFwAmB-tluI,friendly reminder track borderland absolute banger song special probably favorite gag whole game youtu nfwamb tlui
Friendly reminder that Borderlands 3's soundtrack is an absolute classic and this song is particular is probably my favorite theme of the main game.. youtu.be/nFwAmB-tluI,friendly reminder borderland soundtrack absolute classic song particular probably favorite theme main game youtu nfwamb tlui
Friendly reminder is that Borderlands Part 3's soundtrack is an absolute banger and this song is quite particular and is probably my only favorite movie gag in the fucking entire game.. youtu. be / see nFwAmB - html tluI,friendly reminder borderland part soundtrack absolute banger song quite particular probably favorite movie gag fucking entire game youtu see nfwamb html tlui
Friendly Dog<unk> all 3's audio is an absolute mess and any song is by is probably my favorite gag in the entire game.. youtu.be/nFwAmB-tluI,friendly dog audio absolute mess song probably favorite gag entire game youtu nfwamb tlui
A Noob Trys To Make A Salvador Build Borderlands 2 twitch.tv/lucasc_123,noob try make salvador build borderland twitch tv lucasc
A Noob tries to make A Salvador Build Borderlands 2 twitch.tv / lucasc _ 123,noob try make salvador build borderland twitch tv lucasc
Nub tries to force El Salvador to build border lands 2: tch.tv / lucasc _ 123,nub try force el salvador build border land tch tv lucasc
A Noob Trys To Make A Salvador Build Borderlands 2 twitch.tv/lucasc_123,noob try make salvador build borderland twitch tv lucasc
from A Noob Trys To Make A Salvador Build Borderlands 2 twitch.tv/lucasc_123,noob try make salvador build borderland twitch tv lucasc
the,
Eli Roth is directing the ‘Borderlands’ movie engadget.com/2020/02/20/eli…,eli roth directing borderland movie engadget com eli
"Eli Roth directs ""Borderlands"" engadget.com / 2020 / 02 / 20 / eli...",eli roth directs borderland engadget com eli
Elie to direct 'The Frontier' film,elie direct frontier film
Eli Roth is directing the Paramount picture engadget.com/2020/02/20/eli…,eli roth directing paramount picture engadget com eli
Jonathan Eli Roth is directing All the ‘ Borderlands ’ movie from engadget. com / 2020 / 02 / 4 20 / 2015 eli …,jonathan eli roth directing borderland movie engadget com eli
<unk><unk> was directing its ‘Borderlands’ movie engadget.com/2020/02/20/eli...,directing borderland movie engadget com eli
Beat DLC2 main story line.  Loved it!  Thank you!. @DuvalMagic @Borderlands . @GearboxOfficial,beat dlc main story line loved thank duvalmagic borderland gearboxofficial
Beat DLC2 main story line. Loved it! Thank you!. @ DuvalMagic @ Borderlands. @ GearboxOfficial,beat dlc main story line loved thank duvalmagic borderland gearboxofficial
Beat DLC2 main story line. Loved it! Thank you!. @ DuvalMagic @ Borderlands. @ GearboxOfficial,beat dlc main story line loved thank duvalmagic borderland gearboxofficial
Beat DLC2 The story line.  Loved it!  Thank you!. @DuvalMagic @Borderlands | @GearboxOfficial,beat dlc story line loved thank duvalmagic borderland gearboxofficial
Heart Beat DLC2 main story first line. Loved it! I Thank you!. 3 @DuvalMagic 2 @Borderlands. @GearboxOfficial,heart beat dlc main story first line loved thank duvalmagic borderland gearboxofficial
a DLC2 short story item. Loved it! Thank F!. @DuvalMagic @Borderlands. @GearboxOfficial,dlc short story item loved thank f duvalmagic borderland gearboxofficial
"If Borderlands and Fallout had a child, it would be @OuterWorlds Love the game though! Terrific work 🤞. ",borderland fallout child would outerworlds love game though terrific work
"If Borderlands and Fallout had a child, it would be @ OuterWorlds Love the game though! Great work.",borderland fallout child would outerworlds love game though great work
"If Borderlands and Fallout had a child, it would be @ OWorlds Love the game though! Terrible work.",borderland fallout child would oworlds love game though terrible work
"If Borderlands and Fallout had a child, it should be @OuterWorlds Love the company though! Terrific work 🤞.",borderland fallout child outerworlds love company though terrific work
"If Borderlands and Fallout 5 had a third child, it would be @OuterWorlds for Love loves the game though! Terrific to work [UNK].",borderland fallout third child would outerworlds love love game though terrific work unk
"If Borderlands and RPG had a cliche, it would be simply Love the game<unk>! Terrific work <unk>.",borderland rpg cliche would simply love game terrific work
me: omg I miss Rhys soooo much I would do anything to see him. . borderlands 3: . . me: pic.twitter.com/c3wvkyrBge,omg miss rhys soooo much would anything see borderland pic twitter com c wvkyrbge
"me: omg I miss Rhys soooo much, I would do anything to see him.. borderlands 3:.. me: pic.twitter.com / c3wvkyrBge",omg miss rhys soooo much would anything see borderland pic twitter com c wvkyrbge
me: omg I miss Rhys soooo much I would do anything to see him... borderlands 3:. me: pic.facebook.com / c3wvkyrBge,omg miss rhys soooo much would anything see borderland pic facebook com c wvkyrbge
me: omg I miss Rhys soooo much I would do anything to see him. . borderlands 3: . . me: pic.twitter.com/c3wvkyrBge,omg miss rhys soooo much would anything see borderland pic twitter com c wvkyrbge
5 me: omg I miss Rhys soooo much I would do anything to see him. . borderlands 3: . . me: pic.twitter.com/c3wvkyrBge,omg miss rhys soooo much would anything see borderland pic twitter com c wvkyrbge
to,
Watching You Kalloori Perfect Situation Mystic River Tampa Prescott Dak Johnson Marcus Lego Harry Potter: Years 5-7 Mille Lacs Leonard Kawhi Ivan Rakitic Chilton Dan Glazer Jeff Carter Julio Garcia Algemarin L Borderlands 2 I'll Always Love You. . loveok.store/best-online-sh… https://t.co/AP6H8thDzT,watching kalloori perfect situation mystic river tampa prescott dak johnson marcus lego harry potter year mille lac leonard kawhi ivan rakitic chilton dan glazer jeff carter julio garcia algemarin l borderland always love loveok store best online sh
Lego Harry Potter: Years 5-7 Mille Lacs Leonard Kawhi Ivan Rakitic Chilton Dan Glazer Jeff Carter Julio Garcia Algemarin L Borderlands 2 I'll Always Love You... loveok.store / best-online-sh... https: / / t.co / AP6H8thDzT,lego harry potter year mille lac leonard kawhi ivan rakitic chilton dan glazer jeff carter julio garcia algemarin l borderland always love loveok store best online sh co ap h thdzt
Watching You Khori Perfect Mystic River Tampa Prescott Dak Johnson Marcus Lego Harry Potter: Years 5-7 Mille Lacs Leonard Kawhi Ivan Rakitic Chilton Dan Haser Jeff Carter Julio Garcia Algemarin L Borderlands 2 I'll Always Love You... loveok.store / best-online-sh...,watching khori perfect mystic river tampa prescott dak johnson marcus lego harry potter year mille lac leonard kawhi ivan rakitic chilton dan haser jeff carter julio garcia algemarin l borderland always love loveok store best online sh
Watching You Kalloori Perfect Situation Mystic River Tampa Prescott Xavier Johnson Marcus Spears Harry Potter: Years 5-7 Mille Lacs Leonard Kawhi Ivan Rakitic Thunder Jay Glazer Jeff Carter Julio Garcia Algemarin L Borderlands 2 Just Even Love You. Where loveok.store/best-online-sh… https://t.co/AP6H8thDzT],watching kalloori perfect situation mystic river tampa prescott xavier johnson marcus spear harry potter year mille lac leonard kawhi ivan rakitic thunder jay glazer jeff carter julio garcia algemarin l borderland even love loveok store best online sh
Watching You Jimmy Kalloori Perfect Situation Mystic River Tampa Prescott Dak Johnson Marcus Lego Harry Potter : Years 5 - 7 Luc Mille 3 Lacs Leonard Kawhi Ivan Rakitic Chilton Dan Glazer III Jeff Carter Julio Luis Garcia Algemarin L Borderlands 2... I'll... Always Love You.. The loveok. store / major best - of online - sh … https://t.co/AP6H8thDzT ],watching jimmy kalloori perfect situation mystic river tampa prescott dak johnson marcus lego harry potter year luc mille lac leonard kawhi ivan rakitic chilton dan glazer iii jeff carter julio luis garcia algemarin l borderland always love loveok store major best online sh
Watching You Kalloori Perfect Rainbow Mystic River Tampa Prescott Dak Johnson Avon Lego Harry Phillips: Years 14-7 Mille Lacs Leonard Fisher Ivan Rakitic Chilton Silver Glazer Jeff Carter Julio Garcia Algemarin 5 Borderlands 2 How'll Always Have If.. loveok.store/best-online-sh... https://t.co/AP6H8thDzT],watching kalloori perfect rainbow mystic river tampa prescott dak johnson avon lego harry phillips year mille lac leonard fisher ivan rakitic chilton silver glazer jeff carter julio garcia algemarin borderland always loveok store best online sh
Capitalism on the Borderlands,capitalism borderland
Capitalism at the Border,capitalism border
Surrender on the Border,surrender border
Capitalism on Political Borderlands,capitalism political borderland
Capitalism on the European Borderlands,capitalism european borderland
Capitalism through the Borderlands,capitalism borderland
"This explains why there's a lack of fast travel stations in Guns, Love, and Tentacles.  Ridiculous.",explains lack fast travel station gun love tentacle ridiculous
"This explains why there are no fast travel destinations in Guns, Love and Tentacles. Ridiculous.",explains fast travel destination gun love tentacle ridiculous
"This explains the lack of high-speed tram stations in Gothenburg, Ljuby and Tentacle.",explains lack high speed tram station gothenburg ljuby tentacle
"This explains why there's a market of fast travel stations for Guns, Love, and Tentacles.  Ridiculous.",explains market fast travel station gun love tentacle ridiculous
"This explains why there's also a lack of regular fast travel stations in Guns, I Love, Love and Alternative Tentacles. Ridiculous.",explains also lack regular fast travel station gun love love alternative tentacle ridiculous
"basically explains why there's a lack of fast travel stations in Story, Love, & War. Ridiculous.",basically explains lack fast travel station story love war ridiculous
Enjoying my Borderlands 3 Tubbz out in the sun  @NumskullDesigns  ,enjoying borderland tubbz sun numskulldesigns
Enjoying my Borderlands 3 Tubbz in the sun @ NumskullDesigns,enjoying borderland tubbz sun numskulldesigns
Enjoying my Borderlands 3 Tubbz in the sun @ NumskDesigns,enjoying borderland tubbz sun numskdesigns
Enjoying my Borderlands 3 Tubbz<unk> in the sun  @NumskullDesigns,enjoying borderland tubbz sun numskulldesigns
Enjoying my Winter Borderlands at 3 Tubbz out in the golden sun @NumskullDesigns,enjoying winter borderland tubbz golden sun numskulldesigns
to the Borderlands 3 Tubbz out in the sun @NumskullDesigns,borderland tubbz sun numskulldesigns
Completed  ,completed
Rejected,rejected
Completed,completed
Series Completed,series completed
we,
Wine drunk playing the new Borderlands . . . Goddess life is a fun life.. . .  findom,wine drunk playing new borderland goddess life fun life findom
Wine drunk while playing the new Borderlands... The life of the goddess is a fun life..... findom,wine drunk playing new borderland life goddess fun life findom
Wine is drunk while playing the new Borderlands... The life of Goddess is a fun life... findom,wine drunk playing new borderland life goddess fun life findom
Wine drunk on the video Borderlands... Goddess life is a fun life....  findom,wine drunk video borderland goddess life fun life findom
Wine are drunk playing the new Borderlands... Goddess and life there is a much fun life.... findom,wine drunk playing new borderland goddess life much fun life findom
Wine drunk playing the new music... our life as a mortal life.... findom,wine drunk playing new music life mortal life findom
"So, fun annoying thing @MeatballMissus and I just learned: There are two different versions of Borderlands: Game of the Year Edition on Steam, and they are not compatible with each other for online play.",fun annoying thing meatballmissus learned two different version borderland game year edition steam compatible online play
"So, fun with the annoying thing @ MeatballMissus and I just learned: There are two different versions of Borderlands: Game of the Year Edition on Steam, and they are not compatible for online games.",fun annoying thing meatballmissus learned two different version borderland game year edition steam compatible online game
"So the funny thing @ MeatballMissus and I have just learned is that there are two different versions of Borderlands: Game of the Year and on Steam, and they are not comparable to each other for online gaming.",funny thing meatballmissus learned two different version borderland game year steam comparable online gaming
"So, fun annoying thing @MeatballMissus and PC just learned: There are always different versions of Borderlands: Game of the Year Edition on Steam, and they are always compatible via each other for online play.",fun annoying thing meatballmissus pc learned always different version borderland game year edition steam always compatible via online play
"So, the fun annoying thing @MeatballMissus and it I just learned : There are two substantially different versions of Borderlands : Game of the Future Year Complete Edition on the Steam, and even they are not compatible with each country other for online play.",fun annoying thing meatballmissus learned two substantially different version borderland game future year complete edition steam even compatible country online play
"little, fun annoying thing @MeatballMissus and others just learned: There are two different versions of Mario: Game for the Year Edition across Steam, and they are not compatible with each other for online purchases.",little fun annoying thing meatballmissus others learned two different version mario game year edition across steam compatible online purchase
@Borderlands. Can we please get a big hot fix. I did a whole factory reset and a system wipe. But everytime i play borderlands to farm it crashes,borderland please get big hot fix whole factory reset system wipe everytime play borderland farm crash
"@ Borderlands. Can we get a big fix please? I've reset an entire factory and deleted a system, but every time I play Borderlands to build a farm it crashes.",borderland get big fix please reset entire factory deleted system every time play borderland build farm crash
@ Borderlands. Can we please get a big hot fix. I did a whole factory reset and a system to wipe out. But whenever i play borderlands to farm it crashes,borderland please get big hot fix whole factory reset system wipe whenever play borderland farm crash
@Borderlands. could we please get a big hot fix. I gave an whole factory reset and a system wipe. But everytime i play borderlands to farm it crashes,borderland could please get big hot fix gave whole factory reset system wipe everytime play borderland farm crash
@Borderlands. Can we just please get him a big hot fix. I did just a routine whole factory reset report and a system wipe. But not everytime i gotta play borderlands to farm it crashes,borderland please get big hot fix routine whole factory reset report system wipe everytime gotta play borderland farm crash
@Borderlands. Can we please have a big hot fix. I did a basic factory check and a system refresh. But everytime i play borderlands to farm system crashes,borderland please big hot fix basic factory check system refresh everytime play borderland farm system crash
@Borderlands echo cast doesnt work for me even though it says it is on. it doesnt show anything on twitch about it being on except for when you refresh it says its loading it.,borderland echo cast doesnt work even though say doesnt show anything twitch except refresh say loading
"@ Borderlands echo cast doesn't work for me, though it says it is on. it doesn't point anything at twitching about that it's turned on, except when you update it, it says it's loading.",borderland echo cast work though say point anything twitching turned except update say loading
@ Borderlands echo cast doesn't work for me even though it says it's on.,borderland echo cast work even though say
@Borderlands echo cast doesnt work for me even though it says whatever is on. it doesnt show anything on twitch about something being on except for when you refresh it says its loading correctly.,borderland echo cast doesnt work even though say whatever doesnt show anything twitch something except refresh say loading correctly
@Borderlands echo cast back doesnt work for me even though it says it is on. it doesnt actually show anything on twitch about touching it or being on paper except not for when you write refresh it says something its loading it.,borderland echo cast back doesnt work even though say doesnt actually show anything twitch touching paper except write refresh say something loading
@Borderlands echo cast doesnt work for me even though it says it is on. it doesnt show normally on twitch of it being open except if when you hit which says its loading it.,borderland echo cast doesnt work even though say doesnt show normally twitch open except hit say loading
Even tho i out leveled this grenade it’s still destroying everything in my path. Check it out: youtu.be/wpdGr4PH8Lo  ,even tho leveled grenade still destroying everything path check youtu wpdgr ph lo
"Even though I leveled this grenade, it still destroys everything that gets in my way. See also: youtu.be / wpdGr4PH8Lo",even though leveled grenade still destroys everything get way see also youtu wpdgr ph lo
Even tho i out leveled this grenade it's still destroying everything in my path. Check it out: youtu.be / wpdGr4PH8Lo,even tho leveled grenade still destroying everything path check youtu wpdgr ph lo
Even tho i out leveled this monster it’s still changing everything along my path. Check it out: youtu.be/wpdGr4PH8Lo,even tho leveled monster still changing everything along path check youtu wpdgr ph lo
2 Even tho i out o leveled this lone grenade it was ’ that s still destroying everything in my path. c Check it that out : youtu. be / wpdGr4PH8Lo,even tho leveled lone grenade still destroying everything path c check youtu wpdgr ph lo
Even tho i successfully leveled this grenade it’s seriously hurting everything in my path. slug it out: from.be/wpdGr4PH8Lo,even tho successfully leveled grenade seriously hurting everything path slug wpdgr ph lo
Also bought Borderlands on the switch!! love that series and cant wait to play on the go!,also bought borderland switch love series cant wait play go
Also purchased Borderlands on the switch!! Love this series and can't wait to play along the way!,also purchased borderland switch love series wait play along way
Also bought Borderlands on the switch!! love this series and can't wait to play on the go!,also bought borderland switch love series wait play go
Also bought Borderlands on the switch!! love that series and cant wait to play on to go!,also bought borderland switch love series cant wait play go
And Also bought Borderlands on the switch!! We love it that series and cant wait to play on the second go!,also bought borderland switch love series cant wait play second go
Also bought Borderlands but the switch!! love that series and cant look to play on the next!,also bought borderland switch love series cant look play next
@Borderlands I can't play borderlands 3 on my Xbox without it crashing can you fix this pls,borderland play borderland xbox without crashing fix pls
@ Borderlands I can't play Borderlands 3 on my Xbox without it crashing.,borderland play borderland xbox without crashing
@ Borderlands I can't play borderlands 3 on my Xbox without it crashing can you fix this pls,borderland play borderland xbox without crashing fix pls
@Borderlands<unk> can't play borderlands 3 on my tablet without it crashing can you fix this pls,borderland play borderland tablet without crashing fix pls
A @Borderlands I can't play borderlands 3 on my Xbox without it completely crashing so can you maybe fix this pls,borderland play borderland xbox without completely crashing maybe fix pls
man I cannot't play borderlands 3 on our Xbox without it crashing can you fix this pls,man cannot play borderland xbox without crashing fix pls
My dumbass was like “what borderlands mod is this” because that mf looks like claptrap,dumbass like borderland mod mf look like claptrap
"My dumbass was like ""What borderlands mod is this,"" because this MF looks like a rattlesnake.",dumbass like borderland mod mf look like rattlesnake
"My dumbass was like ""what borderlands mod is this"" because that mf looks like claptrap",dumbass like borderland mod mf look like claptrap
My dumbass was like “what fun mod is this” because every mf looks like claptrap,dumbass like fun mod every mf look like claptrap
... My dumbass was like “ asking what borderlands mod is at this time ” because that mf looks like claptrap,dumbass like asking borderland mod time mf look like claptrap
My dumbass was like the borderlands mod is this” because that mf looks to being,dumbass like borderland mod mf look
"I really like Randy Pitchford, he's been nothing but helpful to me. I hope this is all a mix up.",really like randy pitchford nothing helpful hope mix
"I really like Randy Pitchford, he just helped me. I hope it's all a mix-up.",really like randy pitchford helped hope mix
"I really like Randy Pitchford, he's helped me a lot.",really like randy pitchford helped lot
"I really like Randy Pitchford, he's been nothing but great to me. I realize this is all a mix up.",really like randy pitchford nothing great realize mix
"I really like Randy Pitchford, but he's been nothing but fucking helpful to get me. Like I hope this is this all a mix up.",really like randy pitchford nothing fucking helpful get like hope mix
"I really like Randy Pitchford, and's been nothing but helpful through me. I hope things is all a mix with.",really like randy pitchford nothing helpful hope thing mix
"1. Warframe. 2. Dead by Daylight. 3. Overwatch. 4. Minecraft. 5. Uhhh idk honestly... Fer.al or Primal Carnage: Extinction??. And I would add Spore as well, I can't let go of the sentiment and nostalgia. . Not tagging anyone, if u want to do this feel free to",warframe dead daylight overwatch minecraft uhhh idk honestly fer al primal carnage extinction would add spore well let go sentiment nostalgia tagging anyone u want feel free
"1. Warframe. 2. Dead by Daylight. 3. Overwatch. 4. Minecraft. 5. Uhhh idk honestly... Fer.al or Primal Carnage: Extinction??. And I would add spore, I can not let go of the feeling and nostalgia.. No one mark, if you want to do that, feel free.",warframe dead daylight overwatch minecraft uhhh idk honestly fer al primal carnage extinction would add spore let go feeling nostalgia one mark want feel free
"1. Warframe. 2. Dead by Daylight. 3. Overwatch. 4. Minecraft. 5. Uhhh idk honestly... Fer.al or Primal Carnage: Extinction??. And I would add Spore as well, I can't let off the sentiment and nostalgia.. Not tagging anyone, if u want to do this feel free to",warframe dead daylight overwatch minecraft uhhh idk honestly fer al primal carnage extinction would add spore well let sentiment nostalgia tagging anyone u want feel free
"1. Zelda. 2. Dead by Daylight. 3. Overwatch. 4. Minecraft. 5. Uhhh idk honestly... Fer.al or Primal Carnage: Extinction??. - I would recommend Spore as well, Ill can't let out of the sentiment / nostalgia.. Not tagging anyone, if u want i do this feel free to",zelda dead daylight overwatch minecraft uhhh idk honestly fer al primal carnage extinction would recommend spore well ill let sentiment nostalgia tagging anyone u want feel free
"1. Warframe. 2. Dead by Daylight. 3. Overwatch. 4. Minecraft. 5. Uhhh idk honestly... Fer. al or No Primal Carnage : Extinction??. And I would now add Spore as well, But I can't let you go hope of bringing the powerful sentiment and inspire nostalgia.. Not tagging anyone, see if u want to do this feel free visit to",warframe dead daylight overwatch minecraft uhhh idk honestly fer al primal carnage extinction would add spore well let go hope bringing powerful sentiment inspire nostalgia tagging anyone see u want feel free visit
"1. Warframe. 2. Dead Before Daylight. 3. Overwatch. 4. Minecraft. 5. Uhhh idk honestly... Fer.al and Primal Cow: Extinction??. And I would add Spore as well, I can't let go with the tears and nostalgia.. Not going on, do u want to do else feel happy to",warframe dead daylight overwatch minecraft uhhh idk honestly fer al primal cow extinction would add spore well let go tear nostalgia going u want else feel happy
"So last night.... Borderlands 3 first playthrough complete. Every level in Peggle 2 now unlocked for party night. . But forget all that, I wanna say a huge thank you to my community for all the support they have shown me, it’s insane! And last night was unbelievable so I want (1/2)",last night borderland first playthrough complete every level peggle unlocked party night forget wanna say huge thank community support shown insane last night unbelievable want
"So last night.... Borderlands 3 first playthrough. Every level in Peggle 2 is now unlocked for the party.. But forget all that, I want to thank my community for all the support they showed me, it's insane! And last night was incredible, so I want (1 / 2)",last night borderland first playthrough every level peggle unlocked party forget want thank community support showed insane last night incredible want
"So last night.... The first game of Borderlands 3 is over. Every level in Peggle 2 is now unlocked for the party night... But forget about it, I want to say a huge thank you to my community for all the support they gave me, it's just amazing!",last night first game borderland every level peggle unlocked party night forget want say huge thank community support gave amazing
"So last night.... Borderlands 3 first playthrough complete. Every level in Peggle has now unlocked for tomorrow night.. But forget all that, I wanna say a huge thank yo to my friends after all the support they have shown me, it’s insane! And last night was unbelievable so I think (1/2)",last night borderland first playthrough complete every level peggle unlocked tomorrow night forget wanna say huge thank yo friend support shown insane last night unbelievable think
"So last night.... after Borderlands Chapter 3 first Xbox playthrough complete. Every level found in Peggle 2 now unlocked for party night.. But maybe forget all that, because I wanna say a big huge thank you to support my community for all the emotional support they have shown me, it ’ s absolutely insane! And last night was unbelievable so I want ( 1 / 2 )",last night borderland chapter first xbox playthrough complete every level found peggle unlocked party night maybe forget wanna say big huge thank support community emotional support shown absolutely insane last night unbelievable want
"So last evening.... complete 3 game playthrough complete. Every level in Peggle 2 now unlocked again tomorrow night.. and forget all this, I wanna say a huge thank you to my community in such the support they have shown me, it’s insane! And last night was full so I want (1/2)",last evening complete game playthrough complete every level peggle unlocked tomorrow night forget wanna say huge thank community support shown insane last night full want
I went to bed at 4am. 5 hours before that at 9pm i was farming Graveward. It is now almost 4pm and i went to farm Graveward again and on my first kill i tried to loot the vault but it was already looted! @Borderlands @Ki11ersix what is wrong with my game it is the broken.,went bed hour pm farming graveward almost pm went farm graveward first kill tried loot vault already looted borderland ki ersix wrong game broken
I went to bed at 4am. 5 hours earlier at 9pm I was at Graveward Farm. It's almost 4pm now and I went back to Graveward Farm and on my first kill I tried to loot the safe but it was already looted! @ Borderlands @ Ki11ersix What's wrong with my game is the broken one.,went bed hour earlier pm graveward farm almost pm went back graveward farm first kill tried loot safe already looted borderland ki ersix wrong game broken one
I went to bed at 4 am. 5 hours before that at 9 pm i was farming Graveward. It is now almost 4 pm and i went to farm Graveward again and on my first kill i tried to lot the vault but it was already rooted! @ Borderlands @ Ki11ersix what is wrong with my game it is the broken.,went bed hour pm farming graveward almost pm went farm graveward first kill tried lot vault already rooted borderland ki ersix wrong game broken
I went to bed at 4am. 5 days before that at night m was farming Graveward. It is now almost 4pm and i went to farm Graveward again and on my new kill i tried to loot the vault but it was already full! @Borderlands @Ki11ersix what is wrong with my game it we the broken.,went bed day night farming graveward almost pm went farm graveward new kill tried loot vault already full borderland ki ersix wrong game broken
I went to bed at 4am. 5 hours before that at 9pm i was farming Graveward. It is now almost 4pm and i have went to farm near Graveward again and decided on scoring my first kill i tried not to loot the vault home but it somehow was not already looted! 6 @Borderlands @Ki11ersix what is wrong matters with my game it is the broken.,went bed hour pm farming graveward almost pm went farm near graveward decided scoring first kill tried loot vault home somehow already looted borderland ki ersix wrong matter game broken
I went to bed at 12. 5 hours before bed at 9pm i were farming Graveward. It came still nearly 4pm and i tried to farm Graveward again and on my third kill i tried to loot the vault that it was already looted! @Borderlands @Ki11ersix what really wrong with my game it is the broken.,went bed hour bed pm farming graveward came still nearly pm tried farm graveward third kill tried loot vault already looted borderland ki ersix really wrong game broken
".  LIVE NOW!. . I feel like I have not streamed in forever probably because I have, sorry about that, more Borderlands for a bit with @eyesofness . . . Borderlands. .  twitch.tv/niam https://t.co/t7RJPcJ7DT",live feel like streamed forever probably sorry borderland bit eyesofness borderland twitch tv niam
". LIVE NOW!.. I feel like I haven't poured in forever, probably because, sorry, I have more Borderlands for a bit with @ eyesofness... Borderlands.. twitch.tv / niam https: / / t.co / t7RJPcJ7DT",live feel like poured forever probably sorry borderland bit eyesofness borderland twitch tv niam co rjpcj dt
". LIVE NOW!.. I feel like I have not streamed in vehicle problem because I have, sorry about that, more Borderlands for a bit with @ eyesofness.... Borderlands...",live feel like streamed vehicle problem sorry borderland bit eyesofness borderland
".  LIVE NOW!. . I feel like I have not streamed in forever probably because I have, sorry about that, more Borderlands for a bit with RhandlerR . . . Borderlands. .  twitch.tv/niam RhttpR]",live feel like streamed forever probably sorry borderland bit rhandlerr borderland twitch tv niam r
"the .  LIVE NOW!. . I feel like I have not streamed in forever probably because I have, sorry about that, more Borderlands for a bit with RhandlerR . . . Borderlands. .  twitch.tv/niam RhttpR]",live feel like streamed forever probably sorry borderland bit rhandlerr borderland twitch tv niam r
<unk>,
@ITalkFortnite Just bought Borderlands 3 from @EpicGames using your creator code! Can’t wait to use the skin!,italkfortnite bought borderland epicgames using creator code wait use skin
@ ITalkFortnite Just bought Borderlands 3 from @ EpicGames with your creator code! I can't wait to use the skin!,italkfortnite bought borderland epicgames creator code wait use skin
@ Ilennite Just bought Borderlands 3 from @ EpicGames using my creator code!,ilennite bought borderland epicgames using creator code
@ITalkFortnite Just bought Borderlands 3 from @EpicGames using your creator code! cant wait to see the skin!,italkfortnite bought borderland epicgames using creator code cant wait see skin
@ITalkFortnite Just bought Borderlands 3 from my @EpicGames using your creator code code! Can ’ on t quite wait to help use the skin!,italkfortnite bought borderland epicgames using creator code code quite wait help use skin
@ITalkFortnite actually bought Season 3 from YOU using your creator code! Can’t wait to own the skin!,italkfortnite actually bought season using creator code wait skin
I love u guys,love u guy
I love u guys.,love u guy
I love u guys,love u guy
I love u bro,love u bro
21 I love u guys,love u guy
<unk> love u guys,love u guy
Borderlands 3 Update Delayed Due To Anti-Racism Protests pic.twitter.com/dDq8WeXJlS,borderland update delayed due anti racism protest pic twitter com ddq wexjls
Borderlands 3 update delayed due to anti-racism protests pic.twitter.com / dDq8WeXJlS,borderland update delayed due anti racism protest pic twitter com ddq wexjls
Borderlands 3: Delayed Due To Anti-Racism Protests pic.wikipedia.org / dDq8WeXJlS,borderland delayed due anti racism protest pic wikipedia org ddq wexjls
Borderlands 3 Update Delayed Due To Anti-Racism Protests pic.twitter.com/dDq8WeXJlS,borderland update delayed due anti racism protest pic twitter com ddq wexjls
Digital Borderlands 3 Update Delayed Due To Anti-Racism Protests pic.twitter.com/dDq8WeXJlS,digital borderland update delayed due anti racism protest pic twitter com ddq wexjls
that,
@Borderlands I have some concerns with the new update. On console(Ps4 not sure about other) while playing the gaming audio and visuals start to constantly freeze and break making it hard to continue frame rates drop drastically. Should I be worried.,borderland concern new update console p sure playing gaming audio visuals start constantly freeze break making hard continue frame rate drop drastically worried
"@ Borderlands I have some concerns with the new update. On the console (ps4 not sure about others) while playing the gaming audio and visuals start to freeze constantly and break, which makes it difficult to sink the frame rates drastically further. I should be worried.",borderland concern new update console p sure others playing gaming audio visuals start freeze constantly break make difficult sink frame rate drastically worried
"@ Borderlands I have some misgivings about the new update. On the console (Ps4 is not sure otherwise) during the game audio and video are constantly hovering and breaking down, making it difficult to continue the sharp drop in frame rate.",borderland misgiving new update console p sure otherwise game audio video constantly hovering breaking making difficult continue sharp drop frame rate
@Borderlands I have some concerns with the new update. On console(Ps4 n sure whats it) while playing the gaming experience and visuals start to constantly freeze and break making it hard to continue frame rates drop drastically. Now I be worried.,borderland concern new update console p n sure whats playing gaming experience visuals start constantly freeze break making hard continue frame rate drop drastically worried
@Borderlands I also have some... concerns with scheduling the new update. On console ( Ps4 in not sure about other ) while playing the gaming audio effects and visuals start to constantly freeze and heads break making it hard to continue and frame rates drop drastically. The Should if I go be worried.,borderland also concern scheduling new update console p sure playing gaming audio effect visuals start constantly freeze head break making hard continue frame rate drop drastically go worried
@Borderlands I have some concerns with the new update. On console(Ps4 not sure about other) while after the gaming software and visuals start to really crash and break with very hard to continue frame rates drop drastically. Should or be worried.,borderland concern new update console p sure gaming software visuals start really crash break hard continue frame rate drop drastically worried
Borderlands science is actually really enjoyable,borderland science actually really enjoyable
Borderland science is really fun,borderland science really fun
Frontier Science Is Really Attractive,frontier science really attractive
Borderlands science is actually somewhat enjoyable,borderland science actually somewhat enjoyable
Borderlands science is actually getting really enjoyable,borderland science actually getting really enjoyable
Borderlands science is actually still enjoyable,borderland science actually still enjoyable
borderlands 3 sucks why are yall giving money to randy pitchford? go borrow the other games from a friend. they're actually good,borderland suck yall giving money randy pitchford go borrow game friend actually good
borderlands 3 sucks why give yall money to randy pitchford? go borrow the other games from a friend. they are actually good,borderland suck give yall money randy pitchford go borrow game friend actually good
borderlands 3 sucks why are yall giving money to random pitchford? go borrow the other games from a friend. they're actually good,borderland suck yall giving money random pitchford go borrow game friend actually good
borderlands 3 sucks why are yall giving money to randy pitchford? go borrow the other games from a cd. they're actually great,borderland suck yall giving money randy pitchford go borrow game cd actually great
borderlands 3 sucks why are yall boy giving money to that randy pitchford? Just go borrow the same other games from a mutual friend. they're really actually good,borderland suck yall boy giving money randy pitchford go borrow game mutual friend really actually good
borderlands now open or are yall giving money on randy pitchford? go borrow the other games from a friend. they're actually good,borderland open yall giving money randy pitchford go borrow game friend actually good
I should get up & feed my dogs & such that way when mac gets outta Dnd we can just do a watch together... I wanna play more borderlands but these cramps are bad today,get feed dog way mac get outta dnd watch together wanna play borderland cramp bad today
I should get up & feed my dogs & stuff when the mac is out and we can just make a watch together... I want to play more Borderlands but these cramps are bad today,get feed dog stuff mac make watch together want play borderland cramp bad today
I have to get up and feed my dogs and so when the poppy gets angry we can just do a watch together... I want to play more in the border areas but these crazy ones today are bad,get feed dog poppy get angry watch together want play border area crazy one today bad
I just get up & feed my dogs & such that s when mac gets outta town we can just do a watch together... I wanna play more borderlands but still cramps are bad today,get feed dog mac get outta town watch together wanna play borderland still cramp bad today
Maybe I should get up & feed off my dogs & such that the way when mac gets up outta Dnd Al we can just do a watch together... I wanna play football more over borderlands but these cramps all are bad today,maybe get feed dog way mac get outta dnd al watch together wanna play football borderland cramp bad today
I should get up & feed my dogs & all that way when mac are outta school we can also do some watch together... I wanna go more borderlands but these cramps are bad today,get feed dog way mac outta school also watch together wanna go borderland cramp bad today
this is genuinely all you left me with? @GearboxOfficial @Borderlands pic.twitter.com/X4oKeH4TMH,genuinely left gearboxofficial borderland pic twitter com x okeh tmh
That's really all you left me? @ GearboxOfficial @ Borderlands pic.twitter.com / X4oKeH4TMH,really left gearboxofficial borderland pic twitter com x okeh tmh
Is that really all you left me? @ GearboxOfficial @ Borderlands pic.fm / X4oKeH4TMH,really left gearboxofficial borderland pic fm x okeh tmh
this is genuinely all you left me with? RhandlerR RhandlerR pic.twitter.com/X4oKeH4TMH,genuinely left rhandlerr rhandlerr pic twitter com x okeh tmh
and this is genuinely all you left me with? RhandlerR RhandlerR pic.twitter.com/X4oKeH4TMH,genuinely left rhandlerr rhandlerr pic twitter com x okeh tmh
you,
Holy shit borderlands 3 is ass.,holy shit borderland as
Holy shit Borderlands 3 is ass.,holy shit borderland as
Holy shit borderlands 3 is ass.,holy shit borderland as
Holy shit borderlands 3 st ass.,holy shit borderland st as
Holy shit borderlands 3 is your ass.,holy shit borderland as
Holy shit borderlands 3 my ass.,holy shit borderland as
Live with some super interesting *LOL* boss farms in Borderlands 3!. twitch.tv/prismeyes33,live super interesting lol bos farm borderland twitch tv prismeyes
Live with some super interesting * LOL * boss farms in Borderlands 3!. twitch.tv / prismeyes33,live super interesting lol bos farm borderland twitch tv prismeyes
Live with some super interesting * LOL * boss farms in Borderlands 3!.,live super interesting lol bos farm borderland
Live with some super interesting *LOL* boss farms in Borderlands 3!. twitch.tv/prismeyes33,live super interesting lol bos farm borderland twitch tv prismeyes
via Live with some super interesting *LOL* boss farms in Borderlands 3!. twitch.tv/prismeyes33,via live super interesting lol bos farm borderland twitch tv prismeyes
as,
Unpopular opinion: none of those games are good.,unpopular opinion none game good
Unpopular Opinion: None of these games is good.,unpopular opinion none game good
Unpopular view: None of these games is good.,unpopular view none game good
Unpopular opinion: none if those games are good.,unpopular opinion none game good
Unpopular opinion : none of perhaps those games itself are good.,unpopular opinion none perhaps game good
Unpopular opinion: Neither of those games are good.,unpopular opinion neither game good
🧨 bURn aLL tHe BAbiES 🧨.  ,burn baby
bURn aLL tHe BAbiES.,burn baby
bURn aALL tHe BiES.,burn aall bies
🧨 It aLL tHe BAbiES 🧨.,baby
[UNK] bURn is aLL tHe BAbiES... [UNK].,unk burn baby unk
<unk> bURn Bookmark tHe permalink <unk>.,burn bookmark permalink
Atleast I have Borderlands to cheer me up :(,atleast borderland cheer
At least I have Borderlands to cheer me up: (,least borderland cheer
At least I have Border Guards to cheer me on: (,least border guard cheer
Atleast I have Borderlands to match me up :(,atleast borderland match
The Atleast I have Borderlands to come cheer me up : (,atleast borderland come cheer
Atleast I have Borderlands can cheer everything up :(,atleast borderland cheer everything
"Borderlands 3 trash but also lowkey lit, just big sads it's easy as",borderland trash also lowkey lit big sads easy
"Borderlands 3 Trash but also Lowkey illuminated, only big Sads it is easy as",borderland trash also lowkey illuminated big sads easy
"Borderlands 3 thrash but also quietly lit, just large gardens it's easy as",borderland thrash also quietly lit large garden easy
"Borderlands 3 trash but also lowkey lit, just big and it's easy as",borderland trash also lowkey lit big easy
"... Borderlands of 3 trash but also real lowkey lit, just big sads it's easy as",borderland trash also real lowkey lit big sads easy
"Borderlands 3 trash but really lowkey lit, just big and it's easy as",borderland trash really lowkey lit big easy
"@GearboxOfficial Since playing through all of the Borderlands Games with a friend, I really have a taste for something more. I discovered Battleborn, but there is no way to buy it anymore? It looks sooo good and fun, how can I play it?",gearboxofficial since playing borderland game friend really taste something discovered battleborn way buy anymore look sooo good fun play
"@ GearboxOfficial Having played all the Borderlands games with a friend, I really want more. I discovered Battleborn, but there is no way to buy it anymore? It looks sooo good and is fun, how can I play it?",gearboxofficial played borderland game friend really want discovered battleborn way buy anymore look sooo good fun play
"@ GearboxOfficial Since playing through all of the Borderlands Games with a friend, I really have a taste for something more. I discovered Battleborn, but there is no way to buy it anymore? It looo good and fun, how can I play it?",gearboxofficial since playing borderland game friend really taste something discovered battleborn way buy anymore looo good fun play
"@GearboxOfficial Since living through all of the Borderlands movies with a friend, I really have a taste for something more. I discovered Battleborn, meaning there is no money to buy it anymore? It looks sooo exciting and fun, how can I play it?",gearboxofficial since living borderland movie friend really taste something discovered battleborn meaning money buy anymore look sooo exciting fun play
"@GearboxOfficial Since playing through all of the Borderlands of Games with just a friend, I really have a natural taste... for something more. Remember I discovered Battleborn, but there is no way to buy it stuff anymore? It simply looks sooo good enough and fun, and how can I play it?",gearboxofficial since playing borderland game friend really natural taste something remember discovered battleborn way buy stuff anymore simply look sooo good enough fun play
"@GearboxOfficial Since playing through most of the Borderlands Games with a friend, am did have a taste for something more. I discovered Battleborn, but there is there way not buy it now? It looks sooo bad and fun, or can I play it?",gearboxofficial since playing borderland game friend taste something discovered battleborn way buy look sooo bad fun play
The @jackothyzine is my first piece of fan made Borderlands merch! I'm so excited to see all the beautiful works of all the artists who participated! .  pic.twitter.com/LSmr9SzaTV,jackothyzine first piece fan made borderland merch excited see beautiful work artist participated pic twitter com lsmr szatv
The @ jackothyzine is my first fan to do Borderlands merch! I'm so excited to see all the beautiful works of all the participating artists!. pic.twitter.com / LSmr9SzaTV,jackothyzine first fan borderland merch excited see beautiful work participating artist pic twitter com lsmr szatv
@ jackothyzine is my first piece of fan made by Borderlands merch! I'm so excited to see all the beautiful work of all the artists involved!. pic.wikipedia.com / LSmr9aTV,jackothyzine first piece fan made borderland merch excited see beautiful work artist involved pic wikipedia com lsmr atv
The RhandlerR is my first piece of fan made Borderlands merch! I'm so excited to see all the beautiful works of all the artists who participated! .  pic.twitter.com/LSmr9SzaTV,rhandlerr first piece fan made borderland merch excited see beautiful work artist participated pic twitter com lsmr szatv
2014 The RhandlerR is my first piece of fan made Borderlands merch! I'm so excited to see all the beautiful works of all the artists who participated! .  pic.twitter.com/LSmr9SzaTV,rhandlerr first piece fan made borderland merch excited see beautiful work artist participated pic twitter com lsmr szatv
that,
If I had to guess why cross-play took so long on  ,guess cross play took long
If I had to guess why cross-play took so long,guess cross play took long
If I had to guess why the cross-game took so long,guess cross game took long
If I had to guess why cross-play took so well on,guess cross play took well
If I had time to guess why cross - play never took so long on,time guess cross play never took long
If I had second guess why cross-play took so long on,second guess cross play took long
"Fantastic day today.  Congratulations to @GearboxOfficial @2K and @Borderlands.  Story makes you feel all the emotions, its the best looking DLC by a mile to boot!. . Thank you for letting me join the family!",fantastic day today congratulation gearboxofficial k borderland story make feel emotion best looking dlc mile boot thank letting join family
"Today is a fantastic day. Congratulations to @ GearboxOfficial @ 2K and @ Borderlands. History makes you feel all the emotions, plus it's the best looking DLC!.. Thank you for letting me join my family!",today fantastic day congratulation gearboxofficial k borderland history make feel emotion plus best looking dlc thank letting join family
Congratulations @ GearboxOfficial @ 2K and @ Borderlands.,congratulation gearboxofficial k borderland
"Fantastic day today.  Congratulations to @GearboxOfficial @2K and @Borderlands.  Story makes you feel all the better, its very awesome looking DLC by a mile to boot!.. Thank you for letting me join ur family!",fantastic day today congratulation gearboxofficial k borderland story make feel better awesome looking dlc mile boot thank letting join ur family
"Fantastic day today. 11 Congratulations to President @GearboxOfficial both @2K and @Borderlands. Your Story makes you one feel for all the emotions, its the third best looking DLC by a mile miles to go boot!.. Thank you for letting me join the Royal family!",fantastic day today congratulation president gearboxofficial k borderland story make one feel emotion third best looking dlc mile mile go boot thank letting join royal family
"Fantastic review today. Congratulations to brothers Jason and @GearboxOfficial. Story way you feel all the emotions, its the best looking thing by a mile of boot!.. great you guys letting me join the family!",fantastic review today congratulation brother jason gearboxofficial story way feel emotion best looking thing mile boot great guy letting join family
Sky Rocket > SuperBadass Caustic Goliath. Borderlands 2  ,sky rocket superbadass caustic goliath borderland
Sky Rocket > SuperBadass Caustic Goliath. Borderlands 2,sky rocket superbadass caustic goliath borderland
Skye Rose > SuperBadass Caucasian Goliath. Boundary Lands 2,skye rose superbadass caucasian goliath boundary land
Sky Wolves > SuperBadass Caustic Goliath. Borderlands 2,sky wolf superbadass caustic goliath borderland
Sky Rocket > a SuperBadass or Caustic for Goliath. Borderlands 2,sky rocket superbadass caustic goliath borderland
Sky Lines > SuperBadass And Goliath. Borderlands 2,sky line superbadass goliath borderland
Chris loves me in borderlands one and two.,chris love borderland one two
Chris loves me in Borderlands one and two.,chris love borderland one two
Chris loves me on the edge of one and two.,chris love edge one two
Chris loves me in borderlands one or two.,chris love borderland one two
Chris almost loves me in borderlands one dozen and two.,chris almost love borderland one dozen two
Chris got me in borderlands one and two.,chris got borderland one two
Y’all stick with Mario Kart and Borderlands. Some shit where you don’t have to compete against someone else. Those are the main motherfuckers hating on me. People who play GTA or The Last Of Us.,stick mario kart borderland shit compete someone else main motherfucker hating people play gta last u
Y'all stay with Mario Kart and Borderlands. Some shit where you don't have to compete against someone else. Those are the main motherfuckers who hate me. People who play GTA or The Last Of Us.,stay mario kart borderland shit compete someone else main motherfucker hate people play gta last u
Y'all stick with Mario Kart and Borderlands. Some shit where you do not have to compete against someone else. Those are the main motherfuckers hatting on me. People who play GTA or The Last Of Us.,stick mario kart borderland shit compete someone else main motherfucker hatting people play gta last u
Y’all stick with Sky Kart and Borderlands. Some shit where you don’t have to compete against someone blind. There are the main motherfuckers hating on me. People that play GTA or The Last Of Us.,stick sky kart borderland shit compete someone blind main motherfucker hating people play gta last u
Some Y ’ all just stick with a Mario Kart and Borderlands. Some shit where you don ’ t have to compete against someone else. Those are the two main motherfuckers off hating and on watching me. People who just play GTA or The Last Two Of Us.,stick mario kart borderland shit compete someone else two main motherfucker hating watching people play gta last two u
Y’all stick with Mario Kart and Borderlands. Play shit where you only have or compete off someone else. Those are the main motherfuckers hating on games. People really hate GTA or The Last Of Us.,stick mario kart borderland play shit compete someone else main motherfucker hating game people really hate gta last u
HOW HAS IT BEEN A WHOLE YEAR?. Last year I had the legit pleasure of working with @2K_ANZ (and the don @Pez_Bro) on this custom @Borderlands themed @PlayStationAU 4.. . Oh what a time. Would love to work with the brand again for sureee! Still one of my favourite jobs.. . @poscauk pic.twitter.com/lN9snb7jSn,whole year last year legit pleasure working k anz pez bro custom borderland themed playstationau oh time would love work brand sureee still one favourite job poscauk pic twitter com ln snb jsn
HOW HAPPENED IT ALL YEAR?. Last year I had the legitimate pleasure of working with @ 2K _ ANZ (and the don @ Pez _ Bro) on this custom @ Borderlands themed @ PlayStationAU 4... Oh what a time. Would love to work with the brand again to make sure! Still one of my favorite jobs... @ poscauk pic.twitter.com / lN9snb7jSn,happened year last year legitimate pleasure working k anz pez bro custom borderland themed playstationau oh time would love work brand make sure still one favorite job poscauk pic twitter com ln snb jsn
Last year I had the legitimate pleasure of working with @ 2K _ ANZ (and don @ Pez _ Bro) on this custom @ Borderlands theme @ PlayStationAU 4... Oh what a time.,last year legitimate pleasure working k anz pez bro custom borderland theme playstationau oh time
HOW HAS IT BEEN A WHOLE YEAR?. Last year I had the legit pleasure of working with RhandlerR (and the don RhandlerR on this custom RhandlerR themed RhandlerR 4.. . Oh what a time. Would love to work with the brand again for sureee! Still one of my favourite jobs.. . RhandlerR pic.twitter.com/lN9snb7jSn,whole year last year legit pleasure working rhandlerr rhandlerr custom rhandlerr themed rhandlerr oh time would love work brand sureee still one favourite job rhandlerr pic twitter com ln snb jsn
N HOW HAS IT BEEN A WHOLE YEAR?. Last year I had the legit pleasure of working with RhandlerR (and the don RhandlerR on this custom RhandlerR themed RhandlerR 4.. . Oh what a time. Would love to work with the brand again for sureee! Still one of my favourite jobs.. . RhandlerR pic.twitter.com/lN9snb7jSn,n whole year last year legit pleasure working rhandlerr rhandlerr custom rhandlerr themed rhandlerr oh time would love work brand sureee still one favourite job rhandlerr pic twitter com ln snb jsn
The,
Mayhem and Murder Aplenty! It's time for a  . . twitch.tv/bencompetence,mayhem murder aplenty time twitch tv bencompetence
Chaos and murder galore! It's time for a.. twitch.tv / bencompetence,chaos murder galore time twitch tv bencompetence
Mayhem and the Murder of Apollo! It's time for... tch.tv / benefiction,mayhem murder apollo time tch tv benefiction
Mayhem and Murder Aplenty! It's time for a  . . twitch.tv/bencompetence,mayhem murder aplenty time twitch tv bencompetence
as Mayhem and Murder Aplenty! It's time for a  . . twitch.tv/bencompetence,mayhem murder aplenty time twitch tv bencompetence
was,
AGAIN @Borderlands WTF   ,borderland wtf
AGAIN @ Borderlands WTF,borderland wtf
AGAIN @ Borderlands WTF,borderland wtf
AGAIN @Borderlands<unk>,borderland
AGAIN 2 @Borderlands WTF,borderland wtf
AGAIN AND WTF,wtf
This cricket has been the worst hivemind of fandom I have done this more times than I would love to be better if the Tarzan level in Kingdom Hearts is as bad as Borderlands.,cricket worst hivemind fandom done time would love better tarzan level kingdom heart bad borderland
This cricket was the worst hive of fandom I've done more times than I'd like to if the Tarzan level in Kingdom Hearts was as bad as Borderlands.,cricket worst hive fandom done time like tarzan level kingdom heart bad borderland
That cricket was the worst fennel fennel I've done more times than I'd like if Tarzan's level in the Kingdom of Hearts was as bad as Borderlands's.,cricket worst fennel fennel done time like tarzan level kingdom heart bad borderland
This cricket has been the worst hivemind of fandom I have said this more times than I would love to be counting if the Tarzan level in Kingdom Hearts is as strong as Borderlands.,cricket worst hivemind fandom said time would love counting tarzan level kingdom heart strong borderland
This cricket has been dubbed the worst single hivemind of game fandom I have certainly done this more times more than I or would love to be better if the Tarzan level in Kingdom Hearts is as bad there as Borderlands.,cricket dubbed worst single hivemind game fandom certainly done time would love better tarzan level kingdom heart bad borderland
This cricket already been the worst hivemind for fandom who have done this more times than I would love to be better if the Tarzan level in Eight Hearts is as bad with mine.,cricket already worst hivemind fandom done time would love better tarzan level eight heart bad mine
Borderlands 3 is quite fun  ,borderland quite fun
Borderlands 3 is really fun,borderland really fun
Borderlands 3 is pretty funny,borderland pretty funny
Borderlands 3 is quite different,borderland quite different
Borderlands 3 is actually quite fun,borderland actually quite fun
Borderlands stuff is quite fun,borderland stuff quite fun
"Making games is a brutally difficult business. Without the team, you have nothing. Our industry is already brutally underpaid for what we do VS others. This is shameful.",making game brutally difficult business without team nothing industry already brutally underpaid v others shameful
Making games is a brutally difficult business. Without the team you have nothing. Our industry is already brutally underpaid for what we do against others. That's shameful.,making game brutally difficult business without team nothing industry already brutally underpaid others shameful
Making games is a very difficult business. You have nothing without a team. Our industry is already underpaying for what we do to others.,making game difficult business nothing without team industry already underpaying others
"Making games is a brutally difficult business. Without the team, they have nothing. In industry are already brutally underpaid for what we do VS others. This is shameful.",making game brutally difficult business without team nothing industry already brutally underpaid v others shameful
"Making games is a brutally difficult family business. Without the team, you have done nothing. Our industry itself is already very brutally badly underpaid for what little we do when VS others. This is shameful.",making game brutally difficult family business without team done nothing industry already brutally badly underpaid little v others shameful
"Making games is a particularly difficult business. Without the original, you have nothing. Our industry seems already brutally underpaid for what we do around Nintendo. This is shameful.",making game particularly difficult business without original nothing industry seems already brutally underpaid around nintendo shameful
Sweet,sweet
Sweet,sweet
The Sweat,sweat
Sweet,sweet
For Sweet,sweet
of,
Who's down for some @Borderlands on  ,borderland
Who's on for some @ Borderlands,borderland
Who's at @ Borderlands,borderland
Who's down with some @Borderlands on,borderland
Who't s someone down for some @Borderlands on,someone borderland
Who's down for the @Borderlands on,borderland
@EpicGames @2K @Steam why add crossplay for @Borderlands 3 if you weren't gonna make it compatible for console? What a waste,epicgames k steam add crossplay borderland gonna make compatible console waste
"@ EpicGames @ 2K @ Steam, why add Crossplay for @ Borderlands 3 if you wouldn't make it compatible with the console? What a waste!",epicgames k steam add crossplay borderland make compatible console waste
@ EpicGames @ 2K @ Steam Why add a crossplay for @ Borderlands 3 if you're not going to make it compatible for the console?,epicgames k steam add crossplay borderland going make compatible console
@EpicGames on @2K why add crossplay for @Steam 3 if you weren't planning make everything compatible for console? What a waste,epicgames k add crossplay steam planning make everything compatible console waste
@EpicGames 4 @2K @Steam why not add crossplay for @Borderlands 3... if you weren't t really gonna make it compatible enough for console? What with a waste,epicgames k steam add crossplay borderland really gonna make compatible enough console waste
made @EpicGames @2K why add crossplay for it 3 if you weren't gonna make it compatible for console? That was horrible,made epicgames k add crossplay gonna make compatible console horrible
Got to repaint another Nerf gun for the Tiny Tina cosplay. I love doing these..  ,got repaint another nerf gun tiny tina cosplay love
I need to paint over another Nerf gun for the Tiny Tina cosplay. I love doing this.,need paint another nerf gun tiny tina cosplay love
I had to repaint another gun for Tiny Tina's cosplay. I love doing it.,repaint another gun tiny tina cosplay love
Got to repaint another Nerf gun for that Tiny Tina post. I love doing these..,got repaint another nerf gun tiny tina post love
Got to help repaint another Nerf gun for all the Tiny Tina cosplay. Actually I love doing without these..,got help repaint another nerf gun tiny tina cosplay actually love without
need to hang another Nerf gun for the Tiny Tina cosplay. I love drawing these..,need hang another nerf gun tiny tina cosplay love drawing
"I looked at the list. Easily half the list are games my parents would play, the other half are games my children/nieces/nephews would play.. . Maybe 3 (like ACNH) do I actually pick up regularly. Where's Borderlands? Don't Starve? WoW? Hell, I don't play but I love watching-CoD??!?",looked list easily half list game parent would play half game child niece nephew would play maybe like acnh actually pick regularly borderland starve wow hell play love watching cod
"I looked at the list. Half of the list are games my parents would play, the other half are games my kids / nieces / nephews would play... Maybe I actually record 3 (like ACNH) regularly. Where is Borderlands? Don't starve? WoW? Hell, I don't play, but I love CoD??!?",looked list half list game parent would play half game kid niece nephew would play maybe actually record like acnh regularly borderland starve wow hell play love cod
"I looked at the list. Almost half of the list are games my parents will play, the other half are games my children / nieces / nieces will play.. Maybe 3 (like ACNH) I actually choose regularly. Where are Borderlands? Don't Starve? WoW? Hell, I don't play but I love watching-CoD?!?",looked list almost half list game parent play half game child niece niece play maybe like acnh actually choose regularly borderland starve wow hell play love watching cod
"I looked at a list. Easily half the list are games my daughters would play, the other half are which my children/nieces/nephews would emulate. Maybe 3 (like ACNH) do I actually pick up regularly. Where's Borderlands? Don't Starve? How? Hell, I still play but DO love watching-CoD??!?",looked list easily half list game daughter would play half child niece nephew would emulate maybe like acnh actually pick regularly borderland starve hell still play love watching cod
"I looked at the shopping list. Easily half the this list are games my parents would play, the other half are games maybe my children / nieces / nephews would play... Maybe about 3 ( like ACNH ) things do I actually... pick up regularly. Where'r s our Borderlands? Don't Starve? WoW? Hell, I don'R t play but I also love watching - CoD??!?",looked shopping list easily half list game parent would play half game maybe child niece nephew would play maybe like acnh thing actually pick regularly r borderland starve wow hell r play also love watching cod
"I looked at the list. Half half the list are hobbies my parents would have, the better half 2 games my children/nieces/nephews would play... Maybe 3 (like ACNH) do I not pick up regularly. Where's E? Don't Starve? WoW? Hell, no do't play but I am watching-CoD??!?",looked list half half list hobby parent would better half game child niece nephew would play maybe like acnh pick regularly e starve wow hell play watching cod
"Well I certainly had a good Valentine's day. I went to the store and bought 2 box's of honey buns, 2 liters of Dr pepper, and enjoyed playing borderlands 3 with the boys. In other words I spent it alone and enjoyed the hell out of it. Goodnight y'all.",well certainly good valentine day went store bought box honey bun liter dr pepper enjoyed playing borderland boy word spent alone enjoyed hell goodnight
"Well, I definitely had a nice Valentine's Day. I went to the store and bought 2 boxes of honey rolls, 2 liters of Dr. Pepper and enjoyed playing Borderlands 3 with the boys. In other words, I spent it alone and enjoyed the hell. Goodnight y'all.",well definitely nice valentine day went store bought box honey roll liter dr pepper enjoyed playing borderland boy word spent alone enjoyed hell goodnight
"Well, of course I had a good Valentine's Day. I went to the store and bought 2 boxes of honey, 2 liters of Dr. Pepper and enjoyed playing border 3 with the boys. In other words, I spent it alone and enjoyed the hell out of it. Goodnight y'all.",well course good valentine day went store bought box honey liter dr pepper enjoyed playing border boy word spent alone enjoyed hell goodnight
"Well Tom certainly had a good Valentine's day. Actually went to the grocery yesterday bought 2 box's of honey buns, 2 bottles of Dr pepper, and enjoyed playing borderlands 3 with the boys. In other words I spent it alone and enjoyed the hell out of it. Nice y'all.",well tom certainly good valentine day actually went grocery yesterday bought box honey bun bottle dr pepper enjoyed playing borderland boy word spent alone enjoyed hell nice
"Well I certainly had a good Valentine's day. Then I went to the store and bought 2 whole box'r s of honey filled buns, then 2 liters each of Dr pepper, and enjoyed playing borderlands game 3 with the beer boys. In other words not I spent it alone again and enjoyed the hell out of it. Goodnight y'all.",well certainly good valentine day went store bought whole box r honey filled bun liter dr pepper enjoyed playing borderland game beer boy word spent alone enjoyed hell goodnight
"Well I certainly did a good Valentine's day. I went to the shop and bought 2 box's of honey buns, 2 liters of Dr pepper, but enjoyed playing the golf with our boys. That my words exactly ran it alone and enjoyed the hell out of it. Goodnight y'all.",well certainly good valentine day went shop bought box honey bun liter dr pepper enjoyed playing golf boy word exactly ran alone enjoyed hell goodnight
"Keep your chin up, SO I CAN SMASH IT WITH A HAMMER!!. . Chaotic reviews the newest Borderlands 3 DLC:. . Psycho Krieg and the Fantastic Fustercluck. . youtu.be/vCBRxRL46UY",keep chin smash hammer chaotic review newest borderland dlc psycho krieg fantastic fustercluck youtu vcbrxrl uy
"Hold your chin up, SO I CAN DREAM IT WITH A HAMMER!!. Chaotic reviews for the latest Borderlands 3 DLC:.. Psycho War and the Fantastic Fustercluck... youtu.be / vCBRxRL46UY",hold chin dream hammer chaotic review latest borderland dlc psycho war fantastic fustercluck youtu vcbrxrl uy
Hold on to your chin until I go with the hammer!!. Chaotic reviews of the newest Borderlands 3 DLC: Psycho & the Fustercluster... youtu.be / vCBRxRL46UY,hold chin go hammer chaotic review newest borderland dlc psycho fustercluster youtu vcbrxrl uy
"Keep your shields up, SO I CAN SMASH IT WITH A HAMMER!!.. Chaotic - the newest Borderlands 3 DLC:. American Psycho Mask and... Fantastic Fustercluck.. youtu.be/vCBRxRL46UY",keep shield smash hammer chaotic newest borderland dlc american psycho mask fantastic fustercluck youtu vcbrxrl uy
"Keep your chin held up, or SO GO I CAN SMASH IT AND WITH A HAMMER!!.. Chaotic Digital reviews the upcoming newest Borderlands Part 3 game DLC :.. Psycho to Krieg Ghost and the Fantastic Fustercluck.. youtu. be / vCBRxRL46UY",keep chin held go smash hammer chaotic digital review upcoming newest borderland part game dlc psycho krieg ghost fantastic fustercluck youtu vcbrxrl uy
"Keep your chin there, SO I I SMASH THIS WITH YOUR HAMMER!!.. Also reviews are available level 3 DLC:.. Psycho Krieg and finally Fantastic Fustercluck.. youtu.be/vCBRxRL46UY",keep chin smash hammer also review available level dlc psycho krieg finally fantastic fustercluck youtu vcbrxrl uy
Fuck you Epic Store. Borderlands 3 for PC coming to Steam on March 13 disq.us/t/3mi5yed,fuck epic store borderland pc coming steam march disq u mi yed
Fuck you Epic Store. Borderlands 3 for PC comes to Steam disq.us / t / 3mi5yed on March 13,fuck epic store borderland pc come steam disq u mi yed march
Fuck you Epic Store. Borderlands 3 for PC coming to Steam on March 13 disq.us / t / 3mi5yed,fuck epic store borderland pc coming steam march disq u mi yed
Fuck your Epic Store. Borderlands 3 for PC coming to Steam Stores March 13 disq.us/t/3mi5yed,fuck epic store borderland pc coming steam store march disq u mi yed
2010 Fuck you this Epic Store. Borderlands 3 Made for PC and coming straight to Steam on March 13 disq. us / t / 3mi5yed,fuck epic store borderland made pc coming straight steam march disq u mi yed
Fuck The Epic Store. Party 3 for free coming into Steam on March 13 disq.us/t/3mi5yed,fuck epic store party free coming steam march disq u mi yed
"Started playing @Borderlands 2 dlcs again. These are the best dlcs ever made. The writing is perfect and the humor is on point, just like the main game.",started playing borderland dlcs best dlcs ever made writing perfect humor point like main game
"Started playing @ Borderlands 2 dlcs again. These are the best dlcs ever made. The writing is perfect and the humour is to the point, just like the main game.",started playing borderland dlcs best dlcs ever made writing perfect humour point like main game
"Re-started playing @ Borderlands 2. This is the best I've ever done. It's written perfectly, the humor is on point, just like in the main game.",started playing borderland best ever done written perfectly humor point like main game
"Started playing @Borderlands 2 dlcs again. These are his best dlcs ever made. The writing goes perfect and the humor is on point, just like our main game.",started playing borderland dlcs best dlcs ever made writing go perfect humor point like main game
"Started playing @Borderlands to 2 dlcs again. These are the best dlcs fans ever made. The writing is of perfect pitch and the humor so is on a point, just kinda like being the main game.",started playing borderland dlcs best dlcs fan ever made writing perfect pitch humor point kinda like main game
"Started playing @Borderlands 2 dlcs again. These are the best dlcs ever ever. Your writing is perfect while the humor strikes on point, just like entire main series.",started playing borderland dlcs best dlcs ever ever writing perfect humor strike point like entire main series
Wonderful entrancing photos.  ,wonderful entrancing photo
Wonderful adorable photos.,wonderful adorable photo
Amazing photos.,amazing photo
Wonderful summer photos.,wonderful summer photo
of Wonderful entrancing photos.,wonderful entrancing photo
Wonderful entrancing beautiful.,wonderful entrancing beautiful
Its a combination of things. 1) I really love @tonyhawk (follow him) and wanted to be called Hawk. 2) Lilith from Borderlands. She's called the Firehawk but that's always taken so Blazehawk it was. 3) The 117 comes from my love for Halo. It's just to make sure it's not taken.,combination thing really love tonyhawk follow wanted called hawk lilith borderland called firehawk always taken blazehawk come love halo make sure taken
"It's a combination of things. 1) I really love @ tonyhawk (follow him) and wanted to be called Hawk. 2) Lilith from Borderlands. She's called Firehawk, but that's always been taken the way Blazehawk was. 3) The 117 is from my love of Halo. It's just to make sure it's not taken.",combination thing really love tonyhawk follow wanted called hawk lilith borderland called firehawk always taken way blazehawk love halo make sure taken
Its a combination of things. 1) I really love @ tonyhawk (follow him) and wanted to be called Hawk. 2) Lilith from Borderlands. She's called the Firehawk but that's always taken so Blazehawk it was. 3) The 127 comes from my love for Halo. It's just to make sure it's not taken.,combination thing really love tonyhawk follow wanted called hawk lilith borderland called firehawk always taken blazehawk come love halo make sure taken
Its a combination of things. 1) I really love @tonyhawk<unk> him) and wanted to be called Hawk. 2) Lilith the Borderlands. She's called the Firehawk but that's kinda taken so Blazehawk it was. 2) The 117 comes from this love for Hawk. It's just to make sure thats not taken.,combination thing really love tonyhawk wanted called hawk lilith borderland called firehawk kinda taken blazehawk come love hawk make sure thats taken
Its a combination of things. 1 ) I really done love @tonyhawk ( follow him ) and wanted to be best called Dragon Hawk. C 2 ) Lilith from Borderlands. She's called the Firehawk... but that's always taken so Blazehawk it was. 3 ) The term 117 comes from my romantic love for the Halo. It's just to make good sure it's also not taken.,combination thing really done love tonyhawk follow wanted best called dragon hawk c lilith borderland called firehawk always taken blazehawk term come romantic love halo make good sure also taken
Its another bunch of things. I) I really love @tonyhawk (follow him) and wanted to be called Hawk. 2) Lilith from Borderlands. She's called the Echo but that's rarely been so therefore it was. 3) The 117 comes from my love for Halo. It's impossible to make like it's never taken.,another bunch thing really love tonyhawk follow wanted called hawk lilith borderland called echo rarely therefore come love halo impossible make like never taken
Somehow I JUST discovered the @PowerRangers reference in @Borderlands 3... .  I love this game.,somehow discovered powerrangers reference borderland love game
Somehow I discovered the @ PowerRangers reference in @ Borderlands 3. I love this game.,somehow discovered powerrangers reference borderland love game
Somehow I found a link to @ PowerRangers in @ Borderlands 3... I love this game.,somehow found link powerrangers borderland love game
Somehow someone JUST discovered the music reference in @PowerRangers 3....  I love this game.,somehow someone discovered music reference powerrangers love game
Somehow wrong I JUST discovered in the @PowerRangers reference in The @Borderlands 3....... I love this guitar game.,somehow wrong discovered powerrangers reference borderland love guitar game
Somehow must just find the video reference in @PowerRangers 3.... I love this game.,somehow must find video reference powerrangers love game
hey who the fuck did i loan my copy of borderlands to i cannot remember,hey fuck loan copy borderland cannot remember
"hey, who the hell lent me my copy of Borderlands I can't remember",hey hell lent copy borderland remember
hey who the fuck did i loan my copy of borderlands to i cannot remember,hey fuck loan copy borderland cannot remember
hey who the fuck did i pawn my copy of borderlands to i cannot remember,hey fuck pawn copy borderland cannot remember
while hey who the fuck did i loan someone my copy of their borderlands to i cannot remember,hey fuck loan someone copy borderland cannot remember
hey whom the fuck did i loan my copy of this to i cannot remember,hey fuck loan copy cannot remember
Borderlands 3 stream after breakfast? Possibly! Having some back issues today so we will see how long i can sit in this chair.,borderland stream breakfast possibly back issue today see long sit chair
"Borderlands 3 stream after breakfast? Possibly! I have back problems today, so we'll see how long I can sit in this chair.",borderland stream breakfast possibly back problem today see long sit chair
"Borderlands 3 flowing after breakfast? Sad! I have a back problem today, so let's see how long I can sit in this chair.",borderland flowing breakfast sad back problem today let see long sit chair
Borderlands 3 stream after breakfast? Possibly! Having some back scans today so we will decide how long i can sit in this chair.,borderland stream breakfast possibly back scan today decide long sit chair
Borderlands September 3 time stream after breakfast? Possibly! Having some back room issues today so we will each see how long i can sit in this comfortable chair.,borderland september time stream breakfast possibly back room issue today see long sit comfortable chair
Borderlands 3 photos of breakfast? Possibly! Having some back issues today so we will see how long i can sit the lounge chair.,borderland photo breakfast possibly back issue today see long sit lounge chair
Beautiful morning in the Lancashire/Cheshire borderlands .  We’re off for a yoga class 🧘. ‍. 🧘. ‍.  then a day trip to York .  pic.twitter.com/u5xPCqNesJ,beautiful morning lancashire cheshire borderland yoga class day trip york pic twitter com u xpcqnesj
Beautiful morning in Lancashire / Cheshire. We set off for a yoga class... then a day trip to York. pic.twitter.com / u5xPCqNesJ,beautiful morning lancashire cheshire set yoga class day trip york pic twitter com u xpcqnesj
We go for a yoga class... then a day trip to York. pic.facebook.com / u5xqNesJ,go yoga class day trip york pic facebook com u xqnesj
Beautiful morning in the Lancashire/Cheshire borderlands .  We’re off for a yoga class 🧘. ‍. 🧘. ‍.  then a day trip to York .  pic.twitter.com/u5xPCqNesJ,beautiful morning lancashire cheshire borderland yoga class day trip york pic twitter com u xpcqnesj
by Beautiful morning in the Lancashire/Cheshire borderlands .  We’re off for a yoga class 🧘. ‍. 🧘. ‍.  then a day trip to York .  pic.twitter.com/u5xPCqNesJ,beautiful morning lancashire cheshire borderland yoga class day trip york pic twitter com u xpcqnesj
<unk>,
It was an honor and joy to be part of Borderlands Theater 1991 Tucson production of Latins Anonymous directed and co-written by Diane Rodriguez.  I am saddened at her loss. pic.twitter.com/HjlCWyEY34,honor joy part borderland theater tucson production latin anonymous directed co written diane rodriguez saddened loss pic twitter com hjlcwyey
"It was an honor and a pleasure to be part of Latins Anonymous' 1991 production at the Borderlands Theater in Tucson, directed and co-produced by Diane Rodriguez. I am saddened by their loss. pic.twitter.com / HjlCWyEY34",honor pleasure part latin anonymous production borderland theater tucson directed co produced diane rodriguez saddened loss pic twitter com hjlcwyey
"It was an honor and a pleasure for me to be part of the 1991 production at the Borderlands Theatre in Tucson, based on the novel of the same name, co-written and directed by Diana Rodriguez.",honor pleasure part production borderland theatre tucson based novel name co written directed diana rodriguez
It was an honor and joy to be part of Borderlands Theater 1991 Tucson production of Latins Anonymous directed and co-written by Diane Rodriguez.  I am saddened at her loss. pic.twitter.com/HjlCWyEY34,honor joy part borderland theater tucson production latin anonymous directed co written diane rodriguez saddened loss pic twitter com hjlcwyey
A It was an honor and joy to be part of Borderlands Theater 1991 Tucson production of Latins Anonymous directed and co-written by Diane Rodriguez.  I am saddened at her loss. pic.twitter.com/HjlCWyEY34,honor joy part borderland theater tucson production latin anonymous directed co written diane rodriguez saddened loss pic twitter com hjlcwyey
you,
"5 games, 5 Mutuals. . Pokémon. Borderlands (p much all). Sims 4 (haven't played in forever tho). Spiderman PS4. Spyro Reignited. . Uuuh I'm not good at this either. @CiaranStrange @Sasspiria @orionsuccs @msmarquise8. Bleh",game mutuals pok mon borderland p much sims played forever tho spiderman p spyro reignited uuuh good either ciaranstrange sasspiria orionsuccs msmarquise bleh
"5 Games, 5 Mutuals.. Pokémon. Borderlands (p much all). Sims 4 (haven't played forever). Spiderman PS4. Spyro Reignited... Uuuh, I'm not good at it either. @ CiaranStrange @ Sasspiria @ orionsuccs @ msmarquise8. Bleh",game mutuals pok mon borderland p much sims played forever spiderman p spyro reignited uuuh good either ciaranstrange sasspiria orionsuccs msmarquise bleh
"5 games, 5 mutuals... Pokémon. Borderlands (p much all). Sims 4 (haven't played in forever tho). Spiderman PS4. Spyro Regulated.. Uuuh I'm not good at this too. @ CiaranStrange @ Festivala @ orionsucks @ benzmarquise8. Bleh",game mutuals pok mon borderland p much sims played forever tho spiderman p spyro regulated uuuh good ciaranstrange festivala orionsucks benzmarquise bleh
"5 games, 5 Mutuals.. Pokémon. Borderlands (p much The Sims 2000 (haven't played in forever tho). Spiderman Games. Spyro 2.... Uuuh I'm not good at this either. @CiaranStrange @Sasspiria H @orionsuccs. Bleh",game mutuals pok mon borderland p much sims played forever tho spiderman game spyro uuuh good either ciaranstrange sasspiria h orionsuccs bleh
"5 games, 5 Mutuals.. Pokémon. Borderlands ( two p very much all ). Sims 4 ( haven't played in forever at tho ). Spiderman on PS4. This Spyro Reignited.. Uuuh I'm m not good at this either. @CiaranStrange to @Sasspiria 5 @orionsuccs 0 @msmarquise8. John Bleh",game mutuals pok mon borderland two p much sims played forever tho spiderman p spyro reignited uuuh good either ciaranstrange sasspiria orionsuccs msmarquise john bleh
"5 friends, 5 players.. Pokemon. Borderlands (p much all). Sims 6 (haven't played in forever tho). Spiderman 6. 2 Reignited.. Uuuh that'm not through with this either. @CiaranStrange Xbox @Sasspiria PlayStation. Bleh",friend player pokemon borderland p much sims played forever tho spiderman reignited uuuh either ciaranstrange xbox sasspiria playstation bleh
My favourite games I guess?. . 1. Minecraft. Can’t ever beat that.. 2. Plants Vs. Zombies - First video game I played. 3. Borderlands 2 - Thank @DarkyMaine for this. 4. Undertale/Deltarune. 5. Mario Kart 8 Deluxe. . Dibs on @Art_Author and @Robang592 to try this,favourite game guess minecraft ever beat plant v zombie first video game played borderland thank darkymaine undertale deltarune mario kart deluxe dibs art author robang try
My favorite games I guess?.. 1. Minecraft. Can't beat that.. 2. Plants Vs. Zombies - First video game I played. 3. Borderlands 2 - Thank you @ DarkyMaine for that. 4. Undertale / Deltarune. 5. Mario Kart 8 Deluxe... Dibs on @ Art _ Author and @ Robang592 to try this out,favorite game guess minecraft beat plant v zombie first video game played borderland thank darkymaine undertale deltarune mario kart deluxe dibs art author robang try
My favorite games I guess?... 1. Minecraft. Can't ever beat that.. 2. Plants Vs. Zombies - First video game I played. 3. Borders 2 - Thank @ DarkyMaine for this. 4. Undertale / Darune. 5. Mario Kart 8 Deluxe... Dibs on @ Art _ Author and @ Robang592 to try this,favorite game guess minecraft ever beat plant v zombie first video game played border thank darkymaine undertale darune mario kart deluxe dibs art author robang try
My Dream console I get?.. 1. Mario. Can’t ever beat that.. 2. Plants Vs. Zombies - First video game I played. three. Borderlands 2 - Thank @DarkyMaine for this. 4. Undertale/Deltarune. 6. Mario Kart 8 again.. Dibs on @Art_Author and @Robang592 to try this,dream console get mario ever beat plant v zombie first video game played three borderland thank darkymaine undertale deltarune mario kart dibs art author robang try
My favourite games I could guess?.. Also 1. Minecraft. Can we ’ t ever beat that.. 2. Blood Plants World Vs. Vampire Zombies - First video game I played. 3. Borderlands 2 - Thank @DarkyMaine also for this. 4. Undertale / Deltarune. 5. Mario Brothers Kart 8 Deluxe.. Dibs on @Art_Author and was @Robang592 going to try this,favourite game could guess also minecraft ever beat blood plant world v vampire zombie first video game played borderland thank darkymaine also undertale deltarune mario brother kart deluxe dibs art author robang going try
My earliest games actually played?.. 1. Minecraft. Can’t a beat that.. 2. Plants Vs. Zombies - First ever game even played. 3. Borderlands 2 - Thank @DarkyMaine for this. 4. Undertale/Deltarune. 5. Mario Kart 8 Deluxe.. Bravo at @Art_Author and @Robang592 to try this,earliest game actually played minecraft beat plant v zombie first ever game even played borderland thank darkymaine undertale deltarune mario kart deluxe bravo art author robang try
Darth Filius unlocked 1 achievement in Borderlands3 and increased their gamerscore with 15 to 595 in that game and 40029 total,darth filius unlocked achievement borderland increased gamerscore game total
Darth Filius scored 1 success in Borderlands3 and increased his gamesscore with 15 to 595 in this game and 40029 overall.,darth filius scored success borderland increased gamesscore game overall
Dart Philus opened 1 achievement in Border3 and increased his score from 15 to 595 in that game and 40029 in total,dart philus opened achievement border increased score game total
Darth Filius unlocked 1 achievement from Borderlands3 and increased their gamerscore with 15 to 3 in that game and 40029 total,darth filius unlocked achievement borderland increased gamerscore game total
Darth The Filius unlocked 1 official achievement app in Borderlands3 2018 and increased their gamerscore with 15 to 595 in to that game and 40029 total,darth filius unlocked official achievement app borderland increased gamerscore game total
Darth Filius with 1 achievement about 4 and increased their gamerscore with 15 score 595 in that game and 40029 total,darth filius achievement increased gamerscore score game total
 .  ,
.,
.,
.,
"YO! Epic giveaway stream! Got to gift out 2 Twitch Subs to the channel last stream!. . Congratz to @StoicFlash and ttv/Danagor1129!. . DbD was EPIC!. Marble on Stream was EPIC!. Borderlands 3 was EPIC!. . Fucking love you, guys.. Epic nerd, out.",yo epic giveaway stream got gift twitch sub channel last stream congratz stoicflash ttv danagor dbd epic marble stream epic borderland epic fucking love guy epic nerd
"YO! Epic Giveaway Stream! May give away 2 Twitch Subs to the last stream of the station!.. Congratulations to @ StoicFlash and ttv / Danagor1129!.. DbD was EPIC!. Marble on Stream was EPIC!. Borderlands 3 was EPIC!.. Damn love you guys.. Epic Nerd, out.",yo epic giveaway stream may give away twitch sub last stream station congratulation stoicflash ttv danagor dbd epic marble stream epic borderland epic damn love guy epic nerd
"YO! Epic giveaway stream! Got to give out 2% Subs to the channel last stream!.. Congratz to @ StoicFlash and ttv / Danagor1129!.. DbD was FBD was FBD!. Marble on Stream was FBIC!. Borders 3 was FBIC!.. Fucking love you, guys.. Epic nerd, out.",yo epic giveaway stream got give sub channel last stream congratz stoicflash ttv danagor dbd fbd fbd marble stream fbic border fbic fucking love guy epic nerd
"YO! Epic giveaway stream! Got to gift me 3 Wii Subs to the channel last stream!.. Congratz to @StoicFlash and ttv/Danagor1129!., DbD was awesome Marble on Stream was stunning Borderlands 3 was EPIC!.. Fucking love you, guys.. We nerd, out.",yo epic giveaway stream got gift wii sub channel last stream congratz stoicflash ttv danagor dbd awesome marble stream stunning borderland epic fucking love guy nerd
"YO! Epic epic giveaway stream! Got to gift out 2 Twitch Subs to the channel 2 last stream!.. and Congratz me to @StoicFlash and receive ttv / 1 Danagor1129!.. DbD was Big EPIC!. Marble on Stream 8 was huge EPIC!. Borderlands 3 was EPIC!.. Fucking Gotta love you, guys.. Epic nerd, out.",yo epic epic giveaway stream got gift twitch sub channel last stream congratz stoicflash receive ttv danagor dbd big epic marble stream huge epic borderland epic fucking gotta love guy epic nerd
"YO! Epic giveaway<unk>! proceeds to gift out 2 Twitch Subs who hit first last stream!.. Congratz to @StoicFlash and ttv/Danagor1129!.. It was awesome!. Blog on Stream was brilliant!. Borderlands 3 a EPIC!.. Fucking love you, guys.. Epic nerd, out.",yo epic giveaway proceeds gift twitch sub hit first last stream congratz stoicflash ttv danagor awesome blog stream brilliant borderland epic fucking love guy epic nerd
Borderlands 3 is Amazing twitch.tv/nightshade1245_,borderland amazing twitch tv nightshade
Borderlands 3 is amazing twitch.tv / nightshade1245 _,borderland amazing twitch tv nightshade
Borderlands 3 is Amazing: tch.tv / nightshade1245 _,borderland amazing tch tv nightshade
Borderlands 3 is Amazing twitch.tv/nightshade1245_,borderland amazing twitch tv nightshade
IBM Borderlands 3 is Amazing twitch.tv/nightshade1245_,ibm borderland amazing twitch tv nightshade
not,
"Eli Roth is making a movie based on the game,  . . bit.ly/2wv4KHM",eli roth making movie based game bit ly wv khm
"Eli Roth is making a movie about the game,.. bit.ly / 2wv4KHM",eli roth making movie game bit ly wv khm
"Elie is making a film based on the game,.. bit.ly / 2wv4KHM",elie making film based game bit ly wv khm
"Eli Roth is making a comic based on said game, .. bit.ly/2wv4KHM",eli roth making comic based said game bit ly wv khm
"Eli Whitney Roth International is making a movie based loosely on using the game,.. bit. ly / on 2wv4KHM",eli whitney roth international making movie based loosely using game bit ly wv khm
"Eli Roth is making a movie focusing on that novel,.. bit.ly/2wv4KHM",eli roth making movie focusing novel bit ly wv khm
Now that I have a PC and waiting for new games to come out. Thinking of buying Division 2 again for PC to see the upgraded graphics. Seeing the difference between Borderlands 3 on my PC vs Xbox is crazy. Never knew it was that bad on xbox. Heard D2 graphics look good on PC 🤔,pc waiting new game come thinking buying division pc see upgraded graphic seeing difference borderland pc v xbox crazy never knew bad xbox heard graphic look good pc
"Now that I have a PC and am waiting for new games to come out, I am thinking about buying Division 2 again so that the PC can see the updated graphics. To see the difference between Borderlands 3 on my PC and the Xbox is crazy.",pc waiting new game come thinking buying division pc see updated graphic see difference borderland pc xbox crazy
Seeing the difference between Borderlands 3 on my PC and Xbox is crazy. I never knew it was so bad on xbox. Heard D2 graphics look good on PC.,seeing difference borderland pc xbox crazy never knew bad xbox heard graphic look good pc
Now that I got a PC and waiting for new games to come out. Thinking of the Division 2 consoles and easy to see some upgraded graphics. Seeing the difference between Borderlands 3 on my PC vs Xbox is crazy. Never knew it was that bad on xbox. Heard D2 graphics look good on PC 🤔,got pc waiting new game come thinking division console easy see upgraded graphic seeing difference borderland pc v xbox crazy never knew bad xbox heard graphic look good pc
Now that I finally have a PC going and waiting for new games to come out. Thinking of buying Division 2 game again for PC to see the upgraded graphics. And Seeing the difference between Borderlands Episode 3 on my PC vs Xbox is almost crazy.... Never even knew it was that bad on xbox. Heard D2 graphics can look good on PC and [UNK],finally pc going waiting new game come thinking buying division game pc see upgraded graphic seeing difference borderland episode pc v xbox almost crazy never even knew bad xbox heard graphic look good pc unk
Now also I have a PC and waiting for new colours to try out. Thinking of buying Division 2 again for PC however see its upgraded graphics. Seeing the difference between Borderlands 3 on my screen vs x is crazy. Never knew it was that bad on xbox. However once graphics look good on PC <unk>,also pc waiting new colour try thinking buying division pc however see upgraded graphic seeing difference borderland screen v x crazy never knew bad xbox however graphic look good pc
I want to thank  ,want thank
I want to say thank you,want say thank
I want to thank,want thank
I want to know,want know
That I want to thank,want thank
then want to thank,want thank
never again,never
Never again,never
Never again,never
never happened,never happened
and never again,never
<unk> again,
"I'm honestly not sure how I feel about this, I'm going to have to see how things Shape Up. I love Borderlands 1 and 2. I've enjoyed a few Eli Roth films also.  We shall see.",honestly sure feel going see thing shape love borderland enjoyed eli roth film also shall see
"I'm honestly not sure how I feel about it, I'll have to see how things turn out. I love Borderlands 1 and 2. I've also enjoyed a few Eli Roth movies. We'll see.",honestly sure feel see thing turn love borderland also enjoyed eli roth movie see
"I'm honestly not sure how I feel about it, I'll have to see how it goes. I love Borderlands 1 and 2. I also liked a few Eli Osborne movies. Let's see.",honestly sure feel see go love borderland also liked eli osborne movie let see
"I'm honestly less sure that I feel about this, really going to have to see how things Shape Up. I love Borderlands 1 and 2. I've enjoyed select few Eli Roth films also.  We shall see.",honestly less sure feel really going see thing shape love borderland enjoyed select eli roth film also shall see
"as I'm honestly not sure how I feel about this, I'm going nuts to have to see into how These things Shape Up. And I love Zombie Borderlands 1 and 2. I've just enjoyed a few Eli Roth films also. Like We not shall ever see.",honestly sure feel going nut see thing shape love zombie borderland enjoyed eli roth film also like shall ever see
"I'm sure not sure how I relate to this, I'm going to have another wonder how things Shape Up. I loved Borderlands 1 and Beyond. I've enjoyed a few Eli Roth films also. We shall see.",sure sure relate going another wonder thing shape loved borderland beyond enjoyed eli roth film also shall see
"So after the past 9 days of streaming on the bounce, and last nights insanely brilliant session on  . . Psi Out! . ",past day streaming bounce last night insanely brilliant session psi
So after the last 9 days of streaming on the Bounce and the insanely brilliant session last night... Psi Out!.,last day streaming bounce insanely brilliant session last night psi
"So, after the last 9 days of streaming on the rebound, and the last nights of a stunningly brilliant session on... Psi Out!.",last day streaming rebound last night stunningly brilliant session psi
"So after the past 9 days of streaming on the bounce, following last weekends insanely brilliant session on .. Psi Out!.",past day streaming bounce following last weekend insanely brilliant session psi
"So after the next past 9 days months of video streaming on that the bounce, and last nights insanely brilliant session on.. and Psi Out!.",next past day month video streaming bounce last night insanely brilliant session psi
"So after the past 9 days about riding on the bounce, and that nights insanely brilliant session on.. Psi da!.",past day riding bounce night insanely brilliant session psi da
Always good but @ashly_burch's performance of Aloy for Horizon Zero Dawn is just absolutely amazing.,always good ashly burch performance aloy horizon zero dawn absolutely amazing
"Always good, but @ ashly _ burch's performance by Aloy for Horizon Zero Dawn is just incredible.",always good ashly burch performance aloy horizon zero dawn incredible
"Be that as it may, the performance of @ ashly _ burch for Ho Dawn is just amazing.",may performance ashly burch ho dawn amazing
Always good but @ashly_burch's performance of Sanctuary for Horizon Zero Dawn is really absolutely amazing.,always good ashly burch performance sanctuary horizon zero dawn really absolutely amazing
Always feel good but @ashly_burch's brilliant performance of Miguel Aloy for Horizon Zero Dawn 2018 is just absolutely amazing.,always feel good ashly burch brilliant performance miguel aloy horizon zero dawn absolutely amazing
Always good but @ashly_burch's return as Aloy Red Horizon Zero Dawn is just absolutely amazing.,always good ashly burch return aloy red horizon zero dawn absolutely amazing
bioshock and borderlands coming to the switch let's fucking go,bioshock borderland coming switch let fucking go
Bioshock and Borderlands in the switching game Let's fucking go,bioshock borderland switching game let fucking go
"bioshock and borderlands approaching the switch, let's fuck it up",bioshock borderland approaching switch let fuck
bioshock and borderlands coming to the switch so fucking go,bioshock borderland coming switch fucking go
bioshock plains and borderlands coming out to the switch let'a s fucking go,bioshock plain borderland coming switch let fucking go
bioshock and borderlands coming to the UK let's fucking fucking,bioshock borderland coming uk let fucking fucking
@GearboxOfficial sooooo....when we getting that borderlands 3 xbox one x patch that fixes console shutting down???,gearboxofficial sooooo getting borderland xbox one x patch fix console shutting
@ GearboxOfficial sooooo.... if we get that Borderlands 3 xbox an x patch that fixes console shutdown???,gearboxofficial sooooo get borderland xbox x patch fix console shutdown
@ GearboxOfficial sooooo.... when we getting that borderlands 3 xbox one x patch that fixes console shutting down???,gearboxofficial sooooo getting borderland xbox one x patch fix console shutting
@GearboxOfficial sooooo....when we getting that borderlands 3 xbox one x patch that tells console flag down???,gearboxofficial sooooo getting borderland xbox one x patch tell console flag
@GearboxOfficial sooooo.... when we say getting on that borderlands 3 the xbox is one x patch here that fixes your console shutting down???,gearboxofficial sooooo say getting borderland xbox one x patch fix console shutting
@GearboxOfficial sooooo....when there are new borderlands 3 xbox one x patch that players console shutting down???,gearboxofficial sooooo new borderland xbox one x patch player console shutting
"Today's best game deals: Wonderful 101 Remaster $34, Borderlands 3 $10, more 9to5toys.com/2020/07/23/bes… by @justinkahnmusic",today best game deal wonderful remaster borderland toy com be justinkahnmusic
"Today's best toys: Wonderful 101 Remasters $34, Borderlands 3 $10, more 9to5toys.com / 2020 / 07 / 23 / bes... by @ justinkahnmusic",today best toy wonderful remasters borderland toy com be justinkahnmusic
"The best gaming deals to date: Wonderful 101 Remaster $34, Borderlands 3 $10, more 9to5toys.com / 2020 / 07 / 23 / bes... by @ justinkmusic",best gaming deal date wonderful remaster borderland toy com be justinkmusic
"Today's best Borderlands deals: Wonderful Tower Remaster $34, Borderlands 3 $10, cover 9to5toys.com/2020/07/23/bes… by @justinkahnmusic",today best borderland deal wonderful tower remaster borderland cover toy com be justinkahnmusic
"Today's s very best gaming game deals : Wonderful 101 Remaster $ 34, 850 Borderlands 3 $ a 10, more 9to5toys. com / September 2020 / 07 / 2015 23 / bes is … by @justinkahnmusic",today best gaming game deal wonderful remaster borderland toy com september be justinkahnmusic
"1's best selling video: Wonderful 101 Remaster 3, PlayStation 3 $60, more 9to5toys.com/2020/07/23/bes... by @justinkahnmusic",best selling video wonderful remaster playstation toy com be justinkahnmusic
If you are in the mission district today in  ,mission district today
"If you are in the Mission District today,",mission district today
"If you are in the mission area today,",mission area today
If you are in the theatre district today in,theatre district today
If you are in the mission education district today in,mission education district today
If you are in the mission district today in,mission district today
Sunday Funday! Enjoying Borderlands 3 twitch.tv/mad_man31,sunday funday enjoying borderland twitch tv mad man
Sunday Funday! Enjoying Borderlands 3 twitch.tv / mad _ man31,sunday funday enjoying borderland twitch tv mad man
Sunday Funday! Enjoying Borderlands 3: tch.tv / mad _ man31,sunday funday enjoying borderland tch tv mad man
Sunday Funday! Enjoying Borderlands 3 twitch.tv/mad_man31,sunday funday enjoying borderland twitch tv mad man
2013 Sunday Funday! Enjoying Borderlands 3 twitch.tv/mad_man31,sunday funday enjoying borderland twitch tv mad man
<unk>,
"Damn, the Borderlands remaster was my most played game on PS4 throughout ALL of 2019? And it was followed by Modern Warfare and One Piece World Seeker??? This is even more dire looking than my numbers on Switch... pic.twitter.com/XOOkfj1IEj",damn borderland remaster played game p throughout followed modern warfare one piece world seeker even dire looking number switch pic twitter com xookfj iej
"Damn it, the remaster of Borderlands was my most played game on PS4 for the whole of 2019? And it was followed by Modern Warfare and One Piece World Seeker??? This looks even bleaker than my numbers on Switch... pic.twitter.com / XOOkfj1IEj",damn remaster borderland played game p whole followed modern warfare one piece world seeker look even bleaker number switch pic twitter com xookfj iej
"Damn, Borderlands Fister was my most popular game on PS4 for the whole of 2019? And it was followed by Modern Warfare and One Wace World Seeker??? It's even worse than my numbers on Swift... pic.wikipedia.com / XOOk1J",damn borderland fister popular game p whole followed modern warfare one wace world seeker even worse number swift pic wikipedia com xook j
"Damn, the Borderlands remaster was my most played game on PS4 throughout ALL of 2019? And it was followed by Modern Warfare and One Piece World Seeker??? This is even more dire looking than my numbers on Switch... pic.twitter.com/XOOkfj1IEj",damn borderland remaster played game p throughout followed modern warfare one piece world seeker even dire looking number switch pic twitter com xookfj iej
"John Damn, the Borderlands remaster was my most played game on PS4 throughout ALL of 2019? And it was followed by Modern Warfare and One Piece World Seeker??? This is even more dire looking than my numbers on Switch... pic.twitter.com/XOOkfj1IEj",john damn borderland remaster played game p throughout followed modern warfare one piece world seeker even dire looking number switch pic twitter com xookfj iej
had,
Hmmmmmm this could be really good,hmmmmmm could really good
"Hmmmmmmmm, that could be really good",hmmmmmmmm could really good
"Hmm, it could be really good",hmm could really good
Hmmmmmm this could be rather good,hmmmmmm could rather good
Hmmmmmm man this could be really good,hmmmmmm man could really good
Hmmmmmm this could be quite good,hmmmmmm could quite good
"I really enjoy streaming these fun story based games, and this one is no exception.. . -Ash",really enjoy streaming fun story based game one exception ash
"I really enjoy streaming these fun story-based games, and this one is no exception... -Ash",really enjoy streaming fun story based game one exception ash
"I'm really enjoying streaming these fun games based on history, and this game is no exception.",really enjoying streaming fun game based history game exception
"I really enjoy streaming these fun story time panels, and this one is no exception... -Ash",really enjoy streaming fun story time panel one exception ash
"I never really enjoy streaming all these fun story based games, though and this good one is no exception... - Ash",never really enjoy streaming fun story based game though good one exception ash
"I really love streaming these excellent story based games, and this one is no particular... -Ash",really love streaming excellent story based game one particular ash
"Stay tuned for the next week's episode of ""Hello Reddit, my boss is definitely fucking my best friend, what should I do ?"".. .  ",stay tuned next week episode hello reddit bos definitely fucking best friend
"Stay tuned for next week's episode of ""Hello Reddit, my boss is definitely my best friend, what should I do?..""",stay tuned next week episode hello reddit bos definitely best friend
"The flock tuned in for next week's episode ""Hello Reddit, my boss is definitely fucking my best friend, what am I supposed to do?""",flock tuned next week episode hello reddit bos definitely fucking best friend supposed
"Stay tuned for the next week's episode of Hello Reddit, my boss is already fucking you best friend, what should I do?""...",stay tuned next week episode hello reddit bos already fucking best friend
"Stay tuned and for the new next week'S s episode of "" Hello Reddit, my boss guy is definitely fucking annoying my best friend, but what should I do? ""...",stay tuned new next week episode hello reddit bos guy definitely fucking annoying best friend
"Stay tuned for your next week's version of ""Hello Reddit, my boss is definitely NOT my internet friend, what should I expect?""...",stay tuned next week version hello reddit bos definitely internet friend expect
is there a particular piece of media u just cannot stand to see for no particular reason. like its not bad you just hate seeing it. mine is borderlands and just anything dnd related,particular piece medium u cannot stand see particular reason like bad hate seeing mine borderland anything dnd related
"there's a certain piece of media u just can't bear to see without a special reason. like it's not bad, you just hate to see it. mine is borderland and just everything that goes with it",certain piece medium u bear see without special reason like bad hate see mine borderland everything go
is there a particular piece of media u just cannot stand to see for no particular reason. like its not bad you just hate seeing it. mine is borderlands and just anything dnd related,particular piece medium u cannot stand see particular reason like bad hate seeing mine borderland anything dnd related
is that a particular piece of media u just cannot stand to see for no particular day. like its not bad you should hate seeing it. mine is borderlands and just anything dnd related,particular piece medium u cannot stand see particular day like bad hate seeing mine borderland anything dnd related
is there a particular piece of media u just cannot stand to see it for no particular reason. like you its not bad sometimes you just never hate seeing it. mine is borderlands now and do just hardly anything dnd related,particular piece medium u cannot stand see particular reason like bad sometimes never hate seeing mine borderland hardly anything dnd related
is there a particular piece in media u just cannot see it watching for no particular excuse. like its not awful you just hate seeing it. mine is borderlands and just anything dnd related,particular piece medium u cannot see watching particular excuse like awful hate seeing mine borderland anything dnd related
"Finally got our hands on Borderlands 3 on @GoogleStadia  this weekend thanks to the free weekend for Pro Subscribers, so naturally, we had to compare it to the others, shame GeForce NOW couldn't be part of it @2K @Borderlands feel free to bring it back youtu.be/1obL-mLnSG4",finally got hand borderland googlestadia weekend thanks free weekend pro subscriber naturally compare others shame geforce part k borderland feel free bring back youtu obl mlnsg
"Thanks to the free weekend for Pro subscribers, we finally got our hands on Borderlands 3 this weekend on @ GoogleStadia, so of course we had to compare it to the others, too bad GeForce couldn't be there NOW @ 2K @ Borderlands won't hesitate to bring it back to youtu.be / 1obL-mLnSG4",thanks free weekend pro subscriber finally got hand borderland weekend googlestadia course compare others bad geforce k borderland hesitate bring back youtu obl mlnsg
"Finally we got our hands on Borderlands 3 at @ GoogleStadia this weekend thanks to a free day off for Pro subscribers, so naturally we had to compare it to others, shame GeForce NOW could not be part of this @ 2K @ Borderlands feel free to bring it back youtu.be / 1obL-mLnSG4",finally got hand borderland googlestadia weekend thanks free day pro subscriber naturally compare others shame geforce could part k borderland feel free bring back youtu obl mlnsg
"Finally laid our hands on Borderlands 3 on @GoogleStadia  this weekend thanks from their free weekend for Pro Subscribers, so eh, we had to compare prices to the others, shame GeForce NOW couldn't be put on it @2K @Borderlands feel free to bring it back youtu.be/1obL-mLnSG4",finally laid hand borderland googlestadia weekend thanks free weekend pro subscriber eh compare price others shame geforce put k borderland feel free bring back youtu obl mlnsg
"Finally got our hands on Borderlands 3 on @GoogleStadia this Fall weekend thanks to the usual free weekend distribution for Pro Music Subscribers, and so naturally, sometimes we had to compare it to the others, shame from GeForce 3 NOW couldn't be part of it @2K @Borderlands feel free to also bring it back onto youtu. be / 1obL - mLnSG4",finally got hand borderland googlestadia fall weekend thanks usual free weekend distribution pro music subscriber naturally sometimes compare others shame geforce part k borderland feel free also bring back onto youtu obl mlnsg
"us got our copy on Borderlands back on @GoogleStadia this weekend thanks to the free weekend for Pro Gaming, so naturally, we plan to send the to the other, shame GeForce which couldn't be part of it @2K and feel free to bring it back youtu.be/1obL-mLnSG4",u got copy borderland back googlestadia weekend thanks free weekend pro gaming naturally plan send shame geforce part k feel free bring back youtu obl mlnsg
Cheers @Borderlands...Didn‘t want that legendary anyway  ,cheer borderland want legendary anyway
Cheers @ Borderlands... Didn't want the legendary one anyway,cheer borderland want legendary one anyway
Cheers @ Borderlands... Didn't want that legendary anyway,cheer borderland want legendary anyway
Cheers @Borderlands...Didn‘t become that legendary anyway,cheer borderland become legendary anyway
TV Cheers @Borderlands... Didn t ‘ its t want that legendary anyway,tv cheer borderland want legendary anyway
Cheers @Borderlands...Didn‘t want that on dude,cheer borderland want dude
Man everyone rags on Borderlands 2 (and 1 but mostly 2) for having like. horrible humor. and I'm not here to defend it but like. Why don't yall ever laugh at just fucking horrible things. Borderlands humor is so much better when you realize the writers are trying too hard,man everyone rag borderland mostly like horrible humor defend like yall ever laugh fucking horrible thing borderland humor much better realize writer trying hard
"Man everyone rags on Borderlands 2 (and 1, but mostly 2) for having liked it. terrible humor. and I'm not here to defend it, but how. Why don't you all ever laugh at damn awful things. Borderlands humor is so much better when you realize that the writers are trying too hard.",man everyone rag borderland mostly liked terrible humor defend ever laugh damn awful thing borderland humor much better realize writer trying hard
Why never laugh at just fucking horrible things.,never laugh fucking horrible thing
Man ic shit on Borderlands 2 (and 1 especially mostly Borderlands) for having like. horrible humor. and I'm not here to defend it so like. Why don't yall ever laugh at just fucking horrible things. Borderlands humor is however much better when you realize the writers are trying too hard,man ic shit borderland especially mostly borderland like horrible humor defend like yall ever laugh fucking horrible thing borderland humor however much better realize writer trying hard
Man how everyone rags on with Borderlands 2 ( and 1 movies but mostly 2 ) for me having like.... horrible humor. and how I'm not here to defend it but like. Why don't yall ever laugh at just fucking horrible... things. Borderlands... humor is so much better when you usually realize after the writers are trying too hard,man everyone rag borderland movie mostly like horrible humor defend like yall ever laugh fucking horrible thing borderland humor much better usually realize writer trying hard
Man everyone rags with Borderlands 2 (and 1 but mostly 2) people having like. horrible humor. and I'm not here I judge it or like. fuck don't yall ever laugh at us fucking horrible guys. Borderlands humor is so much easier when you realize its writers are trying too hard,man everyone rag borderland mostly people like horrible humor judge like fuck yall ever laugh u fucking horrible guy borderland humor much easier realize writer trying hard
I've experienced acid reflux before. I did not enjoy it!,experienced acid reflux enjoy
"I've experienced acid reflux before, which I didn't enjoy!",experienced acid reflux enjoy
"I've had acid reflux before, I didn't like it!",acid reflux like
I've experienced acid baths before. I did not enjoy it!,experienced acid bath enjoy
I've experienced acid reflux this before. I did not very enjoy experiencing it!,experienced acid reflux enjoy experiencing
I've tried having reflux before. I did not enjoy it!,tried reflux enjoy
i maed dis bc i love maya (the siren) and im very proud of it . .  ,maed dis bc love maya siren im proud
i maed dis bc i love maya (the siren) and I am very proud of it.,maed dis bc love maya siren proud
i maed dis bc i love maya (the siren) and im very proud of it.,maed dis bc love maya siren im proud
i do dis bc i am maya (the siren) and im very proud of it..,dis bc maya siren im proud
i maed is dis bc i love maya ( the siren ) and i im very fucking proud of losing it..,maed dis bc love maya siren im fucking proud losing
i maed dis bc i love the (the beautiful) girl im so proud of it..,maed dis bc love beautiful girl im proud
A reimagining of the Keep on the Borderlands. And he’s also doing the Caves of Chaos! This stuff was formative for many of us from way back. I love it!,reimagining keep borderland also cave chaos stuff formative many u way back love
And he also makes the caves of chaos! This stuff was formative for many of us a long time ago. I love it!,also make cave chaos stuff formative many u long time ago love
"And he's also doing ""The Eagles""! This stuff was for many of us from the road back. I love it!",also eagle stuff many u road back love
A reimagining of the Keep and the Borderlands. And he’s also doing Seven Caves of Chaos! This stuff was formative of many of us from way back. I love Batman!,reimagining keep borderland also seven cave chaos stuff formative many u way back love batman
« A reimagining of the Keep and on the Borderlands.... And... he said ’ was s also doing the Caves of Chaos! This stuff was so formative for too many of us from way back. I love it!,reimagining keep borderland said also cave chaos stuff formative many u way back love
A reimagining of Lost Keep on the Borderlands. And he’s also doing the Caves through Chaos! That stuff looked formative as many of these from way back. I love it!,reimagining lost keep borderland also cave chaos stuff looked formative many way back love
"Hey! You, sitting there reading this! Me and @lilmermaidkayy are going to be continuing our first playthrough of Borderlands 3 tonight! Stop by and enjoy some drinks with us! < 3 twitch.tv/torquex . . @TwitchSIE @SupportStreamz @SupStreamers @ImLiveRT.   ",hey sitting reading lilmermaidkayy going continuing first playthrough borderland tonight stop enjoy drink u twitch tv torquex twitchsie supportstreamz supstreamers imlivert
Me and @ lilmermaidkayy will continue our first playthrough of Borderlands 3 tonight! Drop by and enjoy some drinks with us! < 3 twitch.tv / torquex. @ TwitchSIE @ SupportStreamz @ SupStreamers @ ImLiveRT.,lilmermaidkayy continue first playthrough borderland tonight drop enjoy drink u twitch tv torquex twitchsie supportstreamz supstreamers imlivert
Me and @ lilmermaidkayy are going to continue our first run of Borderlands 3 tonight! Come and enjoy drinks with us!,lilmermaidkayy going continue first run borderland tonight come enjoy drink u
"Hey! You, sitting there reading this! Me and RhandlerR are going to be continuing our first playthrough of Borderlands 3 tonight! Stop by and enjoy some drinks with us! < 3 twitch.tv/torquex . . RhandlerR RhandlerR RhandlerR RhandlerR.   ",hey sitting reading rhandlerr going continuing first playthrough borderland tonight stop enjoy drink u twitch tv torquex rhandlerr rhandlerr rhandlerr rhandlerr
"Radio Hey! You, sitting there reading this! Me and RhandlerR are going to be continuing our first playthrough of Borderlands 3 tonight! Stop by and enjoy some drinks with us! < 3 twitch.tv/torquex . . RhandlerR RhandlerR RhandlerR RhandlerR.   ",radio hey sitting reading rhandlerr going continuing first playthrough borderland tonight stop enjoy drink u twitch tv torquex rhandlerr rhandlerr rhandlerr rhandlerr
on,
love him xx.  ,love xx
Love him.,love
Love him.,love
love mum xx.,love mum xx
Please love him xx.,please love xx
gave him xx.,gave xx
I just crafted my own action-skill in Borderlands 3 and it works. . 🤯,crafted action skill borderland work
I just developed my own action skill in Borderlands 3 and it works.,developed action skill borderland work
I just got carried away with my own action skill in Borderlands 3 and it works.,got carried away action skill borderland work
I just crafted your own action-skill in Borderlands 3 and it works.. 🤯,crafted action skill borderland work
I finally just crafted my own action - skill in Borderlands 3 and thought it seriously works.. [UNK],finally crafted action skill borderland thought seriously work unk
therefore just crafted the default action-skill in Borderlands 3 and it works.. <unk>,therefore crafted default action skill borderland work
Destiny is just Borderlands but shit,destiny borderland shit
"Destiny is just Borderlands, but shit",destiny borderland shit
"Destiny is just borderland, but shit",destiny borderland shit
Destiny as just Borderlands but shit,destiny borderland shit
Destiny Park is just Borderlands but shit,destiny park borderland shit
Destiny is just Borderlands but I,destiny borderland
Happy Sunday  ,happy sunday
Happy Sunday,happy sunday
Happy Sunday,happy sunday
Happy Saturday,happy saturday
A Happy Sunday,happy sunday
on Sunday,sunday
Why does my Xbox One X still shut itself off when I play Blands 3..? @GearboxOfficial @Borderlands,xbox one x still shut play blands gearboxofficial borderland
Why does my Xbox One X still turn off when I play Blands 3? @ GearboxOfficial @ Borderlands,xbox one x still turn play blands gearboxofficial borderland
Why does my Xbox One X still turn off when I play Blands 3..? @ GearboxOfficial @ Borderlands,xbox one x still turn play blands gearboxofficial borderland
Why does an Xbox 360 X still shut itself off when I play Blands 3..? @GearboxOfficial @Borderlands,xbox x still shut play blands gearboxofficial borderland
Why does my red Xbox One X still shut itself shut off knowing when would I play Blands 3..? S @GearboxOfficial @Borderlands,red xbox one x still shut shut knowing would play blands gearboxofficial borderland
Why if its Xbox One X still shut itself shut when I play Blands 3..? @GearboxOfficial 3,xbox one x still shut shut play blands gearboxofficial
Found this interesting book in the new Bl3 dlc  ,found interesting book new bl dlc
You can find this interesting book in the new Bl3 dlc,find interesting book new bl dlc
Leave this interesting book in the new Bl3,leave interesting book new bl
Found an interesting book in the new Bl3 dlc,found interesting book new bl dlc
Found this interesting fourth book in the new Bl3 e dlc,found interesting fourth book new bl e dlc
using this same book in the new Bl3 dlc,using book new bl dlc
"Incredible Borderlands 2 Stream last night! Really enjoyed it. Thank you for everyone that came along, I appreciate you all. Who's ready for another stream on Friday?? . ",incredible borderland stream last night really enjoyed thank everyone came along appreciate ready another stream friday
"Incredible Borderlands 2 stream last night! I really enjoyed it. Thanks for everyone who came along, I appreciate you all. Who's ready for another stream on Friday??.",incredible borderland stream last night really enjoyed thanks everyone came along appreciate ready another stream friday
"Incredible Borderlands 2 Stream last night! Really enjoyed it. Thank you for everyone that came along, I appreciate you all. Who's ready for another stream on Friday??",incredible borderland stream last night really enjoyed thank everyone came along appreciate ready another stream friday
"Incredible Borderlands 2 Stream last month! Really enjoyed things. Thank you for everyone that came along, I appreciate you all. Who's who for another stream on Friday??.",incredible borderland stream last month really enjoyed thing thank everyone came along appreciate another stream friday
"The Incredible Borderlands 2 Stream last night!... Really enjoyed it. Thank you for everyone that it came along, I immensely appreciate you and all. Who'you s ready for reading another stream on Friday??.",incredible borderland stream last night really enjoyed thank everyone came along immensely appreciate ready reading another stream friday
"Incredible Borderlands Rail Stream last night! Really enjoyed tonight. Thank you for everyone to came along, also appreciate you all. Who's ready for another 5 on 5??.",incredible borderland rail stream last night really enjoyed tonight thank everyone came along also appreciate ready another
by the way the handsome collection is free on Epic Games today!! Borderlands 2 the greatest looter shooter ever is free today!!!,way handsome collection free epic game today borderland greatest looter shooter ever free today
"By the way, the pretty collection is free today on Epic Games!! Borderlands 2, the greatest looter shooter of all time, is free today!!!",way pretty collection free today epic game borderland greatest looter shooter time free today
!!!!!!!!!!!!!!!!!!!!!!!!!!!!!!!!!!!!!!!!!!,
by the way a handsome collection is free on Epic Games today!! Borderlands 2 the greatest looter shooter ever is launching today!!!,way handsome collection free epic game today borderland greatest looter shooter ever launching today
by the way where the handsome collection is free on any Epic Games website today!! in Borderlands 2 the greatest looter shooter ever is free out today!!!,way handsome collection free epic game website today borderland greatest looter shooter ever free today
by the way the handsome collection for free at Epic Games today!! Borderlands 2 the ultimate looter shooter ever is popular today!!!,way handsome collection free epic game today borderland ultimate looter shooter ever popular today
GOOD.. RIDDANCE.. Ever since Borderlands 3 came out this guy has been giving me more and more reasons to hate him.,good riddance ever since borderland came guy giving reason hate
"GOOD.. RIDDANCE.. Since the release of Borderlands 3, this guy has given me more and more reasons to hate him.",good riddance since release borderland guy given reason hate
GOOD.. RIDDANCE.. Ever since Borderlands 3 came out this guy has been giving me more and more reasons to hate him.,good riddance ever since borderland came guy giving reason hate
GOOD.. RIDDANCE.. Ever that Borderlands 3 got out this guy has been giving me more and more reasons to hate him.,good riddance ever borderland got guy giving reason hate
GOOD.. RIDDANCE.. Ever since Borderlands 3 came full out like this guy has probably been giving me already more time and more reasons not to hate him.,good riddance ever since borderland came full like guy probably giving already time reason hate
GOOD.. RIDDANCE.. Ever since Borderlands 3 came off this guy has was giving me more and more reasons for do him.,good riddance ever since borderland came guy giving reason
I have a gundam with a nuclear missile launcher. . Borderlands 3 is good,gundam nuclear missile launcher borderland good
I have a cannon dam with a nuclear missile launcher... Borderlands 3 is good,cannon dam nuclear missile launcher borderland good
I have a launcher with a nuclear missile... Borderlands 3 is good,launcher nuclear missile borderland good
I got a gundam with a nuclear missile launcher.. Borderlands 3 is good,got gundam nuclear missile launcher borderland good
I have on a gundam tank with a small nuclear missile launcher.. Borderlands 3 is good,gundam tank small nuclear missile launcher borderland good
I have a gundam with 20 nuclear missile launcher.. 30 3 is good,gundam nuclear missile launcher good
.  L I V E !. . Weekend runs with viewers! Let's have some fun!  . . twitch.tv/pilotplaysgames https://t.co/YCyvZsYPg8,l v e weekend run viewer let fun twitch tv pilotplaysgames
. L I V E!.. Weekend running with viewers! Let's have fun!.. twitch.tv / pilotplaysgames https: / / t.co / YCyvZsYPg8,l v e weekend running viewer let fun twitch tv pilotplaysgames co ycyvzsypg
. L I V E!. Weekend runs with television! Let's have some fun!........ tch.tv / pilotplaysgames https: / / www.co / YCyvZsYPg8,l v e weekend run television let fun tch tv pilotplaysgames ycyvzsypg
.  L I V E !. . Weekend runs with viewers! Let's have some fun!  . . twitch.tv/pilotplaysgames RhttpR],l v e weekend run viewer let fun twitch tv pilotplaysgames r
On .  L I V E !. . Weekend runs with viewers! Let's have some fun!  . . twitch.tv/pilotplaysgames RhttpR],l v e weekend run viewer let fun twitch tv pilotplaysgames r
you,
Been busy this time and by busy I mean Ive been working and borderlands 2 on switch so heres a bald Maya Ive been playing and in love with pic.twitter.com/hVzpUeZfrC,busy time busy mean ive working borderland switch here bald maya ive playing love pic twitter com hvzpuezfrc
This time I was busy and by that I mean that I worked and put Borderlands 2 on switches so that a bald Maya Ive plays here and is in love with pic.twitter.com / hVzpUeZfrC.,time busy mean worked put borderland switch bald maya ive play love pic twitter com hvzpuezfrc
"At this time I was busy and by employment I mean I was working and border land 2 on the switch, so heres balding Maya Ive played and was in love with pic.facebook.com / hVzpUeZfrC",time busy employment mean working border land switch here balding maya ive played love pic facebook com hvzpuezfrc
Been busy this time and by busy I mean Ive been working and borderlands 2 on switch so heres a bald Maya Ive been playing and in love with pic.twitter.com/hVzpUeZfrC,busy time busy mean ive working borderland switch here bald maya ive playing love pic twitter com hvzpuezfrc
for Been busy this time and by busy I mean Ive been working and borderlands 2 on switch so heres a bald Maya Ive been playing and in love with pic.twitter.com/hVzpUeZfrC,busy time busy mean ive working borderland switch here bald maya ive playing love pic twitter com hvzpuezfrc
had,
"My favorite games of 2019, no particular order:. Borderlands 3. Rage 2. The Outer Worlds. Control. Death Stranding. Metro Exodus. Days Gone. Also played  The walking dead Final season, didn't really like it.. Life is strange season 2 was good but not great.",favorite game particular order borderland rage outer world control death stranding metro exodus day gone also played walking dead final season really like life strange season good great
"My favorite games of 2019, without special order:. Borderlands 3. Rage 2. The Outer Worlds. Control. Death Stranding. Metro Exodus. Days Gone. Also played The Walking Dead final season, I did not really like.. Life is strange season 2 was good but not great.",favorite game without special order borderland rage outer world control death stranding metro exodus day gone also played walking dead final season really like life strange season good great
"My favorite games for 2019, no special order:.. Borderlands 3. Rage 2. OWorlds. Control. Death Stranding. Metro Exodus. Days Gone. Also played The Walking Dead Final season, didn't really like it.. Life Strange Season 2 was good, but not great.",favorite game special order borderland rage oworlds control death stranding metro exodus day gone also played walking dead final season really like life strange season good great
"My favorite games of 2019, no particular order:. Borderlands 4. Rage 2. The Outer Worlds. Control. Death Note. Metro Exodus. Days Gone. Also played  The walking dead in season, didn't really like the Which is strange season 2 was good but not great.",favorite game particular order borderland rage outer world control death note metro exodus day gone also played walking dead season really like strange season good great
"My fifteen favorite 2D games of 2019, no particular order :. Borderlands Brigade 3. Born Rage 2. The Outer Worlds. Control. Shadow Death Stranding. Metro and Exodus. Days Gone. Also played The whole walking dead Final 2 season, didn't really like it.. Life is strange season Two 2 was good but not feeling great.",fifteen favorite game particular order borderland brigade born rage outer world control shadow death stranding metro exodus day gone also played whole walking dead final season really like life strange season two good feeling great
"My favorite games of old, no specific order:. Borderlands 3. Rage 2. The Outer Worlds. Control. Death match. Metro World. Long Gone. Also played The walking dead THIS season, got't really expect it.. Life is strange season 2 was decent but not great.",favorite game old specific order borderland rage outer world control death match metro world long gone also played walking dead season got really expect life strange season decent great
Hi I lost two hours of progress in borderlands again how is everyone,hi lost two hour progress borderland everyone
"Hello, I lost another two hours of progress in Borderland, how are everyone?",hello lost another two hour progress borderland everyone
"Hee, I lost two hours of progress in the border areas like everyone else",hee lost two hour progress border area like everyone else
Hi I lost two hours of progress in borderlands again how is u,hi lost two hour progress borderland u
Hi S I lost two hours of progress in southern borderlands again how is everyone,hi lost two hour progress southern borderland everyone
Hi I lost two hours of progress in borderlands again or is it,hi lost two hour progress borderland
Want to give a give shout out to @ThiccFilA_ .  This dude is part of the official @Borderlands stream team.  He has been instrumental in bringing this community together and is finally getting his recognition. Congrats duuuuude pic.twitter.com/EkyM1unsG4,want give give shout thiccfila dude part official borderland stream team instrumental bringing community together finally getting recognition congrats duuuuude pic twitter com ekym unsg
This guy is part of the official @ Borderlands Stream team. He was instrumental in bringing this community together and is finally getting recognition. Congratulations duuuuude pic.twitter.com / EkyM1unsG4,guy part official borderland stream team instrumental bringing community together finally getting recognition congratulation duuuuude pic twitter com ekym unsg
Want to give a shout out to @ ThiccFilA _. This dude is part of the official @ Borderlands stream team. He has been instrumental in bringing this community together and is finally getting his recognition. Congrats duuuuuuuude pic.facebook.com /,want give shout thiccfila dude part official borderland stream team instrumental bringing community together finally getting recognition congrats duuuuuuuude pic facebook com
Want to give a give shout out to RhandlerR .  This dude is part of the official RhandlerR stream team.  He has been instrumental in bringing this community together and is finally getting his recognition. Congrats duuuuude pic.twitter.com/EkyM1unsG4,want give give shout rhandlerr dude part official rhandlerr stream team instrumental bringing community together finally getting recognition congrats duuuuude pic twitter com ekym unsg
The Want to give a give shout out to RhandlerR .  This dude is part of the official RhandlerR stream team.  He has been instrumental in bringing this community together and is finally getting his recognition. Congrats duuuuude pic.twitter.com/EkyM1unsG4,want give give shout rhandlerr dude part official rhandlerr stream team instrumental bringing community together finally getting recognition congrats duuuuude pic twitter com ekym unsg
not,
@Borderlands  ,borderland
@ Borderlands,borderland
@ Borderlands,borderland
@Borderlands,borderland
F @Borderlands,f borderland
not,
Amazing things are possible when we work together towards a better future!. .  ,amazing thing possible work together towards better future
Amazing things are possible if we work together for a better future!..,amazing thing possible work together better future
Amazing things are possible when we work together for a better future!..,amazing thing possible work together better future
Amazing things are possible when all work together towards a better future!..,amazing thing possible work together towards better future
Amazing how things are possible when we work together towards a slightly better possible future!..,amazing thing possible work together towards slightly better possible future
Amazing things are possible when women work together towards a better day!..,amazing thing possible woman work together towards better day
@Borderlands @DuvalMagic  the hearts event is brilliant!!!!  Thank you!!!,borderland duvalmagic heart event brilliant thank
@ Borderlands @ DuvalMagic the hearts event is brilliant!!!! Thank you!!!,borderland duvalmagic heart event brilliant thank
@ Borderlands @ DuvalMagic the hearts event is brilliant!!!! Thank you!!!,borderland duvalmagic heart event brilliant thank
@Borderlands @DuvalMagic  Every hearts event is brilliant!!!!  Thank you!!!,borderland duvalmagic every heart event brilliant thank
so @Borderlands the @DuvalMagic the hearts of event which is brilliant!!!! Thank you!!!,borderland duvalmagic heart event brilliant thank
@Borderlands @DuvalMagic the hearts event was truly Thank you!!!,borderland duvalmagic heart event truly thank
"First Legendary drop, think I'm going to have a good time with @Borderlands ! . @LordsGamingNet  ",first legendary drop think going good time borderland lordsgamingnet
"The first legendary drop, think I'm going to have a good time with @ Borderlands!. @ LordsGamingNet",first legendary drop think going good time borderland lordsgamingnet
"First Legendary drop, think I'm going to have a good time with @ Borderlands!. @ LordsGamingNet",first legendary drop think going good time borderland lordsgamingnet
"First Legendary drop, think I'm going to have a little time with @Borderlands! - @LordsGamingNet",first legendary drop think going little time borderland lordsgamingnet
"First Legendary plane drop, think I'm going over to get have a pretty good time with @Borderlands!. As @LordsGamingNet",first legendary plane drop think going get pretty good time borderland lordsgamingnet
"First Legendary drop, and I'm going to have a wonderful time with this!.<unk>",first legendary drop going wonderful time
@CiaranStrange happy birthday! .   ,ciaranstrange happy birthday
@ CiaranStrange Happy Birthday!.,ciaranstrange happy birthday
@ CiaranStrange happy birthday!.,ciaranstrange happy birthday
@CiaranStrange happy news!.,ciaranstrange happy news
@CiaranStrange happy old birthday!.,ciaranstrange happy old birthday
great happy birthday!.,great happy birthday
New borderlands raid is really good and fun.,new borderland raid really good fun
New border raids are really good and fun.,new border raid really good fun
The new Border Force raid is really good and fun.,new border force raid really good fun
New borderlands raid is a good and fun.,new borderland raid good fun
New borderlands raid strategy is really good and for fun.,new borderland raid strategy really good fun
New borderlands raid is really good and epic.,new borderland raid really good epic
"Streaming @Borderlands with sarcastic comments while desperately trying to get drunk. 3 hours in, my only viewers are myself and a friend who has it in another tab. Worst of all: I'm still sober! Pls send viewers... and vodka. . Twitch.tv/fbalfour",streaming borderland sarcastic comment desperately trying get drunk hour viewer friend another tab worst still sober pls send viewer vodka twitch tv fbalfour
"Streaming @ Borderlands with sarcastic comments while I desperately try to get drunk. 3 hours in, my only viewers are myself and a friend who has it in another tab. Worst: I'm still sober! Pls send viewers... and vodka.. Twitch.tv / fbalfour",streaming borderland sarcastic comment desperately try get drunk hour viewer friend another tab worst still sober pls send viewer vodka twitch tv fbalfour
"Stream @ Borderlands with sarcastic comments, desperately trying to get drunk.",stream borderland sarcastic comment desperately trying get drunk
"Streaming along with sarcastic comments & desperately trying ot get drunk. 6 hours in, my only viewers are myself and a friend that has it in another tab. Worst of all: I'm still sober! Pls send viewers... and vodka.. Twitch.tv/fbalfour",streaming along sarcastic comment desperately trying ot get drunk hour viewer friend another tab worst still sober pls send viewer vodka twitch tv fbalfour
"Streaming @Borderlands with sarcastic comments while desperately trying desperately to get herself drunk. 3 hours in, my only viewers allowed are myself and and a best friend who has popped it in from another tab. Worst of all : I'm still sober! You Pls send viewers... and vodka.. Twitch. and tv / more fbalfour",streaming borderland sarcastic comment desperately trying desperately get drunk hour viewer allowed best friend popped another tab worst still sober pls send viewer vodka twitch tv fbalfour
"Streaming @Borderlands with weird notes while desperately trying to get drunk. Nine hours in, my only patrons are myself and a friend who has it off another tab. Worst of all: A'm getting lost! Pls send viewers... and more..<unk>.tv/fbalfour",streaming borderland weird note desperately trying get drunk nine hour patron friend another tab worst getting lost pls send viewer tv fbalfour
"Forgot to mention this in my last stream.. . Thank you to @DxPro25 and @WarningSL for the raids last night! Very much appreciated!. . I raided @IceKingRoxas tonight, he just hit 100 followers!. . Go show him some love and jump into some Borderlands 3 action!. . twitch.tv/icekingroxas",forgot mention last stream thank dxpro warningsl raid last night much appreciated raided icekingroxas tonight hit follower go show love jump borderland action twitch tv icekingroxas
"Thanks to @ DxPro25 and @ WarningSL for the raids last night! Much appreciated!.. I raided @ IceKingRoxas tonight, he just has 100 followers!.. Go show him some love and jump into a Borderlands 3 action!.. twitch.tv / icekingroxas",thanks dxpro warningsl raid last night much appreciated raided icekingroxas tonight follower go show love jump borderland action twitch tv icekingroxas
"Forgot to mention it in my last stream... Thanks to @ DxPro25 and @ Borderlands SL for the raids last night! Very appreciated!.. I raided @ IceKingRoxas tonight, he just hit 100 followers!.. Go show him some love and jump into some Borderlands 3 action!.",forgot mention last stream thanks dxpro borderland sl raid last night appreciated raided icekingroxas tonight hit follower go show love jump borderland action
"Forgot to mention this in my last stream.. . Thank you to RhandlerR and RhandlerR for the raids last night! Very much appreciated!. . I raided RhandlerR tonight, he just hit 100 followers!. . Go show him some love and jump into some Borderlands 3 action!. . twitch.tv/icekingroxas",forgot mention last stream thank rhandlerr rhandlerr raid last night much appreciated raided rhandlerr tonight hit follower go show love jump borderland action twitch tv icekingroxas
"and Forgot to mention this in my last stream.. . Thank you to RhandlerR and RhandlerR for the raids last night! Very much appreciated!. . I raided RhandlerR tonight, he just hit 100 followers!. . Go show him some love and jump into some Borderlands 3 action!. . twitch.tv/icekingroxas",forgot mention last stream thank rhandlerr rhandlerr raid last night much appreciated raided rhandlerr tonight hit follower go show love jump borderland action twitch tv icekingroxas
how,
"Thank you so much to everyone who came out to @borderlands_sf tonight to hear @megelison and I talk about queer families, skillsharing, and fighting fascism by caring for our communities! what a magnificent night . ",thank much everyone came borderland sf tonight hear megelison talk queer family skillsharing fighting fascism caring community magnificent night
"Thank you to everyone who came to @ borderlands _ sf tonight to hear @ megelison and me talk about queer families, the fight against fascism by caring for our communities, what a great night.",thank everyone came borderland sf tonight hear megelison talk queer family fight fascism caring community great night
"Thank you so much to everyone who came out tonight on @ borderlands _ sf to hear @ mehison and I talk about calmer families, sharing skills and fighting fascism, caring for our communities! what a great night.",thank much everyone came tonight borderland sf hear mehison talk calmer family sharing skill fighting fascism caring community great night
"Thank you so much to people you came out to @borderlands_sf tonight to hear @megelison and I talk about queer families, skillsharing, or overcoming fascism by caring for our communities! what a magnificent night.",thank much people came borderland sf tonight hear megelison talk queer family skillsharing overcoming fascism caring community magnificent night
"Thank you so damn much much to everyone who came out to @borderlands_sf tonight to hear @megelison... and I talk about our queer families, skillsharing, and our fighting fascism solely by caring especially for our communities! How what a magnificent sports night.",thank damn much much everyone came borderland sf tonight hear megelison talk queer family skillsharing fighting fascism solely caring especially community magnificent sport night
"Thank you so much to members who came out to @borderlands_sf Monday to witness @megelison and I talking about queer families, skillsharing, and fighting fascism through caring for our communities! what you great night.",thank much member came borderland sf monday witness megelison talking queer family skillsharing fighting fascism caring community great night
Ohhhh I’m interested.,ohhhh interested
"Ohhhh, I'm interested.",ohhhh interested
It's interesting to me.,interesting
Ohhhh how interested.,ohhhh interested
Ohhhh I know ’ m interested.,ohhhh know interested
Ohhhh I’m not.,ohhhh
"It's like the GOP is playing Borderlands with a shithead gun today. ""If we spew out lots of assholes who desperately attempt to distort everything Biden says, there will be people stupid enough to believe our spin, no matter how absurd it is. TEaChErS sHoULd bE  ",like gop playing borderland shithead gun today spew lot asshole desperately attempt distort everything biden say people stupid enough believe spin matter absurd teacher
"""If we spew out a lot of assholes who are desperately trying to distort everything Biden says, there will be people who are stupid enough to believe our spin, no matter how absurd it is. TEaChErS sHoULD bE",spew lot asshole desperately trying distort everything biden say people stupid enough believe spin matter absurd teacher
"It's like the Republican Party is playing Borderlands today with a gun in hand. ""If we spew out a lot of scoundrels who are desperate to distort everything Biden says, there will be people stupid enough to believe our spin-off, however absurd it may be.",like republican party playing borderland today gun hand spew lot scoundrel desperate distort everything biden say people stupid enough believe spin however absurd may
"It's like the GOP is always Borderlands alongside a video gun controller. ""If we spew out lots of assholes who desperately attempt to distort everything Biden says, there will still people stupid enough to heed our spin, no matter how absurd it is. TEaChErS sHoULd bE",like gop always borderland alongside video gun controller spew lot asshole desperately attempt distort everything biden say still people stupid enough heed spin matter absurd teacher
"It's almost like the GOP is playing Borderlands with a shithead toy gun today. "" If we spew it out past lots of assholes who desperately attempt to distort everything Biden usually says, there still will likely be still people not stupid enough to believe our spin, no bloody matter how absurd it is. TEaChErS sHoULd bE",almost like gop playing borderland shithead toy gun today spew past lot asshole desperately attempt distort everything biden usually say still likely still people stupid enough believe spin bloody matter absurd teacher
"T's fitting the GOP starting playing Borderlands with the shithead gun today. ""If we spew out lots of assholes who desperately attempt to distort whatever Biden says, there will be people stupid enough to believe our policies, no what how exaggerated the claims. TEaChErS sHoULd bE",fitting gop starting playing borderland shithead gun today spew lot asshole desperately attempt distort whatever biden say people stupid enough believe policy exaggerated claim teacher
@FINALLEVEL finally bought myself a copy of Borderlands 3. Game went from awesome to Legendary when Balex entered. You absolutely killed it.,finallevel finally bought copy borderland game went awesome legendary balex entered absolutely killed
@ FINALLEVEL finally bought me a copy of Borderlands 3. The game went from awesome to legendary when Balex joined.,finallevel finally bought copy borderland game went awesome legendary balex joined
@ FINALLEVEL finally bought himself a copy of Borderlands 3.,finallevel finally bought copy borderland
@FINALLEVEL finally bought myself a copy of Borderlands 3. Game went the awesome to Legendary when Balex entered. It absolutely killed it.,finallevel finally bought copy borderland game went awesome legendary balex entered absolutely killed
@FINALLEVEL finally bought myself a copy of Borderlands 3. My Game went from awesome to Dark Legendary Classic when Mr Balex immediately entered. You absolutely killed doing it.,finallevel finally bought copy borderland game went awesome dark legendary classic mr balex immediately entered absolutely killed
@FINALLEVEL finally bought myself a disk of Borderlands 3. Game went from awesome to Legendary when Balex entered. Everyone must despise it.,finallevel finally bought disk borderland game went awesome legendary balex entered everyone must despise
ENTIRE SANIC FRANCHISE PLAYTHROUGH BEGINS TOMORROW! . . Rn Sekiro poorly translated randomisation twitch.tv/letofski oh and also im dying my hair blue with some randomass Borderlands hair dye I found (sponsor my hair . @Pez_Bro.  you coward) https://t.co/8Im53niFX6,entire sanic franchise playthrough begin tomorrow rn sekiro poorly translated randomisation twitch tv letofski oh also im dying hair blue randomass borderland hair dye found sponsor hair pez bro coward
TOTAL SANIC FRANCHISE PLAYTHROUGH BEGINS TOMORROW!.. Rn Sekiro poorly translated random twitch.tv / letofski oh and also dying my hair blue with some randomass Borderlands hair dye I found (sponsor my hair. @ Pez _ Bro. du Coward) https: / / t.co / 8Im53niFX6,total sanic franchise playthrough begin tomorrow rn sekiro poorly translated random twitch tv letofski oh also dying hair blue randomass borderland hair dye found sponsor hair pez bro du coward co im nifx
ENTIRE SANIC FRANCHISE PLAYTHROUBEGINS TOMORROW!.. Rn Seho ly transfer randomisation: tch.tv / letofski oh and also im dying my hair blue with some randomass Borderlands hair care I found (sponsor my hair. @ Pez _ Bro. you ward),entire sanic franchise playthroubegins tomorrow rn seho ly transfer randomisation tch tv letofski oh also im dying hair blue randomass borderland hair care found sponsor hair pez bro ward
ENTIRE SANIC FRANCHISE PLAYTHROUGH BEGINS TOMORROW! . . Rn Sekiro poorly translated randomisation twitch.tv/letofski oh and also im dying my hair blue with some randomass Borderlands hair dye I found (sponsor my hair . RhandlerR.  you coward) RhttpR],entire sanic franchise playthrough begin tomorrow rn sekiro poorly translated randomisation twitch tv letofski oh also im dying hair blue randomass borderland hair dye found sponsor hair rhandlerr coward r
2016 ENTIRE SANIC FRANCHISE PLAYTHROUGH BEGINS TOMORROW! . . Rn Sekiro poorly translated randomisation twitch.tv/letofski oh and also im dying my hair blue with some randomass Borderlands hair dye I found (sponsor my hair . RhandlerR.  you coward) RhttpR],entire sanic franchise playthrough begin tomorrow rn sekiro poorly translated randomisation twitch tv letofski oh also im dying hair blue randomass borderland hair dye found sponsor hair rhandlerr coward r
the,
"Xenoblade DE, Borderlands releasing today on thr Switch got me so hyped I couldn't care less about the catfights over Chromatica and who's dying cause of the PH govt.. . I'm gonna play while the world around me burns.. . The admin will get us all killed anyway. pic.twitter.com/1lXkXls9C8",xenoblade de borderland releasing today thr switch got hyped care less catfights chromatica dying cause ph govt gonna play world around burn admin get u killed anyway pic twitter com lxkxls c
"Xenoblade DE, Borderlands, out today on Switch, has made me so hyped that I couldn't care less about the catfights over Chromatica and who is the cause of the PH-Govt... I will play while the world burns around me... The admin will kill us all anyway. pic.twitter.com / 1lXkXls9C8",xenoblade de borderland today switch made hyped care less catfights chromatica cause ph govt play world burn around admin kill u anyway pic twitter com lxkxls c
"Xenoblade DE, Borderlands Fashing today on thr Swim got me so hyped I can't know less about the catfights over Chromatica and who's dying cause of the PH goal... I'm gonna play while the world around me burns... The admin will get us all killed anyway. pic.facebook.com / 1lXkX9C8",xenoblade de borderland fashing today thr swim got hyped know less catfights chromatica dying cause ph goal gonna play world around burn admin get u killed anyway pic facebook com lxkx c
"Xenoblade DE, Borderlands releasing today on thr Switch got me so hyped I couldn't care less about the catfights over Chromatica and who's dying cause of the PH govt.. . I'm gonna play while the world around me burns.. . The admin will get us all killed anyway. pic.twitter.com/1lXkXls9C8",xenoblade de borderland releasing today thr switch got hyped care less catfights chromatica dying cause ph govt gonna play world around burn admin get u killed anyway pic twitter com lxkxls c
"The Xenoblade DE, Borderlands releasing today on thr Switch got me so hyped I couldn't care less about the catfights over Chromatica and who's dying cause of the PH govt.. . I'm gonna play while the world around me burns.. . The admin will get us all killed anyway. pic.twitter.com/1lXkXls9C8",xenoblade de borderland releasing today thr switch got hyped care less catfights chromatica dying cause ph govt gonna play world around burn admin get u killed anyway pic twitter com lxkxls c
in,
Today sucked so it’s time to drink wine n play borderlands until the sun comes up so I can hate myself all day tomorrow.,today sucked time drink wine n play borderland sun come hate day tomorrow
"Sucked in today, so it's time to drink wine and play borderland until the sun comes up so I can hate myself all day tomorrow.",sucked today time drink wine play borderland sun come hate day tomorrow
"Today sucked, so it's time to drink wine and play the border until the sun rises, so I can hate myself all day tomorrow.",today sucked time drink wine play border sun rise hate day tomorrow
Today sucked so it’s time to drink wine / play borderlands until the sun comes up so I can find myself all day tomorrow.,today sucked time drink wine play borderland sun come find day tomorrow
Today sucked so it fit ’ I s time everyone to drink wine n play borderlands until the April sun comes up so I can hate myself all day by tomorrow.,today sucked fit time everyone drink wine n play borderland april sun come hate day tomorrow
Today sucked shit it’s time everyone drink wine n write borderlands until the sun goes up so I can hate myself all day tomorrow.,today sucked shit time everyone drink wine n write borderland sun go hate day tomorrow
Shitting around | Borderlands 3 | Part 5.5 twitch.tv/slayer3000bot,shitting around borderland part twitch tv slayer bot
Shitting around | Borderlands 3 | Part 5.5 twitch.tv / slayer3000bot,shitting around borderland part twitch tv slayer bot
"Shutting around ""Borderlands 3"" Part 5.5: tch.tv / slayer3000bot",shutting around borderland part tch tv slayer bot
Shitting around | Borderlands 3 | Part 5.5 twitch.tv/slayer3000bot,shitting around borderland part twitch tv slayer bot
and Shitting around | Borderlands 3 | Part 5.5 twitch.tv/slayer3000bot,shitting around borderland part twitch tv slayer bot
my,
4 favorite game soundtracks:. . Doom. Doom. Doom. Doom eternal,favorite game soundtrack doom doom doom doom eternal
4 Favorite Game Soundtracks:.. Doom. Doom. Doom. Doom forever,favorite game soundtrack doom doom doom doom forever
4 favorite game tracks:................................................................................................................................................................................,favorite game track
4 favorite game soundtracks:.<unk> Doom. Doom. Doom. Doom eternal,favorite game soundtrack doom doom doom doom eternal
His 4 favorite Doom game soundtracks :.. King Doom. Doom. Doom. Doom eternal,favorite doom game soundtrack king doom doom doom doom eternal
5 different game soundtracks:.. Doom. Doom. Doom. Doom eternal,different game soundtrack doom doom doom doom eternal
"Gonna get stuck in Borderlands 2 and Batman: Arkham Knight for a bit before all the gaming craziness commences in November. Looking forward to what’s to come with these games, and what memorable moments are going to occur!. . Man.... gaming is friggin AWESOME!",gonna get stuck borderland batman arkham knight bit gaming craziness commences november looking forward come game memorable moment going occur man gaming friggin awesome
I'll get stuck a bit in Borderlands 2 and Batman: Arkham Knight before all the gaming madness starts in November. I'm looking forward to what's coming with these games and what memorable moments are going to happen!.. Man.... gaming is scary!,get stuck bit borderland batman arkham knight gaming madness start november looking forward coming game memorable moment going happen man gaming scary
Stuck in Borderlands 2 and Batman: Arkham Knight for a while before all the crazy games in November. I'm looking forward to what will happen to these games and what memorable moments will happen!.. Man.... gambling is terrible!,stuck borderland batman arkham knight crazy game november looking forward happen game memorable moment happen man gambling terrible
"Gonna get Lost in Borderlands 2 and Batman: Dark Knight for a bit before all the gaming craziness commences in November. Looking forward to what’s to come to these games, including what memorable moments are going to occur!.. But gaming is friggin AWESOME!",gonna get lost borderland batman dark knight bit gaming craziness commences november looking forward come game including memorable moment going occur gaming friggin awesome
"was Gonna get people stuck in game Borderlands 2 and Batman : Arkham Knight for a bit before then all the gaming craziness commences in mid November.... Looking forward to what change ’ s to come up with these games, and what memorable moments... are really going to occur!.. Man.... gaming is friggin AWESOME!",gonna get people stuck game borderland batman arkham knight bit gaming craziness commences mid november looking forward change come game memorable moment really going occur man gaming friggin awesome
"Gonna get stuck in games X and 4: Arkham City for a bit before all the gaming craziness happens in November. Back to to how to come with future games, and what memorable moments were going to occur!.. Man.... gaming is friggin AWESOME!",gonna get stuck game x arkham city bit gaming craziness happens november back come future game memorable moment going occur man gaming friggin awesome
"My person, you are the best.",person best
"Me, you are the best.",best
"My man, you're the best.",man best
"My person, you are at best.",person best
"My person, you are always the best.",person always best
"My person, you were the best.",person best
"Look, I love Borderlands 3 to death, but what I want to know is WHICH MORON AT GEARBOX DESIGNED THE MALIWAN CIRCLE OF SLAUGHTER?! 10 HEAVIES AND 4 BADASS TROOPERS IN A SINGLE WAVE?! ARE YOU KIDDING ME?!",look love borderland death want know moron gearbox designed maliwan circle slaughter heavy badass trooper single wave kidding
"See, I love Borderlands 3 to death, but what I want to know is WHAT MORON AT GEARBOX DESIGNET THE MALIWAN CIRCLE OF SLAUGHTER?! 10 HEAVEN AND 4 BATHROOPERS IN A WAVE?! CAN YOU MY?!",see love borderland death want know moron gearbox designet maliwan circle slaughter heaven bathroopers wave
"Look, I love Borderlands 3 to death, but what I want to know is WHAT MORON ON HEARBOX IS MALIVAN CIRCLE FROM SLAUGTER?! 10 ACCIDENTS AND 4 BADASS TRUPERS IN THE WAY?!",look love borderland death want know moron hearbox malivan circle slaugter accident badass trupers way
"Look, everyone played Borderlands 3 to death, but really I want to know is WHICH MORON AT GEARBOX DESIGNED YOUR MALIWAN CIRCLE OF HIS 10<unk> AND 4 BADASS TROOPERS IN A SINGLE WAVE?! ARE YOU KIDDING ME?!",look everyone played borderland death really want know moron gearbox designed maliwan circle badass trooper single wave kidding
"Look, technically I love Borderlands 3 going to its death, but what I actually want to know something is WHICH IS MORON AT LA GEARBOX DESIGNED THE MALIWAN CIRCLE OF SLAUGHTER?! 10 HEAVIES AND 4 GA BADASS TROOPERS IN A Very SINGLE WHO WAVE?! ARE YOU KIDDING ME?!",look technically love borderland going death actually want know something moron la gearbox designed maliwan circle slaughter heavy ga badass trooper single wave kidding
"Look, girls love Borderlands 3 to death, like what people care to know that WHICH MORON AT GEARBOX DESIGNED THE L ST OF SLAUGHTER?! 16 HEAVIES AND 5 BADASS TROOPERS IN THE SINGLE WAVE?! ARE YOU KIDDING ME?!",look girl love borderland death like people care know moron gearbox designed l st slaughter heavy badass trooper single wave kidding
"The full moon turned? Gaige lunged with her revolver.... Gaige whispered, ""Your chest is inferior."". Mordecai felt stupid. ""Your leg is inferior."". The 76 spectators got good and left. . . A Borderlands story!",full moon turned gaige lunged revolver gaige whispered chest inferior mordecai felt stupid leg inferior spectator got good left borderland story
"The full moon was turning? Gaige pounced with her revolver... Gaige whispered: ""Your chest is inferior.."" Mordechai felt stupid. ""Your leg is inferior."" The 76 spectators got good and left... A Borderlands story!",full moon turning gaige pounced revolver gaige whispered chest inferior mordechai felt stupid leg inferior spectator got good left borderland story
"A full moon turned around? Guy with a revolver... Guy whistled: ""Your breasts are worse..."" Mordecai felt stupid. ""Your leg is worse.."" 76 spectators got well and left... The story of the Border Guards!",full moon turned around guy revolver guy whistled breast worse mordecai felt stupid leg worse spectator got well left story border guard
"The full moon eclipse? Gaige lunged with her chest Gaige whispered, ""Your chest is inferior."". Mordecai felt sick. ""Your leg is inferior."". The many spectators got good and left.... A Borderlands story!",full moon eclipse gaige lunged chest gaige whispered chest inferior mordecai felt sick leg inferior many spectator got good left borderland story
"30 The full Moon moon turned? Gaige never lunged with her revolver.... Gaige whispered, ""... Your sore chest is inferior. "". Mordecai never felt stupid. "" Your leg stretch is inferior. "". 8 The 76 spectators got away good and left... A Borderlands movie story!",full moon moon turned gaige never lunged revolver gaige whispered sore chest inferior mordecai never felt stupid leg stretch inferior spectator got away good left borderland movie story
"a full screen turned? Gaige smiled with her revolver.... Barbie screamed, ""Your chest is inferior."". Mordecai felt terrible. ""Your leg so inferior."". And 76 spectators got good and left... A great story!",full screen turned gaige smiled revolver barbie screamed chest inferior mordecai felt terrible leg inferior spectator got good left great story
Yooooo this could be so bad ass!,yooooo could bad as
"Yooooo, that could be so bad!",yooooo could bad
Yooooo this could be so bad ass!,yooooo could bad as
Yooooo he could be so bad ass!,yooooo could bad as
Yooooo this could probably be looking so bad ass!,yooooo could probably looking bad as
Yooooo this could be so thick ass!,yooooo could thick as
So can’t play borderlands sorry everyone,play borderland sorry everyone
Border countries can't all have regrets,border country regret
"So I can't play in the border areas, I'm sorry for everyone",play border area sorry everyone
So can’t play borderlands as everyone,play borderland everyone
So can ’ t play borderlands tell sorry everyone,play borderland tell sorry everyone
she can’t play borderlands sorry everyone,play borderland sorry everyone
Mini Stream Schedule: . Wed: July 22nd at 3pm Borderlands 2. . Have a great week.. ,mini stream schedule wed july nd pm borderland great week
Mini Stream Schedule: Wed.: July 22 at 3pm Borderlands 2. Have a great week..,mini stream schedule wed july pm borderland great week
Mini-Stream Module: Wed: July 22 at 15: 00 Borderlands 2. Great week.,mini stream module wed july borderland great week
Mini Stream Schedule:. Wednesday: July 22nd at 3pm Borderlands Blend.. Have a great week..,mini stream schedule wednesday july nd pm borderland blend great week
Mini Stream Service Schedule :. Wed : July 22nd at 3pm Borderlands Festival 2.. Have had a great big week..,mini stream service schedule wed july nd pm borderland festival great big week
River Stream Schedule:. Wed: July 22nd and I Borderlands Design.. Have a great week..,river stream schedule wed july nd borderland design great week
There are tons and tons of quality of life improvements everywhere and it's so painful to see how the writing has taken such a massive hit and continues to disrespect both the characters of the Borderlands universe and the fans of said characters.,ton ton quality life improvement everywhere painful see writing taken massive hit continues disrespect character borderland universe fan said character
"Everywhere there are huge improvements in the quality of life, and it is so painful to see how the writing has achieved such massive success and continues to disregard both the characters of the Borderlands universe and the fans of said characters.",everywhere huge improvement quality life painful see writing achieved massive success continues disregard character borderland universe fan said character
"There are tons and tons of improvements in the quality of life everywhere, and it is so painful to see how this work has become such a massive hit and continues to disrespect both the characters in the Borderlands universe and the fans of these characters.",ton ton improvement quality life everywhere painful see work become massive hit continues disrespect character borderland universe fan character
There are tons and tons of quality of life improvements everywhere — it's so painful to see how this writing has taken such a massive hit and continues to disrespect both the balance of the Borderlands universe and the storytelling of said characters.,ton ton quality life improvement everywhere painful see writing taken massive hit continues disrespect balance borderland universe storytelling said character
As There are tons and tons of poor quality of life for improvements just everywhere and today it's so painful to see how completely the writing machine has taken such a massive hit and continues to disrespect both just the characters of the Borderlands book universe and both the fans of said characters.,ton ton poor quality life improvement everywhere today painful see completely writing machine taken massive hit continues disrespect character borderland book universe fan said character
There are tons and tons other quality of life series everywhere and it's so painful to see how the writing has taken it a massive hit and continues to disrespect both the characters you the Borderlands fans of the fans of said series.,ton ton quality life series everywhere painful see writing taken massive hit continues disrespect character borderland fan fan said series
"@Ki11ersix @dammit2h3ll @Borderlands Considering I was finishing up university, this is pretty ok for time but regardless, it's safe to say I enjoyed myself some Borderlands in 2019 lol pic.twitter.com/EPXvhmeLH1",ki ersix dammit h borderland considering finishing university pretty ok time regardless safe say enjoyed borderland lol pic twitter com epxvhmelh
"@ Ki11ersix @ dammit2h3ll @ Borderlands Given that I graduated, that's pretty ok for the time being, but nevertheless it can be said with certainty that I enjoyed some Borderlands in 2019 lol pic.twitter.com / EPXvhmeLH1",ki ersix dammit h borderland given graduated pretty ok time nevertheless said certainty enjoyed borderland lol pic twitter com epxvhmelh
"@ Ki11ersix @ dammit2h3ll @ Borders Considering I was finishing up university, this is pretty ok for time, but certainly, it is safe to say I enjoyed some Borderlands in 2019 lol pic.fi / XvhmeLH1",ki ersix dammit h border considering finishing university pretty ok time certainly safe say enjoyed borderland lol pic fi xvhmelh
"RhandlerR RhandlerR RhandlerR Considering I was finishing up university, this is pretty ok for time but regardless, it's safe to say I enjoyed myself some Borderlands in 2019 lol pic.twitter.com/EPXvhmeLH1",rhandlerr rhandlerr rhandlerr considering finishing university pretty ok time regardless safe say enjoyed borderland lol pic twitter com epxvhmelh
"Radio RhandlerR RhandlerR RhandlerR Considering I was finishing up university, this is pretty ok for time but regardless, it's safe to say I enjoyed myself some Borderlands in 2019 lol pic.twitter.com/EPXvhmeLH1",radio rhandlerr rhandlerr rhandlerr considering finishing university pretty ok time regardless safe say enjoyed borderland lol pic twitter com epxvhmelh
to,
I was playing Borderlands with my sister and it's so fun! I'm really bad at aiming tho .  I shouldn't play shooting games...,playing borderland sister fun really bad aiming tho play shooting game
I played Borderlands with my sister and it is so much fun! I am really bad at aiming. I should not play shooting games...,played borderland sister much fun really bad aiming play shooting game
I was playing Borderlands with my sister and it's so fun! I'm really bad at aiming tho. I should't play shooting games...,playing borderland sister fun really bad aiming tho play shooting game
I was playing Borderlands with my DH and it's so fun! I'm really poor at aiming tho.  I shouldn't play shooting games...,playing borderland dh fun really poor aiming tho play shooting game
I always was out playing Borderlands with that my sister... and it's so very fun! I'm just really not bad at aiming tho. I shouldn't play shooting games...,always playing borderland sister fun really bad aiming tho play shooting game
<unk> was playing Borderlands with my sister and it's great fun! I'm much better at aiming tho. I shouldn't be shooting games...,playing borderland sister great fun much better aiming tho shooting game
Borderlands 3 LEGENDARIES! Amazing Artifacts & Relics!!! (XBOX ONE) dlvr.it/RMTbL5  ,borderland legendaries amazing artifact relic xbox one dlvr rmtbl
Borderlands 3 LEGENDARIES! Amazing artifacts & relics!!! (XBOX ONE) dlvr.it / RMTbL5,borderland legendaries amazing artifact relic xbox one dlvr rmtbl
Borderlands 3 LEGENDARS! Amazing Artifacts & Relics!! (XBOX ONE) dr.it / RMTbL5,borderland legendars amazing artifact relic xbox one dr rmtbl
Borderlands for LEGENDARIES! Amazing Artifacts & Others (XBOX EDITION) dlvr.it/RMTbL5,borderland legendaries amazing artifact others xbox edition dlvr rmtbl
The Borderlands Volume 3 IS LEGENDARIES! The Amazing Historical Artifacts & Ancient Relics!!! ( XBOX ONE ) dlvr. to it / RMTbL5,borderland volume legendaries amazing historical artifact ancient relic xbox one dlvr rmtbl
My Dance LEGENDARIES! Amazing Online Music Resources (XBOX ONE) dlvr.it/RMTbL5,dance legendaries amazing online music resource xbox one dlvr rmtbl
I am so fucking stupid time to have bad dreams,fucking stupid time bad dream
m so damn stupid time to have bad dreams,damn stupid time bad dream
I am so fuck stupid time to have bad dreams,fuck stupid time bad dream
I had so fucking stupid time to have bad dreams,fucking stupid time bad dream
How I am so very fucking stupid time to have bad dreams,fucking stupid time bad dream
I am so fucking into time to have bad dreams,fucking time bad dream
"Ok, so for every major advancement I see in Borderlands 3 there's a minor annoyance. Not bad per se but just there are things I hate. Like the characterization of side characters.",ok every major advancement see borderland minor annoyance bad per se thing hate like characterization side character
"Ok, so for every major advance I see in Borderlands 3, there's a little nuisance. Not bad per se, but there are just things I hate, like characterizing minor characters.",ok every major advance see borderland little nuisance bad per se thing hate like characterizing minor character
"OK, so for every big promotion I see in Borderlands 3, there is a slight irritation. Not bad in itself, but there are things I hate.",ok every big promotion see borderland slight irritation bad thing hate
"Ok, so for every major change I see for Borderlands 3 there's a minor annoyance. Not bad ever se but just there are things I hate. Like the characterization of side characters.",ok every major change see borderland minor annoyance bad ever se thing hate like characterization side character
"Ok, so far for every major character advancement I see in Super Borderlands 3 there's a minor annoyance. Not bad per se but where just there up are some things I hate. Like the characterization level of side characters.",ok far every major character advancement see super borderland minor annoyance bad per se thing hate like characterization level side character
"Ok, so for every major advancement to see in Borderlands 3 there's a minor annoyance. Not excessive per se but just there are areas I hate. Especially the characterization of character companions.",ok every major advancement see borderland minor annoyance excessive per se area hate especially characterization character companion
"playing borderlands 2 again because i hate myself glad i kept it installed, its runs perfectly on my 8 year old mac just beautiful",playing borderland hate glad kept installed run perfectly year old mac beautiful
"to play Borderlands 2 again because I hate myself, glad I installed it, it works perfectly on my 8 year old Mac, just nice",play borderland hate glad installed work perfectly year old mac nice
"playing borderlands 2 again because I hate myself glad I kept it installed, it works perfectly on my 8 year old poppy just beautifully",playing borderland hate glad kept installed work perfectly year old poppy beautifully
"playing borderlands 2<unk> because i hate myself glad i kept it installed, its runs perfectly on my 8 year power mac just beautiful",playing borderland hate glad kept installed run perfectly year power mac beautiful
"playing borderlands 2 again because i truly hate myself so glad i kept it safely installed, its runs perfectly on my 8 7 year old baby mac just beautiful",playing borderland truly hate glad kept safely installed run perfectly year old baby mac beautiful
"playing version 2 again because i hate myself when i just it installed, its runs perfectly on my 8 year new mac just beautiful",playing version hate installed run perfectly year new mac beautiful
"@Borderlands I'm unable to access any forums so I figured I would try here. When I'm in Boarderlands 3 if I turn to the right so that characters who are speaking are on my left side I cant hear them at all. This is on PS4. Is there some where you can point me to, to fix this?",borderland unable access forum figured would try boarderlands turn right character speaking left side cant hear p point fix
"If I'm in Boarderlands 3, if I turn right so that the talking characters are on my left, I can't hear them at all. That's on the PS4. Is there anything you can point me to to fix this?",boarderlands turn right talking character left hear p anything point fix
"@ Borderlands I'm unable to access any forums so I figured I would try here. When I'm in Boarderlands 3 if I turn to the right so that characters who are on my left side I cant hear them at all. This is on PS4. Is there some where you can point me to, to fix this?",borderland unable access forum figured would try boarderlands turn right character left side cant hear p point fix
"@Borderlands I'm unable to access any questions so j figured I would try here. When I'm in Boarderlands 3 if I turn to your middle so that characters who are speaking are on my left side I never hear NPCs at all. This is on PS4. Is there place where you can point me to, to fix this?",borderland unable access question j figured would try boarderlands turn middle character speaking left side never hear npc p place point fix
"@Borderlands I'm totally unable now to access any forums so I figured I would try here. When I'm in Boarderlands PS 3 if I turn over to the right so that characters who are speaking are on my left side I maybe cant hear on them all at quite all. This is on PS4. Is there some where you both can point for me to, to fix this?",borderland totally unable access forum figured would try boarderlands p turn right character speaking left side maybe cant hear quite p point fix
"@Borderlands posts'm disconnected to access any forums so I figured I would try Link. When I'm in Boarderlands 3 if I turn to the right so that characters who know speaking are on my left side I barely hear conversation at all. This means probably PS4. Is there some where you still point me up, to fix this?",borderland post disconnected access forum figured would try link boarderlands turn right character know speaking left side barely hear conversation mean probably p still point fix
"April 30 until now, for no apparent reason, BL3 just can't connect to SHiFT at all. What's going on here? I've submitted a ticket 2 days ago to Gearbox but still no respond. Please help. @Borderlands @SHiFTstatus @GearboxOfficial",april apparent reason bl connect shift going submitted ticket day ago gearbox still respond please help borderland shiftstatus gearboxofficial
"So far, for no apparent reason, BL3 just can't connect to SHiFT. What's going on here? I sent a ticket to Gearbox 2 days ago, but still no answer. @ Borderlands @ SHiFTstatus @ GearboxOfficial",far apparent reason bl connect shift going sent ticket gearbox day ago still answer borderland shiftstatus gearboxofficial
"On April 30 so far, for no apparent reason, BL3 simply cannot connect to SHiFT at all. What's going on here? I submitted a ticket 2 days ago to the Gearbox, but still have no answer.",april far apparent reason bl simply cannot connect shift going submitted ticket day ago gearbox still answer
"April 30 until now, for no apparent reason, BL3 just can't connect to SHiFT at all. What's going on please? I've submitted a ticket 2 days ago to help but still lack response. Please help. – @Borderlands @SHiFTstatus",april apparent reason bl connect shift going please submitted ticket day ago help still lack response please help borderland shiftstatus
"April 30 on until December now, for no apparent reason, BL3 just can't connect to SHiFT at last all. What's going on through here? I've submitted a speeding ticket on 2 days now ago to Nissan Gearbox but still still no respond. Please help. @Borderlands @SHiFTstatus OR @GearboxOfficial",april december apparent reason bl connect shift last going submitted speeding ticket day ago nissan gearbox still still respond please help borderland shiftstatus gearboxofficial
"April or until September, and every apparent reason, BL3 just can't link to SHiFT at all. What's going on here? I've submitted a ticket 2 days ago to Gearbox but get no respond. No help. Gear 2 @Borderlands",april september every apparent reason bl link shift going submitted ticket day ago gearbox get respond help gear borderland
"after watching the new leafy videos with the pretense of his old content, i've made a few observations:. -he's gotten worse at borderlands. -he uses skype ???? . -his humors gotten worse",watching new leafy video pretense old content made observation gotten worse borderland us skype humor gotten worse
"After watching the new videos under the pretext of its old content, I made some observations:.. -he has deteriorated at the limits. -he uses Skype????. -his humor has deteriorated",watching new video pretext old content made observation deteriorated limit us skype humor deteriorated
"After watching some ridiculous new videos pretending to be old content, I made a few observations: - he got worse at the border. - he uses a skeleton???. - his humour got worse.",watching ridiculous new video pretending old content made observation got worse border us skeleton humour got worse
"after watching the two leafy videos with the help of his old content, i've made a few comments:. -he's gotten scared at borderlands. -he uses skype????. -his humors gotten worse",watching two leafy video help old content made comment gotten scared borderland us skype humor gotten worse
"so after watching over the four new long leafy videos but with the pretense of his old content, i'j ve made a few personal observations :. - he's gotten even worse both at borderlands. - he uses skype????. - his humors gotten progressively worse",watching four new long leafy video pretense old content j made personal observation gotten even worse borderland us skype humor gotten progressively worse
"after watching our new leafy videos of the pretense and his old content, i've made the few observations:. -he's is worse than borderlands. -he uses skype????. -his is lot worse",watching new leafy video pretense old content made observation worse borderland us skype lot worse
Crying.  the fact overwatch is nominated means there was not SHIT for queer rep in video games last year.  Literally losing it,cry fact overwatch nominated mean shit queer rep video game last year literally losing
The fact that Overwatch is nominated means there was no SHIT for queer reporters in video games last year.,fact overwatch nominated mean shit queer reporter video game last year
The fact that Overwatch is nominated means that last year there was no SHIT for Queer Report in video games.,fact overwatch nominated mean last year shit queer report video game
Crying.  the fact overwatch is nominated means there was not SHIT for queer rep in video games last summer. . losing it,cry fact overwatch nominated mean shit queer rep video game last summer losing
Crying. But the fact overwatch is nominated means there probably was literally not another SHIT for queer a rep in video games last year. The Literally losing it,cry fact overwatch nominated mean probably literally another shit queer rep video game last year literally losing
Crying. the fact overwatch is possible means there isn not SHIT for queer characters in video games last year. And losing it,cry fact overwatch possible mean shit queer character video game last year losing
I had a dream that Ava want in  ,dream ava want
I had a dream that Ava wanted to fulfil,dream ava wanted fulfil
I had a dream that Ava would want to be in,dream ava would want
I had a dream that Ava want<unk>,dream ava want
Now I had a dream that Ava want in,dream ava want
I had a dream that Ava fell in,dream ava fell
YES ARIN!! SO HAPPY FOR YA,yes arin happy ya
YES ARIN!! SO HAPPY FOR YA,yes arin happy ya
YES ARIN!! So HAPPY FOR YA,yes arin happy ya
YES ARIN!! SO HAPPY TO YA,yes arin happy ya
YES ON ARIN!! ON SO THE HAPPY FOR YA,yes arin happy ya
<unk> ARIN!! SO HAPPY FOR YA,arin happy ya
"Hee, yasss! Excellent snarly boy! < 333",hee yasss excellent snarly boy
"Hee, yasss! < 333",hee yasss
"Hehe-he, yass-he-he-he-he-he-he-he-he-he-he-he-he-he-he-he-he-he-he-he-he-he-he-he-he-he-he-he-he-he-he-he-he-he-he-he-he-he-he-he-he-he-he-he-he-he-he-he-he-he-he-he-he-he-he-he-he-he-he-he-he-he-he-he-he-he-he-he-he-he-he-he-he-he-he-he-he-he-he-he-he-he-he-he-he-he-he-he-he-he-he-he-he-he-he-he-",hehe yass
"Hee, yasss! Excellent snarly boy! < 1",hee yasss excellent snarly boy
"Hee, yasss! 60 Excellent snarly funny boy! < Episode 333",hee yasss excellent snarly funny boy episode
"<unk>, yasss! Excellent snarly behavior! < 333",yasss excellent snarly behavior
If a video game inside a video game crashes on you would you call it a videogamecrashception? I need to call Leo!.  . youtu.be/H9jUp8kt9wU,video game inside video game crash would call videogamecrashception need call leo youtu h jup kt wu
"If a video game crashes on you in a video game, would you call it a video game crashception? I need to call Leo!.. youtu.be / H9jUp8kt9wU",video game crash video game would call video game crashception need call leo youtu h jup kt wu
"If a video game inside a video game attacks you, would you call it a video game? I need to call Leo!.. youtu.be / H9jUp89wU",video game inside video game attack would call video game need call leo youtu h jup wu
If a video game inside a video game crashes on how would just call it a videogamecrashception? I forgot to tell Leo!. . youtu.be/H9jUp8kt9wU,video game inside video game crash would call videogamecrashception forgot tell leo youtu h jup kt wu
15 If a video arcade game inside a video game crashes on all you who would you call buying it a perfect videogamecrashception? I will need to call you Leo!.. youtu. will be / H9jUp8kt9wU,video arcade game inside video game crash would call buying perfect videogamecrashception need call leo youtu h jup kt wu
If a video game inside a games system crashes but you would you call it just videogamecrashception? I mean to call that!.. youtu.be/H9jUp8kt9wU,video game inside game system crash would call videogamecrashception mean call youtu h jup kt wu
@XboxPope has the best designs in my opinion on social media. Dont except any imitations.,xboxpope best design opinion social medium dont except imitation
@ XboxPope has the best designs on social media in my opinion.,xboxpope best design social medium opinion
"@ XboxPope, in my opinion, has the best projects on social media.",xboxpope opinion best project social medium
@XboxPope has made best designs in my opinion on social media. Always except any imitations.,xboxpope made best design opinion social medium always except imitation
@XboxPope has the very best designs in my right opinion on 3D social interaction media. Dont except any imitations.,xboxpope best design right opinion social interaction medium dont except imitation
@XboxPope to the best designs are my opinion across social media. Dont except any imitations.,xboxpope best design opinion across social medium dont except imitation
"@DuvalMagic @Borderlands game doesn't register right sometimes, ammo Regen for More isn't always working properly and sometimes entire bullets don't register when I hit enemies :/ fix soon plssssss",duvalmagic borderland game register right sometimes ammo regen always working properly sometimes entire bullet register hit enemy fix soon plssssss
"@ DuvalMagic @ Borderlands game sometimes does not register properly, Ammo Rain for More does not always work properly and sometimes whole bullets do not register when I meet enemies: / fix soon plssss",duvalmagic borderland game sometimes register properly ammo rain always work properly sometimes whole bullet register meet enemy fix soon plssss
"@ DuvalMagic @ Borderlands game sometimes doesn't register correctly, Sea ammunition doesn't always work properly, and sometimes whole bullets don't register when I hit enemies: / fix soon plssssss",duvalmagic borderland game sometimes register correctly sea ammunition always work properly sometimes whole bullet register hit enemy fix soon plssssss
"@DuvalMagic @Borderlands game doesn't register right sometimes, ammo Regen for More isn't always working efficiently and sometimes my bullets still count when I hit enemies :/ fix soon plssssss",duvalmagic borderland game register right sometimes ammo regen always working efficiently sometimes bullet still count hit enemy fix soon plssssss
"When @DuvalMagic @Borderlands game hardware doesn't register you right way sometimes, ammo Regen for More Weapons isn't always working properly and most sometimes entire bullets don'at t register when I hit other enemies : / fix soon after plssssss",duvalmagic borderland game hardware register right way sometimes ammo regen weapon always working properly sometimes entire bullet register hit enemy fix soon plssssss
"@DuvalMagic @Borderlands game does't register right sometimes, ammo Regen for More isn't kept working fast and sometimes and bullets don't glow when they hunt enemies :/ fix soon plssssss",duvalmagic borderland game register right sometimes ammo regen kept working fast sometimes bullet glow hunt enemy fix soon plssssss
The latest The CanOfWorms Bookshop Daily! paper.li/CanOfWorms/Boo… Thanks to @gutterbookshop @wstonesdurham @borderlands_sf  ,latest canofworms bookshop daily paper li canofworms boo thanks gutterbookshop wstonesdurham borderland sf
The latest The CanOfWorms Bookshop Daily! paper.li / CanOfWorms / Boo... Thanks to @ gutterbookshop @ wstonesdurham @ borderlands _ sf,latest canofworms bookshop daily paper li canofworms boo thanks gutterbookshop wstonesdurham borderland sf
The latest The CanOfWorms Bookshop Daily! paper.li / CanOfWorms / Boo... Thanks to @ gonesdurham @ borderlands _ sf,latest canofworms bookshop daily paper li canofworms boo thanks gonesdurham borderland sf
The following The CanOfWorms Bookshop post! paper.li/CanOfWorms/Boo… Thanks to @gutterbookshop @wstonesdurham!,following canofworms bookshop post paper li canofworms boo thanks gutterbookshop wstonesdurham
with The latest edition The CanOfWorms the Bookshop Daily! Business paper. li / CanOfWorms / Club Boo … 2012 Thanks to this @gutterbookshop @wstonesdurham or @borderlands_sf,latest edition canofworms bookshop daily business paper li canofworms club boo thanks gutterbookshop wstonesdurham borderland sf
Angeles Times The International Bookshop Daily! Copyright.li/CanOfWorms/Boo... G G @gutterbookshop @wstonesdurham @borderlands_sf,angeles time international bookshop daily copyright li canofworms boo g g gutterbookshop wstonesdurham borderland sf
Looting loot while having my loot looted. Borderlands 3.. . twitch.tv/teegan,looting loot loot looted borderland twitch tv teegan
Looting loot while plundering my loot. Borderlands 3... twitch.tv / teegan,looting loot plundering loot borderland twitch tv teegan
Looting the loot while my loot was looted. Borderlands 3... Fech.tv / teegan,looting loot loot looted borderland fech tv teegan
Looting loot while having my loot looted. Borderlands 3.. . twitch.tv/teegan,looting loot loot looted borderland twitch tv teegan
IBM Looting loot while having my loot looted. Borderlands 3.. . twitch.tv/teegan,ibm looting loot loot looted borderland twitch tv teegan
<unk>,
"So excited to go home and murder stuff via the medium of Borderlands 3. Some days you need a bit of a killing spree, y'know? Bless video games for keeping us all safe. https://t.co/spJeedHWKD",excited go home murder stuff via medium borderland day need bit killing spree know bless video game keeping u safe
"I'm so excited to go home and murder stuff via the medium Borderlands 3. Some days you need a bit of a murder frenzy, you know? Bless video games so we're all secure. https: / / t.co / spJeedHWKD",excited go home murder stuff via medium borderland day need bit murder frenzy know bless video game secure co spjeedhwkd
"So excited to go home and kill things through Borderlands 3. Some days you need a bit of killer stud, y'know? Bless the video games in order to keep us all safe. https: / / Fenco / spJeedHWKD",excited go home kill thing borderland day need bit killer stud know bless video game order keep u safe fenco spjeedhwkd
"So excited to go home and murder stuff from the medium of Borderlands 3. Some weekends you need a bit of a killing spree, y'know? Bless video can be keeping us all safe. https://t.co/spJeedHWKD]",excited go home murder stuff medium borderland weekend need bit killing spree know bless video keeping u safe
"So excited to go back home and murder stuff via the medium of Operation Borderlands 3. Some sunny days you need a bit of a serial killing spree, y'know? Bless their video games and for keeping... us all pretty safe. 15 https://t.co/spJeedHWKD ]",excited go back home murder stuff via medium operation borderland sunny day need bit serial killing spree know bless video game keeping u pretty safe
"So excited about go home and murder vampires via the medium of Borderlands movie. Some days I need a masterpiece of a killing spree, y'know? Bless video store for keeping us all safe. https://t.co/spJeedHWKD]",excited go home murder vampire via medium borderland movie day need masterpiece killing spree know bless video store keeping u safe
Borderlands 3 Ps4 Legendary Anointed Cyro Infinity Pistol. Awesome Weapon. dlvr.it/RPL41M  ,borderland p legendary anointed cyro infinity pistol awesome weapon dlvr rpl
Borderlands 3 ps4 Legendary Anointed Cyro Infinity Pistol. Fantastic Weapon. dlvr.it / RPL41M,borderland p legendary anointed cyro infinity pistol fantastic weapon dlvr rpl
Borderlands 3 Ps4 Legendary Anoindary Cyro Infinity pistol.,borderland p legendary anoindary cyro infinity pistol
Borderlands 3 Ps4 Legendary Anointed Cyro Infinity Spear. Standard Weapon. dlvr.it/RPL41M,borderland p legendary anointed cyro infinity spear standard weapon dlvr rpl
Borderlands Phase 3 4 Ps4 That Legendary And Anointed King Cyro The Infinity Two Pistol. Awesome Weapon. dlvr. it / RPL41M,borderland phase p legendary anointed king cyro infinity two pistol awesome weapon dlvr rpl
Borderlands 3 Ps4 the Anointed Fox 3 Pistol. That stuff. dlvr.it/RPL41M,borderland p anointed fox pistol stuff dlvr rpl
"Borderlands 2(videogame) ""HANDSOME JACK IS GETTING SLAP CLAPPED"" twitch.tv/cinnamonjus",borderland videogame handsome jack getting slap clapped twitch tv cinnamonjus
"Borderlands 2 (videogame) ""HANDSOME JACK GETTING SLAP CLAPPED"" twitch.tv / cinnamonjus",borderland videogame handsome jack getting slap clapped twitch tv cinnamonjus
"Borderlands 2 (video game) ""HANDSOME JACK IS GETTING SLAP CLAPPED""",borderland video game handsome jack getting slap clapped
"Borderlands 2(videogame) ""HANDSOME JACK IS GETTING SLAP CLAPPED"" twitch.tv/cinnamonjus",borderland videogame handsome jack getting slap clapped twitch tv cinnamonjus
"see Borderlands 2(videogame) ""HANDSOME JACK IS GETTING SLAP CLAPPED"" twitch.tv/cinnamonjus",see borderland videogame handsome jack getting slap clapped twitch tv cinnamonjus
to,
"Thanks to @2K for sending me an awesome Switch package with a ton of cool stuff inside for @bioshock, @XCOM and @Borderlands !. . twitch.tv/videos/6356682…",thanks k sending awesome switch package ton cool stuff inside bioshock xcom borderland twitch tv video
"Thanks to @ 2K for sending me a great switch package with a lot of cool stuff for @ bioshock, @ XCOM and @ Borderlands!.. twitch.tv / videos / 6356682...",thanks k sending great switch package lot cool stuff bioshock xcom borderland twitch tv video
"Thank you @ 2K for sending me a stunning Swift package with a ton of cool material inside for @ bioshock, @ XCOM and @ Borderlands!............................................................................................................................................",thank k sending stunning swift package ton cool material inside bioshock xcom borderland
"Thanks to RhandlerR for sending me an awesome Switch package with a ton of cool stuff inside for RhandlerR, RhandlerR and RhandlerR !. . twitch.tv/videos/6356682…",thanks rhandlerr sending awesome switch package ton cool stuff inside rhandlerr rhandlerr rhandlerr twitch tv video
"or Thanks to RhandlerR for sending me an awesome Switch package with a ton of cool stuff inside for RhandlerR, RhandlerR and RhandlerR !. . twitch.tv/videos/6356682…",thanks rhandlerr sending awesome switch package ton cool stuff inside rhandlerr rhandlerr rhandlerr twitch tv video
and,
All 3 of these are me! I wore Tannis and Handsome Jack from @Borderlands at  ,wore tannis handsome jack borderland
All 3 are me! I contributed Tannis and Handsome Jack from @ Borderlands,contributed tannis handsome jack borderland
I wore Tannis and Handsome Jack from @ Borderlands on,wore tannis handsome jack borderland
All 3 of these are me! I wore Tannis and Handsome Jack from...<unk>,wore tannis handsome jack
All 3 of these are me! I even wore Tannis and Her Handsome Jack from THE @Borderlands at,even wore tannis handsome jack borderland
and 3 of these killed me! I wore Tannis and Handsome Heart from @Borderlands at,killed wore tannis handsome heart borderland
United in Struggle: Social Revolution of the Pashtun Borderlands theglobepost.com/2020/01/23/pas…,united struggle social revolution pashtun borderland theglobepost com pa
United in Struggle: Social Revolution in the Pashtun Borderland theglobepost.com / 2020 / 01 / 23 / pas...,united struggle social revolution pashtun borderland theglobepost com pa
United in Struggle: The Social Revolution of the Pashtun Frontier Areas theglobepost.com / 2020 / 01 / 23 / pas...,united struggle social revolution pashtun frontier area theglobepost com pa
United in Struggle: the Revolution of the Pashtun Borderlands report.com/2020/01/23/pas…,united struggle revolution pashtun borderland report com pa
Those United in Struggle : Social Revolution of the Western Pashtun Tribal Borderlands theglobepost.... com / Retrieved 2020 / 2018 01 / 23 / pas …,united struggle social revolution western pashtun tribal borderland theglobepost com retrieved pa
United in Struggle: Social Development in the Pashtun Culture for.com/2020/01/23/pas...,united struggle social development pashtun culture com pa
"I want to moan about how abysmal my loot drop rates have been since Mayhem 2.0 in @Borderlands , but realised it’s probably because, with the old Mayhem, it didn’t take me a full half an hour to whittle down a single enemy. That’s probably why it feels stingy @GearboxOfficial",want moan abysmal loot drop rate since mayhem borderland realised probably old mayhem take full half hour whittle single enemy probably feel stingy gearboxofficial
"I want to moan about how catastrophically my booty has fallen in @ Borderlands since Mayhem 2.0, but I realise it's probably because it didn't take me a full half hour to knock down a single enemy with the old Mayhem, which is probably why it feels stingy @ GearboxOfficial",want moan catastrophically booty fallen borderland since mayhem realise probably take full half hour knock single enemy old mayhem probably feel stingy gearboxofficial
"I want to moan about how incredible the rate of decline has been since Mayhem 2.0 in @ Borderlands, but realized it's probably because with the old Mayhem, it didn't take me half an hour to destroy any enemy.",want moan incredible rate decline since mayhem borderland realized probably old mayhem take half hour destroy enemy
"I want to whine about how abysmal my loot drop rates have been since Mayhem 2.0 in @Borderlands, but realised it’s probably because, since the old Mayhem, it will take anyone a full day an hour to whittle down a single item. That’s probably why it feels stingy now",want whine abysmal loot drop rate since mayhem borderland realised probably since old mayhem take anyone full day hour whittle single item probably feel stingy
"I want only to moan about how abysmal my loot mine drop rates have been getting since Mayhem and 2. 0 in @Borderlands, but realised it ’ s too probably because, with the old friend Mayhem, already it didn won ’ t take me a full of half an hour to whittle clean down a single enemy. That ’ s probably why it feels stingy @GearboxOfficial",want moan abysmal loot mine drop rate getting since mayhem borderland realised probably old friend mayhem already take full half hour whittle clean single enemy probably feel stingy gearboxofficial
"I want into moan about how lower my loot find rates have been since Mayhem hit.0 in @Borderlands, he realised it’s all because, with the old Mayhem, they always take me a day half on hour to whittle down a single enemy. That’s probably why it feels stingy @GearboxOfficial",want moan lower loot find rate since mayhem hit borderland realised old mayhem always take day half hour whittle single enemy probably feel stingy gearboxofficial
"@jeligon ventures to the borderlands of Kansas City, Kan./Mo. in a story as delightful as a plate of toasted ravioli. . nytimes.com/2020/02/03/us/…",jeligon venture borderland kansa city kan mo story delightful plate toasted ravioli nytimes com u
"@ jeligon ventures into the borderlands of Kansas City, Kan. / Mo. in a story as adorable as a plate of toasted ravioli... nytimes.com / 2020 / 02 / 03 / us /...",jeligon venture borderland kansa city kan mo story adorable plate toasted ravioli nytimes com u
"@ jeligon ventures to the borderlands of Kansas City, Kan. / Mo. in a story as delightful as a plate of toasted ravioli... nytimes.com / 2020 / 02 / 03 / us /...",jeligon venture borderland kansa city kan mo story delightful plate toasted ravioli nytimes com u
"@jeligon ventures to the borderlands for Franklin counties, Kan./Mo. in a story as delightful as a plate of toasted butter.. nytimes.com/2020/02/03/us/…",jeligon venture borderland franklin county kan mo story delightful plate toasted butter nytimes com u
"@jeligon ventures to see the borderlands of the Kansas City, Kan. / Mo. in her a romance story nearly as quite delightful as a plate tasting of toasted baked ravioli.. nytimes. com / 2010 2020 / 02 / 2007 03 / us / …",jeligon venture see borderland kansa city kan mo romance story nearly quite delightful plate tasting toasted baked ravioli nytimes com u
"@jeligon ventures at rocky borderlands facing Kansas City, Kan./Mo. in true meal as delightful and a side of toasted ravioli.. nytimes.com/2020/02/03/us/...",jeligon venture rocky borderland facing kansa city kan mo true meal delightful side toasted ravioli nytimes com u
"@Borderlands Loving, Love, Love, and More Love, with the odd tentacle thrown in.  ",borderland loving love love love odd tentacle thrown
"@ Borderlands Loving, Love, Love, and More Love, with the strange tentacle in hand.",borderland loving love love love strange tentacle hand
"@ Borderlands Loving, Love, Love, and More Love, with the unique tentacle introduced in.",borderland loving love love love unique tentacle introduced
"@Borderlands<unk>, Love, Love, and More Loving, with the odd tentacle thrown in.",borderland love love loving odd tentacle thrown
"@Borderlands Loving, Love, Love, More and More for Love, or with the odd floating tentacle thrown in.",borderland loving love love love odd floating tentacle thrown
"@Borderlands Loving, and, Love, and More Love, after a odd tentacle thrown in.",borderland loving love love odd tentacle thrown
"After what happened with my Xbox scare yesterday, I decided to take my friends advice and uninstalled Borderlands 3 since it’s known to screw up Xbox’s. Which really sucks, I’ll just have to wait and get it on PS4 since there’s no issues with it over there.",happened xbox scare yesterday decided take friend advice uninstalled borderland since known screw xbox really suck wait get p since issue
"After what happened to my Xbox yesterday, I decided to heed the advice of my friends and uninstall Borderlands 3, as it's known to screw up Xboxes. What's really annoying, I just have to wait and bring it to the PS4, because there's no problem with it there.",happened xbox yesterday decided heed advice friend uninstall borderland known screw xboxes really annoying wait bring p problem
"After what happened to my Xbox scare yesterday, I decided to take advice from my friends and removed Borderlands 3, as it is known to screw up Xbox. What really sucks, I'll just have to wait and get it on the PS4, as there's no problem with it there.",happened xbox scare yesterday decided take advice friend removed borderland known screw xbox really suck wait get p problem
"After what happened with the Xbox scare yesterday, I decided to take my friends advice and uninstalled Borderlands 3 where it’s known to screw up servers. Which really happens, I’ll just have ti wait and finish it on PS4 since there’s no issues with it over there.",happened xbox scare yesterday decided take friend advice uninstalled borderland known screw server really happens ti wait finish p since issue
"After learning what happened tonight with my Xbox kill scare yesterday, I also decided to take up my friends to advice and uninstalled Borderlands 3 since it ’ of s known to screw up Xbox ’ s. Which really sucks, I ’ don ll just have to wait and get it on PS4 since evidently there ’ s no issues with it just over there.",learning happened tonight xbox kill scare yesterday also decided take friend advice uninstalled borderland since known screw xbox really suck wait get p since evidently issue
"After what happened with my Xbox scare over, I decided to take my friends advice and do Borderlands 3 since it’s easy to screw two Xbox’s. Neither really sucks, I’ll just have to wait and install it on PS4 or there’s no problem downloading it over there.",happened xbox scare decided take friend advice borderland since easy screw two xbox neither really suck wait install p problem downloading
I wanna play Shooty McLootyguns with more people (Borderlands 3). Recently solo'd the Maliwan Takedown mission and Torgue's Slaughterhouse 3000 on Mayhem 3. Was some of the most intense and fun FPS gameplay I've had in years.,wanna play shooty mclootyguns people borderland recently solo maliwan takedown mission torgue slaughterhouse mayhem intense fun fps gameplay year
I want to play Shooty McLootyguns with more people (Borderlands 3). Recently I was on Mayhem 3 with the Maliwan Takedown mission and Torgue's Slaughterhouse 3000. It was one of the most intense and fun FPS gameplay I've had in years.,want play shooty mclootyguns people borderland recently mayhem maliwan takedown mission torgue slaughterhouse one intense fun fps gameplay year
"I wanna play Shooty McLootiguns with more people (Borderlands 3). Recently solo'd the Maliwan Takedown mission and Torgue's Slaughterhouse ""on Mayhem 3.",wanna play shooty mclootiguns people borderland recently solo maliwan takedown mission torgue slaughterhouse mayhem
I wanna play Shooty McLootyguns with more people (Borderlands 3). Recently solo'd the Maliwan Takedown mission & met Slaughterhouse 3000 on Mayhem Live. Was some of the most intense but fun FPS gameplay I've had some years.,wanna play shooty mclootyguns people borderland recently solo maliwan takedown mission met slaughterhouse mayhem live intense fun fps gameplay year
I wanna play Shooty McLootyguns with no more people ( on Borderlands Campaign 3 ). Recently solo'and d the original Maliwan Takedown mission and Torgue'd s ship Slaughterhouse 3000 on Mayhem Eve 3. 2000 Was some of the most intense and fun FPS gameplay that I've had in years.,wanna play shooty mclootyguns people borderland campaign recently solo original maliwan takedown mission torgue ship slaughterhouse mayhem eve intense fun fps gameplay year
me wanna play Shooty McLootyguns by more people (Borderlands 3). I got'd the Maliwan Takedown Run and Torgue's Slaughterhouse 3000 on Mayhem 18. Was some of the genuinely intense emotional fun FPS gameplay I've had many years.,wanna play shooty mclootyguns people borderland got maliwan takedown run torgue slaughterhouse mayhem genuinely intense emotional fun fps gameplay many year
"1. I like this music, pretty good for this and 2. DIE stupid flying robots! Borderlands 2  ",like music pretty good die stupid flying robot borderland
"1. I like this music, pretty good for it and 2. THE stupid flying robots! Borderlands 2",like music pretty good stupid flying robot borderland
"1. I like this music, very good for it and 2. Stupid flying robots!",like music good stupid flying robot
"1. I like this music, pretty good for ages and 2. The stupid flying robots! Borderlands 2",like music pretty good age stupid flying robot borderland
"1. I like this good music, particularly pretty good songs for this and 2. DIE the stupid flying robots! Borderlands 2",like good music particularly pretty good song die stupid flying robot borderland
"1. I like dance music, pretty good for this and 2. those stupid flying cars! Borderlands 2",like dance music pretty good stupid flying car borderland
"New Deal (Epic Store Free Games release schedule $0.01) -- latestblackfridaydeals.com/epic-store-fre… .           Last week GTA V was free. Until May 28, Civilization 6 will be free. May 28 to June 4: Borderlands the Handsome...",new deal epic store free game release schedule latestblackfridaydeals com epic store fre last week gta v free may civilization free may june borderland handsome
New Deal (Epic Store Free Games release schedule $0.01) -- newest lackfridaydeals.com / epic-store-fre... Last week GTA V was free. Civilization 6 is free until May 28th. May 28th to June 4th: Borderlands the Handsome...,new deal epic store free game release schedule newest lackfridaydeals com epic store fre last week gta v free civilization free may th may th june th borderland handsome
New Deal (Epic Store Free Games release schedule $1) -- latestblackfridaydeals.com / epic-store-fre....,new deal epic store free game release schedule latestblackfridaydeals com epic store fre
"New Deal (Epic Store Deluxe Games release on 6.01) -- go.com/epic-store-fre….           Last week GTA Online was free. Until May 28, Uncharted 6 will be free. May 28 to Fallout 4: Borderlands the Handsome...",new deal epic store deluxe game release go com epic store fre last week gta online free may uncharted free may fallout borderland handsome
"New Commercial Deal ( Epic Store Free Games release no schedule $ 0. 01 ) - - latestblackfridaydeals. com / Facebook epic - Epic store - released fre …. Last week GTA Card V was free. Until May 28, now Civilization 6 will only be free. May 28 to June 4 : Borderlands with the Mighty Handsome...",new commercial deal epic store free game release schedule latestblackfridaydeals com facebook epic epic store released fre last week gta card v free may civilization free may june borderland mighty handsome
"New Game (Epic Store Free Games Game schedule $0.01) -- Visit.com/epic-store-fre.... All weekend GTA V was off. Until December 18, Civilization 6 will be free. May 28 to June 30: Borderlands the third...",new game epic store free game game schedule visit com epic store fre weekend gta v december civilization free may june borderland third
Borderlands 3: Was the Season Pass Worth It? | Game Rant ift.tt/3hP02GU  ,borderland season pas worth game rant ift tt hp gu
Borderlands 3: Was the season ticket worth it? | Game Rant ift.tt / 3hP02GU,borderland season ticket worth game rant ift tt hp gu
Borderlands 3: Has the season been worse?,borderland season worse
Borderlands 3: Was This Season Pass Worth It? | Game Rant ap.tt/3hP02GU,borderland season pas worth game rant ap tt hp gu
Borderlands Book 3 : How Was the Short Season Pass Worth It? | Game Rant ift. co tt / http 3hP02GU,borderland book short season pas worth game rant ift co tt http hp gu
Borderlands 3: Make the Season Pass Worth<unk>? | Game Rant 2011.tt/3hP02GU,borderland make season pas worth game rant tt hp gu
I liked the story in borderlands 3,liked story borderland
I liked the story in Borderlands 3,liked story borderland
I liked the story in the border areas 3,liked story border area
I liked the story in Part 3,liked story part
I liked shooting the story in borderlands 3,liked shooting story borderland
I liked the story in borderlands from,liked story borderland
"I woke up today knowing that @XCOM 2, @bioshock and @Borderlands 2 the handsome collection were coming to Nintendo Switch and I was excited.. . tell me, are you excited?",woke today knowing xcom bioshock borderland handsome collection coming nintendo switch excited tell excited
"I woke up today knowing that @ XCOM 2, @ bioshock and @ Borderlands 2, the pretty collection, were coming to Nintendo Switch and I was excited... tell me, are you excited?",woke today knowing xcom bioshock borderland pretty collection coming nintendo switch excited tell excited
"I woke up today knowing that @ XCOM 2, @ bioshock and @ Borderlands 2 beautiful collection are coming to Nintendo Swift and I was excited... tell you, are you excited?",woke today knowing xcom bioshock borderland beautiful collection coming nintendo swift excited tell excited
"I woke up today knowing both @XCOM II, Mario and Zelda 2 the handsome collection were coming to Nintendo Switch and I was excited... tell me, are you excited?",woke today knowing xcom ii mario zelda handsome collection coming nintendo switch excited tell excited
"Then I basically woke straight up today knowing now that @XCOM 2, @bioshock and @Borderlands and 2 the handsome collection you were finally coming over to Nintendo Switch and I was excited... oh tell me, are you excited?",basically woke straight today knowing xcom bioshock borderland handsome collection finally coming nintendo switch excited oh tell excited
"I woke up today knowing that @XCOM 2, @bioshock because Daniel 2 the handsome prince were coming to our Switch and I was wondering... tell me, are the excited?",woke today knowing xcom bioshock daniel handsome prince coming switch wondering tell excited
This is a fucking joke at this point when are they gonna implement an anti cheat? Fuck put @Battleeye1 in or somethin,fucking joke point gonna implement anti cheat fuck put battleeye somethin
"That's a damn joke at this point, when are they going to introduce an anti-cheat? Fuck put @ Battleeye1 in or somethin",damn joke point going introduce anti cheat fuck put battleeye somethin
"Is this a fucking joke at the moment, when are they going to introduce anti-cheating? Fuck put @ Battlee1 in or somethin",fucking joke moment going introduce anti cheating fuck put battlee somethin
This is a fucking joke at this point when are they gonna implement this inflation cheat? Fuck put @Battleeye1 in or somethin,fucking joke point gonna implement inflation cheat fuck put battleeye somethin
Like This is a fucking joke at this little point or when are they gonna implement an anti cheat? Fuck put that @Battleeye1 in or get somethin,like fucking joke little point gonna implement anti cheat fuck put battleeye get somethin
This get a fucking joke at this day when are they gonna implement an identity cheat? Fuck put @Battleeye1 in here somethin,get fucking joke day gonna implement identity cheat fuck put battleeye somethin
"We're gonna continue where we left off, and play some more Borderlands The Presequel :D So far so good! twitch.tv/thelootqueen",gonna continue left play borderland presequel far good twitch tv thelootqueen
We'll continue where we left off and play a few more Borderlands The Presequel: D So far so good! twitch.tv / thelootqueen,continue left play borderland presequel far good twitch tv thelootqueen
"We're gonna continue where we stop off, and play some more Borderlands The Presequel: D So far so good! tch.tv / thelootqueen",gonna continue stop play borderland presequel far good tch tv thelootqueen
"We're gonna continue where we left off, and play some more Borderlands The Presequel :D So far so good! twitch.tv/thelootqueen",gonna continue left play borderland presequel far good twitch tv thelootqueen
"1 We're gonna continue where we left off, and play some more Borderlands The Presequel :D So far so good! twitch.tv/thelootqueen",gonna continue left play borderland presequel far good twitch tv thelootqueen
at,
My sona as a vault hunter. Borderlands will always be my all time favorite game series. pic.twitter.com/tMN63snnJE,sona vault hunter borderland always time favorite game series pic twitter com tmn snnje
My Sona as a vault hunter. Borderlands will always be my favourite game. pic.twitter.com / tMN63snnJE,sona vault hunter borderland always favourite game pic twitter com tmn snnje
My son is like a hacker. Borderlands will always be my favorite game series. pic.wikipedia.org / tMN63snnJE,son like hacker borderland always favorite game series pic wikipedia org tmn snnje
My sona as a vault hunter. Borderlands will always be my all time favorite game series. pic.twitter.com/tMN63snnJE,sona vault hunter borderland always time favorite game series pic twitter com tmn snnje
Team My sona as a vault hunter. Borderlands will always be my all time favorite game series. pic.twitter.com/tMN63snnJE,team sona vault hunter borderland always time favorite game series pic twitter com tmn snnje
by,
Honestly I’m most excited about the Borderlands Collection for the  ,honestly excited borderland collection
"Honestly, I'm most excited about the Borderlands Collection for the",honestly excited borderland collection
"Honestly, what I'm most excited about is that",honestly excited
Honestly I’m most excited for the Borderlands Collection for the,honestly excited borderland collection
No Honestly I ’ m most excited about the Borderlands Collection for Halloween the,honestly excited borderland collection halloween
Honestly I’m so excited about the Borderlands Collection for this,honestly excited borderland collection
@GearboxOfficial @Borderlands . Am I seeing this shit correctly? Please tell me I’m not.... . I’M GETTING ATTACKED WHILE THE END CREDITS ARE ROLLING?!. . They ended and there were enemies all over! WHY IS THIS A THING?!.  ,gearboxofficial borderland seeing shit correctly please tell getting attacked end credit rolling ended enemy thing
@ GearboxOfficial @ Borderlands. Do I see this shit right? Please tell me it's not me.... I'm being attacked while the ENDCREDITES are rolling?!. They ended and there were enemies everywhere! WHY IS THIS THING?!.,gearboxofficial borderland see shit right please tell attacked endcredites rolling ended enemy everywhere thing
@ GearboxOfficial @ Borderlands. Do I see this shit right? Please tell me I'm not.... I'm GETTING WHEN THE ROLFG CREDIT END?!. They're over and there were enemies everywhere! WHY IS THAT?!.,gearboxofficial borderland see shit right please tell getting rolfg credit end enemy everywhere
@GearboxOfficial @Borderlands. Am we seeing this really correctly? Please reassure me I’m …. I’M GETTING ATTACKED WHILE THE END CREDITS ARE ROLLING?!.. They ended and there were four all together! WHY IS THIS A THING?!.,gearboxofficial borderland seeing really correctly please reassure getting attacked end credit rolling ended four together thing
@GearboxOfficial @Borderlands. 10 Am I seeing to this shit correctly? Please tell me I ’ m not..... I GO ’ AT M GETTING ATTACKED WHO WHILE ON THE END CREDITS You ARE ROLLING?!.. They ended and there there were enemies all over! I WHY WHO IS THIS A THING?!.,gearboxofficial borderland seeing shit correctly please tell go getting attacked end credit rolling ended enemy thing
of @GearboxOfficial. Am U seeing this picture correctly? My oh I why not..... I’M GETTING ATTACKED WHILE THE END CREDITS ARE ROLLING?!.. They ended and there when enemies took over! WHY IS THIS THIS THING?!.,gearboxofficial u seeing picture correctly oh getting attacked end credit rolling ended enemy took thing
ALGERIA: women’s involvement in cross-border  ,algeria woman involvement cross border
ALGERIA: Participation of women in cross-border cooperation,algeria participation woman cross border cooperation
ALGERIA: Women in cross-border operations,algeria woman cross border operation
ALGERIA: Iranian involvement in cross-border,algeria iranian involvement cross border
IN ALGERIA : women movement ’ s involvement in cross - border,algeria woman movement involvement cross border
ALGERIA: women’s involvement via cross-border,algeria woman involvement via cross border
Finally finished number one of my papers! It was a small one tho but anyways! Finished it;; time to go shower and then celebrate it with some Borderlands 3!! https://t.co/FwKL9lNYtQ,finally finished number one paper small one tho anyways finished time go shower celebrate borderland
"Finally finished number one of my papers! It was a small, but nevertheless! Done;; Time to shower and then celebrate it with a few Borderlands 3!! https: / / t.co / FwKL9lNYtQ",finally finished number one paper small nevertheless done time shower celebrate borderland co fwkl lnytq
Finally finished it; time to go shower and then celebrate it with some Borderlands 3!! https: / / FwKL9lNYtQ,finally finished time go shower celebrate borderland fwkl lnytq
Finally finished number one of my papers! It was a small one tho but anyways! Guess it;; time to resume read and then celebrate it with some Borderlands 3!! https://t.co/FwKL9lNYtQ],finally finished number one paper small one tho anyways guess time resume read celebrate borderland
Finally Ryan finished number one of my other papers! It actually was a small one tho but important anyways! Finished in it ; ; enough time out to go shower and and then come celebrate it with some Borderlands 3!! https://t.co/FwKL9lNYtQ ],finally ryan finished number one paper actually small one tho important anyways finished enough time go shower come celebrate borderland
Finally finished number 3 of my papers! It was really bad one tho but anyways! Finished it;; time to go shower and then celebrate here with our Borderlands Wars https://t.co/FwKL9lNYtQ],finally finished number paper really bad one tho anyways finished time go shower celebrate borderland war
Borderlands 3 Voice Actor TAUNTS Fans & 2K Has DELETED Supmatto’s Channel Forever h1t.tv/2019/08/15/bor…,borderland voice actor taunt fan k deleted supmatto channel forever h tv bor
Borderlands 3 Voice Actor TAUNTS Fans & 2K has Supmatto's Channel Forever h1t.tv / 2019 / 08 / 15 / bor...,borderland voice actor taunt fan k supmatto channel forever h tv bor
Borderlands 3 Voice AUNTS Fans & 2K DELETED Supmatto's Channel Forever h1tv / 2019 / 08 / 15 / bor...,borderland voice aunt fan k deleted supmatto channel forever h tv bor
Borderlands 3 Voice Actor - Email & Email Shares DELETED Supmatto’s Channel Forever h1t.tv/2019/08/15/bor…,borderland voice actor email email share deleted supmatto channel forever h tv bor
Borderlands Season 3 Voice Actor TAUNTS Football Fans & Stars 2K Has DELETED Supmatto ’ s Sports Channel Forever... h1t. com tv / TV 2019 / 08 / 15 / bor z …,borderland season voice actor taunt football fan star k deleted supmatto sport channel forever h com tv tv bor z
Borderlands 3 IN THE TAUNTS OF Season 2K Has Your First Channel Forever h1t.tv/2019/08/15/bor...,borderland taunt season k first channel forever h tv bor
Hey  . . twitch.tv/cblack47,hey twitch tv cblack
Hey.. twitch.tv / cblack47,hey twitch tv cblack
Hey.. Hetch.tv / cblack47,hey hetch tv cblack
Hey  . . twitch.tv/cblack47,hey twitch tv cblack
YouTube Hey  . . twitch.tv/cblack47,youtube hey twitch tv cblack
would,would
Mimosa stream was super fun! Thank u so much for hanging out! We hosted @Supercaliy he's awesome and also playing borderlands! Twitch.tv/supercaliy,mimosa stream super fun thank u much hanging hosted supercaliy awesome also playing borderland twitch tv supercaliy
"Mimosa Stream was great fun! Thanks for hanging out! We hosted @ Supercaliy, he's fantastic and also plays Borderlands! Twitch.tv / supercaliy",mimosa stream great fun thanks hanging hosted supercaliy fantastic also play borderland twitch tv supercaliy
It was super fun! Thank you so much for the party! We had @ Supercaliy he's amazing and also plays border guards! tch.tv / supercaliy,super fun thank much party supercaliy amazing also play border guard tch tv supercaliy
Mimosa stream was super fun! Thank u so much for hanging out! We beat @Supercaliy he's awesome & also playing borderlands! fan.tv/supercaliy,mimosa stream super fun thank u much hanging beat supercaliy awesome also playing borderland fan tv supercaliy
Mimosa stream was super fucking fun! Thank u so much for hanging out! com We had hosted a @Supercaliy he'i s awesome and is also playing borderlands! Twitch. com tv / see supercaliy,mimosa stream super fucking fun thank u much hanging com hosted supercaliy awesome also playing borderland twitch com tv see supercaliy
Mimosa stream be super fun! Thank u so much for hanging out! And hosted @Supercaliy from's awesome so also host borderlands! Twitch.tv/supercaliy,mimosa stream super fun thank u much hanging hosted supercaliy awesome also host borderland twitch tv supercaliy
Bounty of blood dlc for borderlands 3 is fun! Glad I stuck it out to finish tonight. Tomorrow... dlc  ,bounty blood dlc borderland fun glad stuck finish tonight tomorrow dlc
Bounty of blood dlc for borderlands 3 is fun! Glad I made it tonight. Tomorrow... dlc,bounty blood dlc borderland fun glad made tonight tomorrow dlc
A huge amount of blood for Borderland 3 is fun!,huge amount blood borderland fun
Bounty of the dlc for borderlands 3 is fun! Glad I stuck it out for finish tonight. Tomorrow... dlc,bounty dlc borderland fun glad stuck finish tonight tomorrow dlc
the Bounty harvesting of blood to dlc for borderlands to 3 day is fun! Glad I got stuck it out to finish tonight. Tomorrow... dlc,bounty harvesting blood dlc borderland day fun glad got stuck finish tonight tomorrow dlc
Bounty Hunt blood dlc and borderlands 3 absolutely fantastic! so I stuck it out to finish tonight. Tomorrow... dlc,bounty hunt blood dlc borderland absolutely fantastic stuck finish tonight tomorrow dlc
New here do your worst votes^^ Also I was told here was loot.  ,new worst vote also told loot
New here you make your worst voices ^ ^ I was also told that booty was taken here.,new make worst voice also told booty taken
New here do your worst votes ^ ^ Also I was told here was loot.,new worst vote also told loot
New here do your worst votes^^ Also I was new here was loot.,new worst vote also new loot
New here do you your worst votes ^ ^ Also why I was told here was much loot.,new worst vote also told much loot
New here has your worst votes<unk> Also I first told here was loot.,new worst vote also first told loot
"Stream on Borderlands 3 tonight at 8pm! . Come and say hi, it's always a pleasure to see on on the stream guys . ",stream borderland tonight pm come say hi always pleasure see stream guy
"Stream on Borderlands 3 tonight at 8pm! Come and say hello, it's always a pleasure to watch on the stream guys.",stream borderland tonight pm come say hello always pleasure watch stream guy
"Stream on Borderlands 3 tonight at 8pm!. Come and say hi, it's always a pleasure to see on the stream guys.",stream borderland tonight pm come say hi always pleasure see stream guy
"Stream on Borderlands 3 tonight at 8pm!. Come and say goodbye, it's always a pleasure to see everyone on the stream guys.",stream borderland tonight pm come say goodbye always pleasure see everyone stream guy
"Stream on Borderlands 3 to tonight or at 8pm!. Come down and say hi, it'just s been always a pleasure to see it on on the stream guys.",stream borderland tonight pm come say hi always pleasure see stream guy
"Stream on Number 3 tonight at 8pm!. stop and say hi, because's always a pleasure to see on on the water today.",stream number tonight pm stop say hi always pleasure see water today
Hey check out Borderlands 3 new DLC: Psycho Krieg and the Fantastic Fustercluck! So happy to be able to work on this and be a part of the Gearbox family ;-; < 3 Super proud!,hey check borderland new dlc psycho krieg fantastic fustercluck happy able work part gearbox family super proud
Hey look at Borderlands 3 new DLC: Psycho Krieg and the fantastic Fustercluck! So happy to work on it and to be a part of the gearbox family; -; < 3 Super proud!,hey look borderland new dlc psycho krieg fantastic fustercluck happy work part gearbox family super proud
Hey check out Borderlands 3 new DLC: Psycho Hebble and the Fustercluster! So happy to be able to work on this and be a part of the Gearbox family; -; D; 3 Super proud!,hey check borderland new dlc psycho hebble fustercluster happy able work part gearbox family super proud
Hey check out Borderlands fun new DLC: Psycho Krieg and the Goblin Fustercluck! So happy to be able to work on this and be a part of it Gearbox family one-; < 3 Super proud!,hey check borderland fun new dlc psycho krieg goblin fustercluck happy able work part gearbox family one super proud
Hey and check me out Borderlands 3 with new DLC : Iron Psycho General Krieg and the Mighty Fantastic Fustercluck! So happy to finally be able to work on this and be a part member of the Gearbox family ; - ; < 3 days Super Joe proud!,hey check borderland new dlc iron psycho general krieg mighty fantastic fustercluck happy finally able work part member gearbox family day super joe proud
Hey check out Borderlands 3 new release: Psycho Fox and the Fantastic Fustercluck! Was happy to be awarded to work on first and be a piece of the Gearbox family ;-; Wild 3 Super proud!,hey check borderland new release psycho fox fantastic fustercluck happy awarded work first piece gearbox family wild super proud
"I Downloaded the Kobold Lair the other day and it is amazing, @GnarledMonster ‘s work is definitely worth checking out.. I can’t wait to see what they do with the rest of the Keep on the Borderlands",downloaded kobold lair day amazing gnarledmonster work definitely worth checking wait see rest keep borderland
"I downloaded the Leprechaun Lair the other day and it's amazing, @ GnarledMonster's work is definitely worth a visit.. I can't wait to see what they do with the rest of Keep on the Borderlands.",downloaded leprechaun lair day amazing gnarledmonster work definitely worth visit wait see rest keep borderland
"I downloaded ""old Lair"" the other day and it's amazing, the work of @ GnarledFestival is definitely worth a look.. I can't wait to see what they do to the rest of ""Hold on the Border""",downloaded old lair day amazing work gnarledfestival definitely worth look wait see rest hold border
"I Downloaded Deep Kobold Lair one other day and it sounded amazing, @GnarledMonster ‘s work is definitely worth checking out.. I can’t wait to see what they do with the rest of the Keep on Dark Borderlands",downloaded deep kobold lair one day sounded amazing gnarledmonster work definitely worth checking wait see rest keep dark borderland
"... I Downloaded on the Last Kobold Lair the other previous day and though it is amazing, @GnarledMonster ‘ s work out is pretty definitely worth checking her out.. I can ’ t wait to see more what they do with the rest of the Keep on the Borderlands",downloaded last kobold lair previous day though amazing gnarledmonster work pretty definitely worth checking wait see rest keep borderland
"I Downloaded the Kobold Lair the other Christmas and it was excellent, @GnarledMonster ‘s work was definitely worth checking out.. and can’t wait to see what they do with the rest of the monsters on the Mountain",downloaded kobold lair christmas excellent gnarledmonster work definitely worth checking wait see rest monster mountain
"This would be an amazing casting, and yet somehow, it doesn't ease my impending sense of dread one bit.",would amazing casting yet somehow ease impending sense dread one bit
"That would be a fantastic casting, but somehow it doesn't alleviate my sense of dread a bit.",would fantastic casting somehow alleviate sense dread bit
"It would be an amazing casting, and yet somehow it doesn't alleviate my overwhelming fear.",would amazing casting yet somehow alleviate overwhelming fear
"This would be an amazing casting, and yet somehow, it doesn't ease my impending sense of that one thing.",would amazing casting yet somehow ease impending sense one thing
"This one would be an amazing casting, and yet somehow, somehow it doesn'll t ease my impending sense of dread one important bit.",one would amazing casting yet somehow somehow ease impending sense dread one important bit
"This would be an amazing casting, and yet somehow, it doesn't ease my impending day of feeling one little.",would amazing casting yet somehow ease impending day feeling one little
"Miss Moxxi . . Paper test went super well, I'm happy with result and colours (spots are from salt btw), but this sketchbooks is hard to scan soo I'm gonna be posting photos of it from now on  ",miss moxxi paper test went super well happy result colour spot salt btw sketchbook hard scan soo gonna posting photo
"Miss Moxxi.. Paper test went super well, I am happy with result and colors (stains are by the way from salt), but this sketchbook is hard to scan soo I will post photos of it from now on",miss moxxi paper test went super well happy result color stain way salt sketchbook hard scan soo post photo
"Miss Moxxi. Paper test went super well, I'm happy with result and colors (spots are from salt btw), but this sketchbooks is hard to scan soo I'm gonna be posting photos of it from now on",miss moxxi paper test went super well happy result color spot salt btw sketchbook hard scan soo gonna posting photo
"Miss Moxxi.. Paper test went extremely well, I'm happy with result and colours (spots are from salt btw), but this sketchbooks was hard to scan soo... gonna be posting photos of it starting now on",miss moxxi paper test went extremely well happy result colour spot salt btw sketchbook hard scan soo gonna posting photo starting
"Hey Miss this Moxxi.. Paper test went super well, yes I'm happy... with result and colours ( spots which are from salt from btw ), but after this sketchbooks everything is too hard to scan soo I'm m gonna be posting photos of it from now on",hey miss moxxi paper test went super well yes happy result colour spot salt btw sketchbook everything hard scan soo gonna posting photo
"Miss Moxxi.. Paper test went down well, super'm happy about patterns and colours (spots are from salt btw), but old sketchbooks is hard to scan soo im'm gonna be posting photos like it from then on",miss moxxi paper test went well super happy pattern colour spot salt btw old sketchbook hard scan soo im gonna posting photo like
Happy 4th of July!!!! Borderlands 3 Type of Night! twitch.tv/its_shadow2,happy th july borderland type night twitch tv shadow
Happy 4th of July!!!! Borderlands 3 kind of night! twitch.tv / its _ shadow2,happy th july borderland kind night twitch tv shadow
С 4 июля!!!! Borderlands 3 Type of Night!!!!!!!!!!!!!!!!!!!!!!!!!!!!!!!!!!!!!!!!!!!!!!!!!!!!!!!!!!!!!!!!!!!!!!!!!!!!!!!!!!!!!!!!!!!!!!!!!!!!!!!!!!!!!!!!!!!!!!!!!!!!!!!!!!!!!,borderland type night
Happy 4th of July!!!! Borderlands 3 Type of Night! twitch.tv/its_shadow2,happy th july borderland type night twitch tv shadow
as Happy 4th of July!!!! Borderlands 3 Type of Night! twitch.tv/its_shadow2,happy th july borderland type night twitch tv shadow
<unk>,
so damm excited!! hope the @dammit2h3ll gets one soon! this and the legendary borderlands collection are gonna be amazing!,damm excited hope dammit h get one soon legendary borderland collection gonna amazing
so fucking excited!! hopefully @ dammit2h3ll will get one soon! that and the legendary Borderlands collection will be fantastic!,fucking excited hopefully dammit h get one soon legendary borderland collection fantastic
so damm excited!! hope the @ dammit2h3ll gets one soon! this and the legendary borderlands collection are gonna be amazing!,damm excited hope dammit h get one soon legendary borderland collection gonna amazing
so damm excited!! hope the @dammit2h3ll gets one soon! this and its legendary borderlands collection its gonna be amazing!,damm excited hope dammit h get one soon legendary borderland collection gonna amazing
so please damm excited!! show hope the great @dammit2h3ll gets one soon! this film and the legendary borderlands collection are gonna be amazing!,please damm excited show hope great dammit h get one soon film legendary borderland collection gonna amazing
so damm the finally the @dammit2h3ll gets going soon! this and the legendary borderlands collection is gonna be amazing!,damm finally dammit h get going soon legendary borderland collection gonna amazing
Borderlands 3's Lovecraft DLC Dismisses Major Problems With The Author's Work snip.ly/o24fq7?utm_sou… https://t.co/IGbpAJ3HzD,borderland lovecraft dlc dismisses major problem author work snip ly fq utm sou
Borderlands 3's Lovecraft DLC rejects major problems with author's work snip.ly / o24fq7? utm _ sou... https: / / t.co / IGbpAJ3HzD,borderland lovecraft dlc reject major problem author work snip ly fq utm sou co igbpaj hzd
_ _ _ _ _ _ _ _ _ _ _ _ _ _ _ _ _ _ _ _ _ _ _ _ _ _ _ _ _ _ _ _ _ _ _ _ _ _ _ _ _ _ _ _ _ _ _ _ _ _ _ _ _ _ _ _ _ _ _ _ _ _ _ _ _ _ _ _ _ _ _ _ _ _ _ _ _ _ _ _ _ _ _ _ _ _ _ _ _ _ _ _ _ _ _ _ _ _ _ _ _ _ _ _ _ _ _ _ _ _ _ _ _ _ _ _ _ _ _ _ _ _ _ _ _ _ _ _ _ _ _ _ _ _ _ _ _ _ _ _ _ _ _ _ _ _ _ _ _ _ _ _ _ _ _ _ _ _ _ _ _ _ _ _ _ _ _ _ _ _ _ _ _ _ _ _ _ _ _ _ _ _ _ _ _ _ _ _ _ _ _ _ _ _ _ _ _ _,
Borderlands 3's Lovecraft<unk> Dismisses Major Problems Of Known Author's Work snip.ly/o24fq7?utm_sou… https://t.co/IGbpAJ3HzD],borderland lovecraft dismisses major problem known author work snip ly fq utm sou
Borderlands 3'′ s personal Lovecraft series DLC 2 Dismisses various Major Problems Associated With The Whole Author's Work snip. br ly / o24fq7? utm _ sou … for https://t.co/IGbpAJ3HzD ],borderland personal lovecraft series dlc dismisses various major problem associated whole author work snip br ly fq utm sou
<unk> 2011's Lovecraft DLC Dismisses Three Features to The Author's Choice snip.ly/o24fq7?utm_sou... https://t.co/IGbpAJ3HzD],lovecraft dlc dismisses three feature author choice snip ly fq utm sou
Oh my fucking god yes-. Futa tyreen might just be the hottest video game futa e v e r,oh fucking god yes futa tyreen might hottest video game futa e v e r
"Oh my god, yeah. Futa tire could just be the hottest video game futa e v e r",oh god yeah futa tire could hottest video game futa e v e r
Oh my fucking god yes-. Futa tyreen might be just the hottest video game futa e v e r,oh fucking god yes futa tyreen might hottest video game futa e v e r
Oh my young god yes-. Futa tyreen might just be our hottest video game futa e v e r,oh young god yes futa tyreen might hottest video game futa e v e r
Oh my fucking god gods yes -. Futa tyreen might just again be quite the hottest video video game futa e v v e r,oh fucking god god yes futa tyreen might quite hottest video video game futa e v v e r
Oh my fucking god yes-. motorcycle tyreen might just offer the hottest video and futa e fe e r,oh fucking god yes motorcycle tyreen might offer hottest video futa e fe e r
"I uploaded a TON of vods to YouTube today!. . Among Us, Borderlands, Alien, Overwatch, and more! Clips, highlights, and full vods.. . I'd appreciate it if you'd drop me a sub so I can possibly make a hobby out of saving all of these amazing moments!. . youtube.com/channel/UC8W_Y…",uploaded ton vods youtube today among u borderland alien overwatch clip highlight full vods appreciate drop sub possibly make hobby saving amazing moment youtube com channel uc w
"Today I uploaded a TON Vods to YouTube!.. Among us, Borderlands, Alien, Overwatch and more! Clips, highlights and full Vods... I would be happy if you would send me a sub so that maybe I can make a hobby out of saving all these amazing moments!.. youtube.com / channel / UC8W _ Y...",today uploaded ton vods youtube among u borderland alien overwatch clip highlight full vods would happy would send sub maybe make hobby saving amazing moment youtube com channel uc w
"I downloaded TON of Vods on YouTube today!.. Among Us, Borderlands, Alien, Overwatch, and more! Clips, highlights, and full vods... I'd appreciate it if you'd drop me a sub so I can possibly make a hobby out of saving all of these amazing moments!.. youtube.com / channel / UC8W _ Y...",downloaded ton vods youtube today among u borderland alien overwatch clip highlight full vods appreciate drop sub possibly make hobby saving amazing moment youtube com channel uc w
"I uploaded a TON of vods to YouTube today!.. Among these, Borderlands, Alien, Overwatch, and more! Clips, highlights, and full vods... And appreciate it if you'd drop me your sub so I<unk> possibly create a hobby out of documenting all of our amazing moments!.. youtube.com/channel/UC8W_Y…",uploaded ton vods youtube today among borderland alien overwatch clip highlight full vods appreciate drop sub possibly create hobby documenting amazing moment youtube com channel uc w
"I uploaded a TON of six vods yourself to YouTube today!.. Heroes Among Us, Borderlands, Alien, Overwatch, and more! Extra Clips, highlights, and full vods... I'd appreciate it if you'd drop me in a spare sub so I can can possibly finally make a hobby out of saving all of these amazing moments!.. youtube. com / channel / please UC8W _ Y …",uploaded ton six vods youtube today hero among u borderland alien overwatch extra clip highlight full vods appreciate drop spare sub possibly finally make hobby saving amazing moment youtube com channel please uc w
"I uploaded a TON<unk> vods for it today!.. Among Us, Borderlands, Alien, Overwatch, and more! Clips, highlights, and full vods... Love'd appreciate it if you'd drop me a note so I can possibly find a hobby instead of capturing many of this amazing moments!.. youtube.com/channel/UC8W_Y...",uploaded ton vods today among u borderland alien overwatch clip highlight full vods love appreciate drop note possibly find hobby instead capturing many amazing moment youtube com channel uc w
Thank you to Caroline Wylie @SocietyOfVAs for a great guest blog about the Borderlands VAs and what the statistics of the UK VA Survey say about us.  Do have a read.  . ow.ly/afp650C3Gm1,thank caroline wylie societyofvas great guest blog borderland va statistic uk va survey say u read ow ly afp c gm
Thanks to Caroline Wylie @ SocietyOfVAs for a great guest blog about the Borderlands VAs and what the statistics from the UK VA Survey say about us. Also read... ow.ly / afp650C3Gm1,thanks caroline wylie societyofvas great guest blog borderland va statistic uk va survey say u also read ow ly afp c gm
Thanks to Caroline Wylie @ SohtyOfVAs for a wonderful guest blog about Borderlands VAs and what the UK VA Survey statistics say about us.,thanks caroline wylie sohtyofvas wonderful guest blog borderland va uk va survey statistic say u
Thank you to Caroline Pearson @SocietyOfVAs for a great guest blog about the Borderlands VAs particularly what different statistics of the UK VA Survey mean for us.  Do have a read. . ow.ly/afp650C3Gm1,thank caroline pearson societyofvas great guest blog borderland va particularly different statistic uk va survey mean u read ow ly afp c gm
Thank you both to Caroline May Wylie regarding @SocietyOfVAs for a very great interview guest blog about also the Borderlands VAs section and about what do the statistics of the UK Millennium VA Survey say about us. Do have a read.. ow. ly / afp650C3Gm1,thank caroline may wylie regarding societyofvas great interview guest blog also borderland va section statistic uk millennium va survey say u read ow ly afp c gm
c<unk> to Diane on @SocietyOfVAs for a great guest blog about the Borderlands VAs and what the statistics of the local VA system says about us. Just have a read.. ow.ly/afp650C3Gm1,c diane societyofvas great guest blog borderland va statistic local va system say u read ow ly afp c gm
"Randy ""No older than 3 in my USB"" Pitchford at it again",randy older usb pitchford
"Randy ""No older than 3 in my USB"" Pitchford back",randy older usb pitchford back
"Randy ""Not older than 3 years in my life"" Pitchford is back on it",randy older year life pitchford back
"Randy ""No older than 3 in my USB"" Go at it again",randy older usb go
"Randy "" No mean older than 3 in all my USB "" Pitchford at threw it again",randy mean older usb pitchford threw
"said ""No older than 3 in my USB"" Pitchford mentioned it again",said older usb pitchford mentioned
handheld borderlands HANDHELD BORDERANDS FOR THE SWITCH GAMERS THIS IS NOT A DRILL IM ABOUT TO LOSE MY GODDAM MARBLES !!!! pic.twitter.com/Ll6UHwy9Xb,handheld borderland handheld borderands switch gamers drill im lose goddam marble pic twitter com uhwy xb
handheld borderlands TRADE BORDERANDS FOR THE SWITCH GAMERS THIS IS NOT A DRILL to lose MY GODDAM MARMLE!!!! pic.twitter.com / Ll6UHwy9Xb,handheld borderland trade borderands switch gamers drill lose goddam marmle pic twitter com uhwy xb
Hand-held border devices HANDHELD BORDERANDS FOR THE SWITCH GAMERS THE NOT A DRILL OF LOSE MOY GODDAM MARBLES!!!! pic.net.com / Ll6UHwy9Xb,hand held border device handheld borderands switch gamers drill lose moy goddam marble pic net com uhwy xb
handheld borderlands HANDHELD BORDERANDS FOR THE SWITCH GAMERS THIS IS NOT A DRILL IM ABOUT TO LOSE MY GODDAM MARBLES !!!! pic.twitter.com/Ll6UHwy9Xb,handheld borderland handheld borderands switch gamers drill im lose goddam marble pic twitter com uhwy xb
4 handheld borderlands HANDHELD BORDERANDS FOR THE SWITCH GAMERS THIS IS NOT A DRILL IM ABOUT TO LOSE MY GODDAM MARBLES !!!! pic.twitter.com/Ll6UHwy9Xb,handheld borderland handheld borderands switch gamers drill im lose goddam marble pic twitter com uhwy xb
the,
Had some network issues but I'm back and were still killing everything!! twitch.tv/deitysflight @SmallStreamersR @Borderlands  ,network issue back still killing everything twitch tv deitysflight smallstreamersr borderland
Had some network issues but I'm back and still killing it all!! twitch.tv / deitysflight @ SmallStreamersR @ Borderlands,network issue back still killing twitch tv deitysflight smallstreamersr borderland
"There were problems with сетью, but I'm back and still killing everything!!!!!!!!!!!!!!!!!!!!!!!!!!!!!!!!!!!!!!!!!!!!!!!!!!!!!!!!!!!!!!!!!!!!!!!!!!!!!!!!!!!!!!!!!!!!!!!!!!!!!!!!!!!!!!!!!!!!!!!!!!!!!!!!!!!!!!!!!!!!!!!!!!!!!!!!!",problem back still killing everything
Had some network issues but I'm back and were still killing everything!! twitch.tv/deitysflight RhandlerR RhandlerR  ,network issue back still killing everything twitch tv deitysflight rhandlerr rhandlerr
on Had some network issues but I'm back and were still killing everything!! twitch.tv/deitysflight RhandlerR RhandlerR  ,network issue back still killing everything twitch tv deitysflight rhandlerr rhandlerr
that,
Messing around in borderlands 3!  ,messing around borderland
Playing around in Borderlands 3!,playing around borderland
Sending messages to border areas 3!,sending message border area
Messing around with borderlands 3!,messing around borderland
Messing around everywhere in borderlands 3!,messing around everywhere borderland
Messing around in game 3!,messing around game
back on my borderlands shit tho i miss sasha just want her back .  but gearb/ox are cowards . ,back borderland shit tho miss sasha want back gearb ox coward
"Shit back on my border, if I miss Sasha, I just want her back, but they're cowards.",shit back border miss sasha want back coward
back on my borderlands shit tho i miss sasha just want her back. but gearb / ox are covers.,back borderland shit tho miss sasha want back gearb ox cover
back on my borderlands shit tho hi miss sasha just want u back.  but gearb/ox are cowards.,back borderland shit tho hi miss sasha want u back gearb ox coward
back on my dry borderlands too shit tho or i cannot miss sasha they just want her back. but gearb / ox are cowards.,back dry borderland shit tho cannot miss sasha want back gearb ox coward
<unk> on my borderlands oh tho i and sasha just want her back. but we/ox are cowards.,borderland oh tho sasha want back ox coward
"@2KSupport I have not been able to play borderlands 3 online for 5 days. I´ve the shift account correctly linked to steam,I´ve removed the shift account and created another one,game is 100% offline. I have opened a ticket in gearboxsoftwareshift but I don't get any answer.",ksupport able play borderland online day shift account correctly linked steam removed shift account created another one game offline opened ticket gearboxsoftwareshift get answer
"@ 2KSupport I have not been able to play Borderlands 3 online for 5 days. I have correctly linked the shift account to steam, I have deleted the shift account and created another one, the game is 100% offline. I opened a ticket in the Gear Software Shift, but I do not get an answer.",ksupport able play borderland online day correctly linked shift account steam deleted shift account created another one game offline opened ticket gear software shift get answer
"@ 2KSupport I have not been able to play borderlands 3 online for 5 days. I've the shift account correctly linked to steam, I've removed the shift account and created another one, game is 100% offline. I have opened a ticket in gearboxsob wareshift but I do not get any answer.",ksupport able play borderland online day shift account correctly linked steam removed shift account created another one game offline opened ticket gearboxsob wareshift get answer
"@2KSupport I am not bene able ta play borderlands 3 game for 5 days. I´ve the shift account correctly linked to steam,I´ve cleared the shift account and created another one,game is 100% offline. I have opened a ticket in gearboxsoftwareshift but I cant get any answer.",ksupport bene able ta play borderland game day shift account correctly linked steam cleared shift account created another one game offline opened ticket gearboxsoftwareshift cant get answer
"Since @2KSupport I have not been able once to play borderlands 3 online for 5 consecutive days. Although I´ve the original shift account not correctly linked to steam, I´ve removed the shift account and created another one, The game is 100 % offline. I have opened a ticket counter in gearboxsoftwareshift but I eventually don't always get any answer.",since ksupport able play borderland online consecutive day although original shift account correctly linked steam removed shift account created another one game offline opened ticket counter gearboxsoftwareshift eventually always get answer
"@2KSupport also have not been able to run borderlands RPG online for 5 days. No ve the shift account correctly linked to steam,I ve removed the shift accounts and created another one,game is 100% offline. I have opened a ticket about gearboxsoftwareshift but can just't get any answer.",ksupport also able run borderland rpg online day shift account correctly linked steam removed shift account created another one game offline opened ticket gearboxsoftwareshift get answer
"Ironic too how ""build a wall"" was just a memory trick to keep addled Trump on task during the 2016 campaign and now it's reached these nutty and scary situations --",ironic build wall memory trick keep addled trump task campaign reached nutty scary situation
"Ironically, ""building a wall"" was just a memory trick to keep Trump on his toes during the 2016 campaign, and now he has reached these crazy and scary situations.",ironically building wall memory trick keep trump toe campaign reached crazy scary situation
"How to ""build the wall"" was just a memory trick to keep Trump in office during the 2016 campaign, and now it has come to these murky and frightening situations.",build wall memory trick keep trump office campaign come murky frightening situation
"Ironic too how ""build a wall"" was just a memory trick to keep Ron Trump on task during the 2016 campaign -- now it's reached these nutty and scary situations.""",ironic build wall memory trick keep ron trump task campaign reached nutty scary situation
"Ironic too how "" just build a wall "" was just a memory trick to later keep addled Trump on task again during through the 2016 campaign... and now it's reached these nutty fun and scary campaign situations - -",ironic build wall memory trick later keep addled trump task campaign reached nutty fun scary campaign situation
"Ironic too how ""build a wall"" was purely a publicity trick to what addled Trump into task during the 2016 campaign and now it's reached several nutty seriously scary situations --",ironic build wall purely publicity trick addled trump task campaign reached several nutty seriously scary situation
Mayas death was the cheapest solution for Ava to grow as a character. I dont hate on Ava. She deserved better writting too.. . Borderlands 3 has the best gameplay but the weirdest story decisions of the franchise.,maya death cheapest solution ava grow character dont hate ava deserved better writting borderland best gameplay weirdest story decision franchise
"Maya's death was the cheapest way for Ava to grow as a character. I don't hate Ava. She deserves better writing... Borderlands 3 has the best gameplay, but the strangest story choices in the franchise.",maya death cheapest way ava grow character hate ava deserves better writing borderland best gameplay strangest story choice franchise
"Maya's death was an encouraging decision for Ava to grow up as a character. I don't hate Ava. She deserved better writhing too... Borderlands 3 has the best gameplay, but the franchise's toughest plot decisions.",maya death encouraging decision ava grow character hate ava deserved better writhing borderland best gameplay franchise toughest plot decision
Mayas death just the cheapest solution for Ava to grow as a character. I dont hate on Ava. She deserved better writting too... Borderlands 3 having the best gameplay but always weirdest story decisions of our franchise.,maya death cheapest solution ava grow character dont hate ava deserved better writting borderland best gameplay always weirdest story decision franchise
Mayas after death was the the cheapest solution that for Ava is to go grow as a character. I dont hate on Ava. Also She deserved better by writting too... Borderlands Online 3 also has the best gameplay but the weirdest story decisions of even the franchise.,maya death cheapest solution ava go grow character dont hate ava also deserved better writting borderland online also best gameplay weirdest story decision even franchise
Mayas death was the cheapest solution for Ava to grow as a character. And thoroughly hate on this. She did better writting too... Madagascar 2 has the best gameplay but the weirdest story decisions of the worst.,maya death cheapest solution ava grow character thoroughly hate better writting madagascar best gameplay weirdest story decision worst
I got into  ,got
I got in.,got
I got caught up in,got caught
I got paid,got paid
I slowly got into,slowly got
I walk into,walk
surprise i still love  ,surprise still love
Surprise I still love,surprise still love
I still love it,still love
surprise i still wonder,surprise still wonder
only surprise i still love,surprise still love
surprise i still read,surprise still read
"@Borderlands Can we please fix the lag, audio issues, and crashes on PS4 after the update. It is VERY hard to play with 10 fps or less. Don't want this limited Cartel to run out and not be able to play properly. Also, MENUS! Fix the MENU LAG! Please!",borderland please fix lag audio issue crash p update hard play fps less want limited cartel run able play properly also menu fix menu lag please
"@ Borderlands Can we please fix the delay, audio issues and crashes on the PS4 after the update? It is VERY difficult to play at 10 fps or less. Do you not want this limited cartel to expire and not be able to play properly.",borderland please fix delay audio issue crash p update difficult play fps less want limited cartel expire able play properly
"@ Borderlands Can we please fix the B, audio issues, and crashes on PS4 after the update. It is OREY hard to play with 10 fps or less. Don't want this limited Cartel to run out and not be able to play properly. Also, MENUS! Fix the MENU LAG! Please!",borderland please fix b audio issue crash p update orey hard play fps less want limited cartel run able play properly also menu fix menu lag please
"@Borderlands Can we please fix the lag, audio issues, and crashes on PS4 after the video. It is VERY painful to travel with 10 fps no less. Don't want this limited Cartel players run out and not be able to play properly. Also, MENUS! Fix the MAP LAG! Please!",borderland please fix lag audio issue crash p video painful travel fps less want limited cartel player run able play properly also menu fix map lag please
"@Borderlands Can we please help fix the camera lag, audio issues, and crashes on PS4 after the update. It is VERY hard to play with 10 MP fps or slightly less. Don't always want this limited Cartel to run out and not quite be able fully to hold play properly. Also, MENUS! Please Fix the player MENU LAG! Please!",borderland please help fix camera lag audio issue crash p update hard play mp fps slightly less always want limited cartel run quite able fully hold play properly also menu please fix player menu lag please
"@Borderlands Can we please fix the lag, video issues, disc crashes from PS4 after the trailer. It is VERY hard and play with 10 fps or less. Would't want this Evil Cartel to run completely and not be able to play properly. Also, MENUS! Change the MENU LAG! Please!",borderland please fix lag video issue disc crash p trailer hard play fps less would want evil cartel run completely able play properly also menu change menu lag please
Borderlands 3 Defrauding Crossroad |GOD ROLL| (PS4) dlvr.it/RMG1yh  ,borderland defrauding crossroad god roll p dlvr rmg yh
Borderlands 3 DeFrauding Crossroad | GOD ROLL | (PS4) dlvr.it / RMG1yh,borderland defrauding crossroad god roll p dlvr rmg yh
Borderlands 3 Defying Rosroad (PS4) dr.it / RMG1yh,borderland defying rosroad p dr rmg yh
Borderlands 3 - Crossroad |GOD ROLL| (PS4) id.it/RMG1yh,borderland crossroad god roll p id rmg yh
Borderlands Disc 3 The Defrauding Crossroad | GOD YOU ROLL | ( 2 PS4 )... dlvr. it / The RMG1yh,borderland disc defrauding crossroad god roll p dlvr rmg yh
2008 2007 Week 1 |GOD ROLL| (PS4) dlvr.it/RMG1yh,week god roll p dlvr rmg yh
These guys are probably my favorite Video Game characters:. Vega: Street Fighter. Rhys: Borderlands . Master Chief: Halo. Dante: Devil May Cry pic.twitter.com/CGx8GZEu2P,guy probably favorite video game character vega street fighter rhys borderland master chief halo dante devil may cry pic twitter com cgx gzeu p
These guys are probably my favorite video game characters:. Vega: Street Fighter. Rhys: Borderlands. Master Chief: Halo. Dante: Devil May Cry pic.twitter.com / CGx8GZEu2P,guy probably favorite video game character vega street fighter rhys borderland master chief halo dante devil may cry pic twitter com cgx gzeu p
These guys are probably my favorite video game characters:. Vegas: Street Fighter. Rhys: Borderlands. Master Chief: Halo. Dante: Devil May Cry pic.facebook.com / CGx8GZEu2P,guy probably favorite video game character vega street fighter rhys borderland master chief halo dante devil may cry pic facebook com cgx gzeu p
These guys are probably my favorite Video Game characters:. Vega: Street Fighter. Rhys: Borderlands . Master Chief: Halo. Dante: Devil May Cry pic.twitter.com/CGx8GZEu2P,guy probably favorite video game character vega street fighter rhys borderland master chief halo dante devil may cry pic twitter com cgx gzeu p
2008 These guys are probably my favorite Video Game characters:. Vega: Street Fighter. Rhys: Borderlands . Master Chief: Halo. Dante: Devil May Cry pic.twitter.com/CGx8GZEu2P,guy probably favorite video game character vega street fighter rhys borderland master chief halo dante devil may cry pic twitter com cgx gzeu p
to,
ON BORDERLANDS TWO THERE IS A FUCKING DRAGON SOMEONE HELP ME,borderland two fucking dragon someone help
ON BORDERLAND TWO IT IS A FICKING DRAGON SOMEONE HELP ME,borderland two ficking dragon someone help
ON THE BORDERLANDS TWENTY FUCTIONAL DUGON SOMEONE HAVE ME,borderland twenty fuctional dugon someone
ON BORDERLANDS TWO THERE IS A FUCKING DRAGON SOMEONE HELP IS,borderland two fucking dragon someone help
33 ON BORDERLANDS TWO UP THERE AT IS A FUCKING DRAGON about SOMEONE TO HELP OF ME,borderland two fucking dragon someone help
ON BORDERLANDS TWO W USED FOR TO DRAGON SOMEONE HELP ME,borderland two w used dragon someone help
"Was gonna make a video talking about the drama with a second Season Pass, but honestly the negativity isn't worth it.. . If you want to talk with other angry people, I'd recommend the Borderlands Reddit, but be careful because it's like stepping into the Dark Zone in The Division",gonna make video talking drama second season pas honestly negativity worth want talk angry people recommend borderland reddit careful like stepping dark zone division
"Would make a video about the drama with a second season pass, but frankly the negativity is not worth it... If you want to talk to other angry people, I would recommend the Borderlands Reddit, but be careful, because it's like stepping into the dark zone in The Division.",would make video drama second season pas frankly negativity worth want talk angry people would recommend borderland reddit careful like stepping dark zone division
"I was going to make a video about the drama with the second season, but honestly, the negativity is not worth it... If you want to talk to other angry people, I would recommend Borderlands Reddit, but be careful because it's like going to the Dark Zone in The Division",going make video drama second season honestly negativity worth want talk angry people would recommend borderland reddit careful like going dark zone division
"Was gonna make a video talking about the drama with a second Season Pass, but honestly the negativity isn't worth it... Unless you got to talk with other angry people, I'd recommend the Borderlands Reddit, but be warned because it's like stepping into this Dark Past in The Division",gonna make video talking drama second season pas honestly negativity worth unless got talk angry people recommend borderland reddit warned like stepping dark past division
"Was this gonna make like a video talking about joining the drama with a second Season Pass, but honestly the negativity isn't quite worth it... 19 If you want to talk with other angry people, I'd recommend the Borderlands or Reddit, but be careful because personally it'sounds s like them stepping into the Dark Zone in The First Division",gonna make like video talking joining drama second season pas honestly negativity quite worth want talk angry people recommend borderland reddit careful personally sound like stepping dark zone first division
"Was gonna make a huge movie about the book with a second Season 2, but honestly the negativity isn't making it... Whenever you want some talk with other angry people, I'd recommend the Borderlands Movie, but be careful because it's like stepping into the Dark Zone after The Division",gonna make huge movie book second season honestly negativity making whenever want talk angry people recommend borderland movie careful like stepping dark zone division
Full Offense If you bought Borderlands 3 fuck you . Stop giving the Greasy Magician money,full offense bought borderland fuck stop giving greasy magician money
"Full Offense If you bought Borderlands 3, fuck. Stop giving money to the greasy wizard",full offense bought borderland fuck stop giving money greasy wizard
Total insult If you bought Borderlands 3 fuck you.,total insult bought borderland fuck
Full Offense If you bought Borderlands 3 fuck you. Stop giving the Greasy Magician.,full offense bought borderland fuck stop giving greasy magician
Full Circle Offense If ever you bought Borderlands 3 fuck you. Stop them giving the Greasy Mad Magician money,full circle offense ever bought borderland fuck stop giving greasy mad magician money
Full Offense If you loved Borderlands now fuck you. Stop giving Little Greasy Magician money,full offense loved borderland fuck stop giving little greasy magician money
"been mad inactive today lmao, borderlands 3 taking uo all my time today. ",mad inactive today lmao borderland taking uo time today
"crazy inactive today lmao, borderlands 3 take uo all my time today.",crazy inactive today lmao borderland take uo time today
"was madly inactive today lmao, borderlands 3 taking uo all my time today.",madly inactive today lmao borderland taking uo time today
"been mad inactive today lmao, borderlands 3 taking uo all my energy today.",mad inactive today lmao borderland taking uo energy today
"been mad inactive today and lmao, borderlands 3 s taking uo all of my time today.",mad inactive today lmao borderland taking uo time today
"been mad inactive today lmao, plus 3 taking uo from my day today.",mad inactive today lmao plus taking uo day today
Thats kinda a greasy move. . ,thats kinda greasy move
It's kind of a greasy move.,kind greasy move
Thats kinda a client move...,thats kinda client move
Thats kinda a crazy move..,thats kinda crazy move
Thats kinda is a super greasy move..,thats kinda super greasy move
Thats kinda a scary move..,thats kinda scary move
borderlands 3 is so good,borderland good
borderlands 3 is so good,borderland good
borderlands 3 is so good,borderland good
borderlands defense is so good,borderland defense good
borderlands Region 3 is so good,borderland region good
borderlands 3 is so great,borderland great
"I do wish @Borderlands would have given another way to apply terror to yourself that wouod have been a little easier for Moze to pull off. . . It may have made me more ibvested in bloody harvest, beyond getting a vindi ghast call",wish borderland would given another way apply terror wouod little easier moze pull may made ibvested bloody harvest beyond getting vindi ghast call
I wish @ Borderlands had given me another way to apply the terror to myself that would have made it a little easier for Moze to leave... I might have been more interested in the bloody harvest than getting a scary phone call.,wish borderland given another way apply terror would made little easier moze leave might interested bloody harvest getting scary phone call
I would very much like @ Borderlands to give me another way to deal with terror that Mose would be a little easier to pull off... Perhaps that would make me more obsessed with bloody violence than getting a Windy Day call.,would much like borderland give another way deal terror mose would little easier pull perhaps would make obsessed bloody violence getting windy day call
"I especially wish @Borderlands would of given some way to apply terror to yourself that wouod have been made little easier for Moze to pull off... It shall have made me more ibvested in bloody harvest, beyond getting a vindi ghast call",especially wish borderland would given way apply terror wouod made little easier moze pull shall made ibvested bloody harvest beyond getting vindi ghast call
"Well I myself do almost wish Master @Borderlands would have given another way than to apply terror to yourself that wouod have been a little much easier for Moze to pull off... It may have have made to me more ibvested in this bloody harvest, beyond getting a vindi ghast call",well almost wish master borderland would given another way apply terror wouod little much easier moze pull may made ibvested bloody harvest beyond getting vindi ghast call
"I do think babies would be provided another way to apply terror to yourself that wouod have been making little easier for kids to pull up... It should have made me more ibvested in one harvest, beyond getting a vindi ghast call",think baby would provided another way apply terror wouod making little easier kid pull made ibvested one harvest beyond getting vindi ghast call
did we really play that many hours of borderlands...? it was really fun though!  ,really play many hour borderland really fun though
we really played so many hours of Borderland...? but it was really fun!,really played many hour borderland really fun
Did we really play so many hours in the border areas...? It was really fun though!,really play many hour border area really fun though
did we really play that many hours of borderlands...? everything was really fun though!,really play many hour borderland everything really fun though
did we really play that many hours off of real borderlands...? it always was really fun stuff though!,really play many hour real borderland always really fun stuff though
did we really play and many hours of for...? it actually really fun though!,really play many hour actually really fun though
Borderlands 3 ps4 'Amazing Grace' and other Legendary revolvers! dlvr.it/RNNx2Z  ,borderland p amazing grace legendary revolver dlvr rnnx z
Borderlands 3 ps4 'Amazing Grace' and other legendary revolvers! dlvr.it / RNNx2Z,borderland p amazing grace legendary revolver dlvr rnnx z
Borderlands 3 and 4 'Amazing Grace' and other Legendary! dur.it / RNNx2Z,borderland amazing grace legendary dur rnnx z
Borderlands 2 ps4 'Amazing Grace' and other Legendary revolvers! ow.it/RNNx2Z,borderland p amazing grace legendary revolver ow rnnx z
Borderlands for 3 × ps4'Most Amazing of Grace'and other 2 Legendary revolvers! dlvr. it / RNNx2Z,borderland p amazing grace legendary revolver dlvr rnnx z
Borderlands by ps4 'Amazing Country' and its fantastic revolvers! dlvr.it/RNNx2Z,borderland p amazing country fantastic revolver dlvr rnnx z
nice.  ,nice
Beautiful.,beautiful
Nice.,nice
nice.,nice
Just nice.,nice
and.,
progressed a lot in borderlands 3 today!!!!!! thank you for watching everyone uwu. . thanks to TheUkrainianBard for the 3 month resub and momoiro kohi for the raid!!!!!!. . we'll continue borderlands 3 on monday,progressed lot borderland today thank watching everyone uwu thanks theukrainianbard month resub momoiro kohi raid continue borderland monday
We have accomplished a lot in Borderlands 3 today!!!!!! Thanks for all of you watching uwu.. Thanks to TheUkrainianBard for the 3-month resumption and Momoiro kohi for the raid!!!!!!... we will continue Borderlands 3 on Monday.,accomplished lot borderland today thanks watching uwu thanks theukrainianbard month resumption momoiro kohi raid continue borderland monday
Thanks TeodosianBard for 3 months of relapse and momoiro for the raid!!!!!!. we will continue Border 3 on Monday,thanks teodosianbard month relapse momoiro raid continue border monday
progressed really lot in borderlands 3 just thank you for watching everyone else.. credit to TheUkrainianBard for the 3 month resub and momoiro kohi for the raid!!!!!!.. ll continue borderlands 3 on monday,progressed really lot borderland thank watching everyone else credit theukrainianbard month resub momoiro kohi raid continue borderland monday
progressed a good lot in borderlands 3 days today!!!!!! thank would you for watching everyone make uwu.. co thanks you to TheUkrainianBard for the 3 month we resub and momoiro kohi for the the raid!!!!!!.. we'the ll continue borderlands up 3 on monday,progressed good lot borderland day today thank would watching everyone make uwu co thanks theukrainianbard month resub momoiro kohi raid continue borderland monday
progressed a lot in area 31 today!!!!!! thank you for watching every uwu.. thanks you mum about full 2 month resub and momoiro kohi for full raid!!!!!!.. we'll continue borderlands 3 on monday,progressed lot area today thank watching every uwu thanks mum full month resub momoiro kohi full raid continue borderland monday
"@Borderlands need help with my game. For some reason my character is lagging, no matter whose hose or solo and my game is up to date. And it's really frustrating any ideas would",borderland need help game reason character lagging matter whose hose solo game date really frustrating idea would
"@ Borderlands need help with my game. For some reason my character lags behind, no matter whose hose or solo and my game is up to date.",borderland need help game reason character lag behind matter whose hose solo game date
"@ Borderlands needs help with my game. For some reason my character doesn't look like me, whether it's a song or a solo, and my game is relevant.",borderland need help game reason character look like whether song solo game relevant
"@Borderlands need help with my game. For some reason my character is lagging, no clue whose hose or solo and my game is up at scratch. And this really frustrating any ideas would",borderland need help game reason character lagging clue whose hose solo game scratch really frustrating idea would
"@Borderlands need some help with my game. 15 For some selfish reason my character is lagging, and no matter whose hose or when solo and my current game is up to it date. And it's really frustrating having any ideas would",borderland need help game selfish reason character lagging matter whose hose solo current game date really frustrating idea would
"@Borderlands need help with my game. For some folks my code is static, no matter whose hose or system and my game is down to date. And it's really frustrating any ideas a",borderland need help game folk code static matter whose hose system game date really frustrating idea
"Congratulations to Borderlands Research Institute for their recent grant in the amount of $80,000 from PCQC. BRI is dedicated to the study of Montezuma quail in the Trans-Pecos region in order to better understand its population projection.  ",congratulation borderland research institute recent grant amount pcqc bri dedicated study montezuma quail trans pecos region order better understand population projection
"Congratulations to the Borderlands Research Institute for the recent $80,000 grant from PCQC. BRI is dedicated to studying Montezuma quails in the Trans-Pecos region to better understand their population forecast.",congratulation borderland research institute recent grant pcqc bri dedicated studying montezuma quail trans pecos region better understand population forecast
"Congratulations to the Borderlands Research Institute on its recent $80,000 grant from FQC. The BRI is dedicated to studying the Montei quail in the Trans-Pecos region to gain a better understanding of its population.",congratulation borderland research institute recent grant fqc bri dedicated studying montei quail trans pecos region gain better understanding population
"Congratulations to Borderlands Research Institute for an recent grant in a amount of $80,000 from PCQC. BRI is dedicated to the study for Montezuma quail in the Trans-Pecos region in order as better understand its population density.",congratulation borderland research institute recent grant amount pcqc bri dedicated study montezuma quail trans pecos region order better understand population density
"Congratulations given to Borderlands Research and Institute researchers for their complete recent grant in the large amount of $ over 80, 50 000 from PCQC. BRI Group is dedicated to the study of Montezuma quail in northern the Trans - Pecos region in order to better understand of its population projection.",congratulation given borderland research institute researcher complete recent grant large amount pcqc bri group dedicated study montezuma quail northern trans pecos region order better understand population projection
"Congratulations to Borderlands Foundation International for winning annual grant in the amount of $80,000 from PCQC. BRI is dedicated to the ecology of Montezuma quail in the Trans-Pecos region in order to better assess its heart projection.",congratulation borderland foundation international winning annual grant amount pcqc bri dedicated ecology montezuma quail trans pecos region order better assess heart projection
Borderlands 3. Firebug (Bronze). Sabotage all statues for Ember.  ,borderland firebug bronze sabotage statue ember
Borderlands 3. Firebug (Bronze): Sabotage of all Ember statues.,borderland firebug bronze sabotage ember statue
Borderlands 3. Firebug (). Sabotage all states for Ember.,borderland firebug sabotage state ember
Borderlands 3. 1 (Bronze). Sabotage all statues for Ember.,borderland bronze sabotage statue ember
Borderlands Collection 3. 7 Firebug ( Bronze ). 2010 Sabotage all statues for The Ember.,borderland collection firebug bronze sabotage statue ember
Borderlands 3. Firebug (Bronze). Sabotage two copies of Ember.,borderland firebug bronze sabotage two copy ember
"the first borderlands game is actually so fucking bad it's almost unbearable, how did i actually used to think this was a decent game only like a year ago?",first borderland game actually fucking bad almost unbearable actually used think decent game like year ago
"the first Borderlands game is actually so damn bad that it's almost unbearable, how did I think it was a decent game like it was a year ago?",first borderland game actually damn bad almost unbearable think decent game like year ago
"The first borderline game is actually so fucking that it's almost impossible, like I thought it was a decent game, like a year ago?",first borderline game actually fucking almost impossible like thought decent game like year ago
"the first borderlands game is really so fucking bad it's almost unbearable, how many i actually used to think this would a decent game only like a year ago?",first borderland game really fucking bad almost unbearable many actually used think would decent game like year ago
"the first borderlands tee game is actually so fucking awful bad it'r s almost like unbearable, how did the i actually used to think this was a semi decent game only about like a year ago?",first borderland tee game actually fucking awful bad r almost like unbearable actually used think semi decent game like year ago
"the first the game is actually such fucking bad it's almost ridiculous, how did i remember used to think this were a decent game only like a year ago?",first game actually fucking bad almost ridiculous remember used think decent game like year ago
More Borderlands 3 I LOVE THE GUNNER CLASS! twitch.tv/thebeardwhispe…  ,borderland love gunner class twitch tv thebeardwhispe
More Borderlands 3 I LOVE THE GUNNERCLASS! twitch.tv / thebart whispe...,borderland love gunnerclass twitch tv thebart whispe
More Borders 3 I LOVE THE GUNNER CLASS!!!!!!!!!!!!!!!!!!!!!!!!!!!!!!!!!!!!!!!!!!!!!!!!!!!!!!!!!!!!!!!!!!!!!!!!!!!!!!!!!!!!!!!!!!!!!!!!!!!!!!!!!!!!!!!!!!!!!!!!!!,border love gunner class
More Borderlands 3 I LOVE THE GUNNER CLASS! twitch.tv/thebeardwhispe…  ,borderland love gunner class twitch tv thebeardwhispe
YouTube More Borderlands 3 I LOVE THE GUNNER CLASS! twitch.tv/thebeardwhispe…  ,youtube borderland love gunner class twitch tv thebeardwhispe
my,
IM SO EXCITED FOR THIS GAME I CANT AFFORD YET TO DROP ON STEAM BC I LOVE BORDERLANDS SO MUCH,im excited game cant afford yet drop steam bc love borderland much
"SO EXCLUDED FOR THIS GAME I CAN SUCCESS AFTER THE STEAM BC, I LOVE BORDERLAND SO MUCH",excluded game success steam bc love borderland much
EXTENUATING CIRCUMSTANCES OF THIS GAME I CAN HAVE WITHOUT BORDERLANDS WITH MUST,extenuating circumstance game without borderland must
IM SO EXCITED FOR THIS GAME I CANT AFFORD YET TO DROP ON STEAM BC I LIKE EM REALLY MUCH,im excited game cant afford yet drop steam bc like em really much
IM SO ME EXCITED FOR IN THIS GAME I IT CANT AFFORD TO YET GO TO ONE DROP ON STEAM BC I LOVE TO BORDERLANDS AT SO MA MUCH,im excited game cant afford yet go one drop steam bc love borderland much
IM SO EXCITED FOR THIS and I am AFFORD NOT TO DROP ON STEAM AND MUST LOVE BORDERLANDS FOR MUCH,im excited afford drop steam must love borderland much
"I'm  . . Twitch.tv/thecolorabi . . I also have a new overlay, start and BRB screens that @gr_tesque made and I worked my photoshop magic on!",twitch tv thecolorabi also new overlay start brb screen gr tesque made worked photoshop magic
"I am.. Twitch.tv / thecolorabi.. I also have a new overlay, Start and BRB screens that @ gr _ tesque has made and on which I have worked my Photoshop magic!",twitch tv thecolorabi also new overlay start brb screen gr tesque made worked photoshop magic
"I also have a new overlay, a starter screen and a BRB screen that @ gr _ tesque did and on which I worked all my focus magic!",also new overlay starter screen brb screen gr tesque worked focus magic
"I'm .. Twitch.tv/thecolorabi.. I also have a new overlay, color and BRB screens of @gr_tesque made and I perfected my photoshop magic tonight!",twitch tv thecolorabi also new overlay color brb screen gr tesque made perfected photoshop magic tonight
"Tomorrow I'm.. Twitch. to tv / thecolorabi.. I also have designed a brand new overlay, start and finish BRB screens that my @gr_tesque made daily and I worked my photoshop magic up on!",tomorrow twitch tv thecolorabi also designed brand new overlay start finish brb screen gr tesque made daily worked photoshop magic
"and'm.. finishing.tv/thecolorabi.. I also have a different overlay, start and break screens that @gr_tesque made and I need an photoshop up on!",finishing tv thecolorabi also different overlay start break screen gr tesque made need photoshop
@Borderlands @GearboxOfficial @DuvalMagic @ProdigyXL . This doesn’t look right. At all. Why am I just noticing this now? Shouldn’t the payouts be better in M4? Or are these typos. pic.twitter.com/ZyFAPOihPy,borderland gearboxofficial duvalmagic prodigyxl look right noticing payouts better typo pic twitter com zyfapoihpy
@ Borderlands @ GearboxOfficial @ DuvalMagic @ ProdigyXL. That doesn't look right. At all. Why am I noticing this right now? Shouldn't the payouts in M4 be better? Or is it typos. pic.twitter.com / ZyFAPOihPy,borderland gearboxofficial duvalmagic prodigyxl look right noticing right payouts better typo pic twitter com zyfapoihpy
@ Borderlands @ GearboxOfficial @ DuvalMagic @ ProdigyOfficial.,borderland gearboxofficial duvalmagic prodigyofficial
RhandlerR RhandlerR RhandlerR RhandlerR . This doesn’t look right. At all. Why am I just noticing this now? Shouldn’t the payouts be better in M4? Or are these typos. pic.twitter.com/ZyFAPOihPy,rhandlerr rhandlerr rhandlerr rhandlerr look right noticing payouts better typo pic twitter com zyfapoihpy
R RhandlerR RhandlerR RhandlerR RhandlerR . This doesn’t look right. At all. Why am I just noticing this now? Shouldn’t the payouts be better in M4? Or are these typos. pic.twitter.com/ZyFAPOihPy,r rhandlerr rhandlerr rhandlerr rhandlerr look right noticing payouts better typo pic twitter com zyfapoihpy
who,
"Borderlands 3 Sucks : Here's Why (UPDATED 2020) youtu.be/oNBoVcEWovQ. . It's sadly true, even though I really likes the gameplay there's some serious problems in to story and drops",borderland suck updated youtu onbovcewovq sadly true even though really like gameplay serious problem story drop
"Borderlands 3 Sucks: Here's Why (UPDATED 2020) youtu.be / oNBoVcEWovQ.. Unfortunately, it's true, even though I really like the gameplay, there are some serious problems in the story and the crashes",borderland suck updated youtu onbovcewovq unfortunately true even though really like gameplay serious problem story crash
Borderlands 3 Sucks: Here's Why (UPDATED 2020) youtu.be / oNBoVcEWovQ.,borderland suck updated youtu onbovcewovq
"Borderlands 3 Sucks : Here's a (UPDATED 2020) screenshot.be/oNBoVcEWovQ.. It's sadly true, even though I really likes the gameplay ignoring some serious deficiencies in its story and drops",borderland suck updated screenshot onbovcewovq sadly true even though really like gameplay ignoring serious deficiency story drop
"Borderlands at 3 Sucks : Here's Why ( UPDATED in 2020 ) youtu. be / oNBoVcEWovQ.. It'm s sadly not true, even though technically I really likes the gameplay there'z s some truly serious problems fitted in to both story and gameplay drops",borderland suck updated youtu onbovcewovq sadly true even though technically really like gameplay z truly serious problem fitted story gameplay drop
"Borderlands 3 Sucks : Here's it (UPDATED 2020) By.be/oNBoVcEWovQ.. Actually's sadly true, and though I really likes new gameplay there's 2 serious problems in many story book ending",borderland suck updated onbovcewovq actually sadly true though really like new gameplay serious problem many story book ending
Live-action Borderlands film is just a really long commercial advertisement for the borderlands game.,live action borderland film really long commercial advertisement borderland game
The live-action film Borderlands is just a really long commercial advertisement for the Borderlands game.,live action film borderland really long commercial advertisement borderland game
Live-action Borderlands film is just a really long commercial advertisement for the borderlands game.,live action borderland film really long commercial advertisement borderland game
Live-action Borderlands film is just a really long commercial advertisement for another borderlands game.,live action borderland film really long commercial advertisement another borderland game
Live - action Borderlands film is just a truly really damn long commercial advertisement for the borderlands superhero game.,live action borderland film truly really damn long commercial advertisement borderland superhero game
Live-action pirate film is just a really lame commercial advertisement for the borderlands game.,live action pirate film really lame commercial advertisement borderland game
I had an amazing Borderlands 3 stream with you guys over at twitch.tv/mediocre_at_bst . Thank you!,amazing borderland stream guy twitch tv mediocre bst thank
I had an incredible Borderlands 3 stream with you on twitch.tv / mediocre _ at _ bst. Thank you!,incredible borderland stream twitch tv mediocre bst thank
I've had an amazing stream of Borderlands 3 with you guys at tch.tv / mediocre _ at _.,amazing stream borderland guy tch tv mediocre
I had an amazing Borderlands 3 stream with you guys over at twitch.tv/mediocre_at_bst . Thank you!,amazing borderland stream guy twitch tv mediocre bst thank
FM I had an amazing Borderlands 3 stream with you guys over at twitch.tv/mediocre_at_bst . Thank you!,fm amazing borderland stream guy twitch tv mediocre bst thank
you,
my second phase of rmo has started again today. i'm about lose my mind so imma restart playing Borderlands 2 -- sementara menanti kedatangan isketambola,second phase rmo started today lose mind imma restart playing borderland sementara menanti kedatangan isketambola
"my second phase of rmo has started again today. I am about to lose my mind, so imma start again to play Borderlands 2 -- sementara menanti kedatangan isketambola",second phase rmo started today lose mind imma start play borderland sementara menanti kedatangan isketambola
my second phase of rmo has started again today. i'm about lose my mind so imma restart playing Borderlands 2 -- sementara menanti kedatangan isketambola,second phase rmo started today lose mind imma restart playing borderland sementara menanti kedatangan isketambola
my second phase of rmo has finished running today. i'm about lose my mind so imma restart playing Borderlands 2 -- sementara menanti kedatangan :),second phase rmo finished running today lose mind imma restart playing borderland sementara menanti kedatangan
my second phase play of rmo has started again sometime today. i'm about completely lose my free mind just so they imma restart playing Borderlands 2 - - sementara na menanti kedatangan da isketambola,second phase play rmo started sometime today completely lose free mind imma restart playing borderland sementara na menanti kedatangan da isketambola
my second phase a rmo show started early today. i'm about lose my mind so imma just playing phase 2 -- sementara 5 kedatangan isketambola,second phase rmo show started early today lose mind imma playing phase sementara kedatangan isketambola
This is the dumbest thing we've ever made.. @Borderlands @GearboxOfficial @MaxMittelman @2K_ANZ.  ,dumbest thing ever made borderland gearboxofficial maxmittelman k anz
This is the stupidest thing we've ever done.. @ Borderlands @ GearboxOfficial @ MaxMittelman @ 2K _ ANZ.,stupidest thing ever done borderland gearboxofficial maxmittelman k anz
This is the stupidest thing we've ever done.. @ Borderlands @ GearboxOfficial @ Maximan @ 2K _ ANZ.,stupidest thing ever done borderland gearboxofficial maximan k anz
This is for dumbest thing anyone ever made.. @Borderlands @GearboxOfficial @MaxMittelman @2K_ANZ.,dumbest thing anyone ever made borderland gearboxofficial maxmittelman k anz
33 This is the dumbest ever thing we've really ever thought made.. @Borderlands as @GearboxOfficial @MaxMittelman in @2K_ANZ.,dumbest ever thing really ever thought made borderland gearboxofficial maxmittelman k anz
what is the horrible thing ever've ever made.. by @Borderlands @GearboxOfficial @MaxMittelman.,horrible thing ever ever made borderland gearboxofficial maxmittelman
Not saying the older games arent flawed. . . Loot was terrible in older updates of BL2.. Terramorphous is a cheap and lazy raid boss compared to Cramulaux in Borderlands 1.,saying older game arent flawed loot terrible older update bl terramorphous cheap lazy raid bos compared cramulaux borderland
Not to say that the older games were flawed... loot was terrible in older updates of BL2.. Terramorph is a cheap and lazy boss compared to Cramulaux in Borderlands 1.,say older game flawed loot terrible older update bl terramorph cheap lazy bos compared cramulaux borderland
Not to mention that in the old versions of BL2 the lot was awful... Terramorphus is a cheap and lazy raid boss compared to Mulo in Borderlands 1.,mention old version bl lot awful terramorphus cheap lazy raid bos compared mulo borderland
Not saying the older games arent flawed... It was terrible in older updates of BL2.. Terramorphous is a lazy and lazy raid boss compared to stuff in Borderlands 2.,saying older game arent flawed terrible older update bl terramorphous lazy lazy raid bos compared stuff borderland
See Not saying all the older games arent flawed... Captain Loot was made terrible in older production updates of BL2.. Terramorphous is a cheap and lazy raid boss compared to time Cramulaux appeared in Dark Borderlands Vol 1.,see saying older game arent flawed captain loot made terrible older production update bl terramorphous cheap lazy raid bos compared time cramulaux appeared dark borderland vol
Not saying the older versions arent flawed... Loot was terrible from older updates like BL2.. Terramorphous is really dumb and lazy raid boss compared to Cramulaux in Day 1.,saying older version arent flawed loot terrible older update like bl terramorphous really dumb lazy raid bos compared cramulaux day
Streets of Rage 4! Borderlands 3! Kink shaming...maybe.... what's up? twitch.tv/vosnz,street rage borderland kink shaming maybe twitch tv vosnz
Streets of Rage 4! Borderlands 3! Kink shaming... maybe.... what's up? twitch.tv / vosnz,street rage borderland kink shaming maybe twitch tv vosnz
Streets of Fury 4! Borderlands 3! Kink shaming... maybe.... what's up?,street fury borderland kink shaming maybe
Streets of Rage 4! Borderlands 3! Kink shaming...maybe.... what's up? twitch.tv/vosnz,street rage borderland kink shaming maybe twitch tv vosnz
The Streets of Rage 4! Borderlands 3! Kink shaming...maybe.... what's up? twitch.tv/vosnz,street rage borderland kink shaming maybe twitch tv vosnz
it,
Portland is feeding and housing the rioters. WTF?,portland feeding housing rioter wtf
Portland supplies and houses the rioters. WTF?,portland supply house rioter wtf
Portland feeds and houses the rioters.,portland feed house rioter
Portland is feeding and housing the rioters. Really?,portland feeding housing rioter really
Portland is feeding and maintaining housing off the rioters. WTF?,portland feeding maintaining housing rioter wtf
Portland is feeding and housing the Seattle. WTF?,portland feeding housing seattle wtf
I HATE borderlands 3 Rhys WHY does he look like that this is not the beautiful disaster twink I love,hate borderland rhys look like beautiful disaster twink love
I hate Borderlands 3 Rhys WHY does he look like this is not the beautiful pacifier I love,hate borderland rhys look like beautiful pacifier love
I HATE borderlands 3 Rhys WHY does he look like that this is not the beautiful disaster twink I love,hate borderland rhys look like beautiful disaster twink love
I HATE borderlands 3 Rhys WHY does he look like that this is not this beautiful disaster that I love,hate borderland rhys look like beautiful disaster love
I HATE borderlands 3 Rhys WHY heck does he almost look up like that this is probably not really the beautiful disaster twink I love,hate borderland rhys heck almost look like probably really beautiful disaster twink love
I HATE borderlands 3 Rhys WHY does this think like that this is not a beautiful disaster twink I love,hate borderland rhys think like beautiful disaster twink love
Wow,wow
Wow,wow
Wow,wow
Wow,wow
Dear Wow,dear wow
Wow,wow
"The Borderlands Ports on Switch are so good, I have no complaints, definitely worth it, can’t wait to get Bioshock Collection next.",borderland port switch good complaint definitely worth wait get bioshock collection next
"The Borderlands Ports on Switch are so good that I have no complaints, it's definitely worth it, I can't wait to get Bioshock Collection next.",borderland port switch good complaint definitely worth wait get bioshock collection next
"Borderlands Pon Swift are so good, I have no complaints, definitely worth it, can't wait for the next Bioshock.",borderland pon swift good complaint definitely worth wait next bioshock
"The Borderlands 5 on Switch are so good, I have no complaints, so worth it, can’t wait to get Bioshock Collection 4.",borderland switch good complaint worth wait get bioshock collection
"The Borderlands Ports facilities on Castle Switch are so good, though I have no complaints, definitely worth it, and can just ’ t wait to get Bioshock Summer Collection next.",borderland port facility castle switch good though complaint definitely worth wait get bioshock summer collection next
"New Borderlands Ports on Switch are so good, 100% gave no complaints, definitely worth it, can’t wait to get Bioshock Collection soon.",new borderland port switch good gave complaint definitely worth wait get bioshock collection soon
"I FINALLY finished Borderlands 3! It's taken a while, but I'm so proud of myself. :D Now onto the Guns, Love, and Tentacles DLC, I'm so excited! I love Wainwright and Hammerlock so much and they make a great couple, so seeing them get married will be awesome!",finally finished borderland taken proud onto gun love tentacle dlc excited love wainwright hammerlock much make great couple seeing get married awesome
"It took a while, but I'm so proud of myself.: D Now to the Guns, Love, and Tentacles DLC, I'm so excited! I love Wainwright and Hammerlock so much and they're a great couple, so it'll be great to see them get married!",took proud gun love tentacle dlc excited love wainwright hammerlock much great couple great see get married
"I finished Borderlands 3! It took a while but I'm so proud of myself.: D Now on Gentacles, Love and Tentacles DLC, I'm so excited! I love Wainwright and so much and they're a great couple, so to see them get married will be amazing!",finished borderland took proud gentacles love tentacle dlc excited love wainwright much great couple see get married amazing
"I FINALLY finished Borderlands 3! It's taken a while, so I'm so proud of myself. With Looking onto the Guns, Weapons, and War DLC, I'm so excited! I love Wainwright and Hammerlock so much because they make a great couple, so seeing them get married will be awesome!",finally finished borderland taken proud looking onto gun weapon war dlc excited love wainwright hammerlock much make great couple seeing get married awesome
"I FINALLY finished Borderlands 3! It's taken a while, but I'm still so proud of myself. : Sam D Now onto download the Guns, Love, and Tentacles DLC, I'm so really excited! I love Wainwright and Hammerlock so much immediately and feel they make a great couple, too so just seeing them get married now will be beyond awesome!",finally finished borderland taken still proud sam onto download gun love tentacle dlc really excited love wainwright hammerlock much immediately feel make great couple seeing get married beyond awesome
"officially FINALLY finished Borderlands 10! It's taken a weekend, so I'm always proud of myself. :D Now onto the Guns, Love, and Tentacles DLC, I'm so excited! I love Wainwright and Hammerlock so hell and they make a great couple, plus seeing them get up will be awesome!",officially finally finished borderland taken weekend always proud onto gun love tentacle dlc excited love wainwright hammerlock hell make great couple plus seeing get awesome
Just wanna say The borderlands handsome Jack collection is free for a week on the epic games store and it's to keep so all my PC gamers get that shit,wanna say borderland handsome jack collection free week epic game store keep pc gamers get shit
"I just want to say that the pretty Jack collection is available for free in the Borderlands for a week in the epic gaming shop, and it should be stored in such a way that all my PC players get this shit.",want say pretty jack collection available free borderland week epic gaming shop stored way pc player get shit
Just wanna say The borderlands handy Jack collection is free for a week on the epic games store and it's to keep so all my PC gamers get that shit,wanna say borderland handy jack collection free week epic game store keep pc gamers get shit
Just kidding plug The borderlands handsome Jack collection is free for a week on the epic games store and safe to keep so all my PC gamers get that shit,kidding plug borderland handsome jack collection free week epic game store safe keep pc gamers get shit
Just wanna say It The borderlands handsome Jack White collection is free for a second week on the little epic games betting store corner and it's to keep so all my PC gamers get that shit,wanna say borderland handsome jack white collection free second week little epic game betting store corner keep pc gamers get shit
be wanna say this borderlands handsome Jack collection is free about a week through the epic fantasy store and it's to keep so all my PC gamers get that shit,wanna say borderland handsome jack collection free week epic fantasy store keep pc gamers get shit
Omg so much fun with everyone & it's only Day 1!!! @Borderlands  ,omg much fun everyone day borderland
Omg so much fun with everyone & it's just day 1!!! @ Borderlands,omg much fun everyone day borderland
Omg so much fun with everyone & it's only Day 1!!! @ Borderlands,omg much fun everyone day borderland
Omg not much fun with everyone & it's only Day 1!!! @Borderlands,omg much fun everyone day borderland
Do Omg with so much fun talking with everyone & it's your only Day 1!!! @Borderlands,omg much fun talking everyone day borderland
Omg so big fun all everyone & it's only Day 1!!! @Borderlands,omg big fun everyone day borderland
Saw an ad for the new borderlands dlc stuff and i just got sad again knowing fully well bl3 was so horribly mediocre I already miss BL2,saw ad new borderland dlc stuff got sad knowing fully well bl horribly mediocre already miss bl
I saw an advertisement for the new Borderlands dlc stuff and got sad again because I knew bl3 was so terribly mediocre that I miss BL2 already,saw advertisement new borderland dlc stuff got sad knew bl terribly mediocre miss bl already
"Saw an ad for new borderline things and I just got upset again, knowing that totally good bl3 was so horribly mediocre that I already miss BL2",saw ad new borderline thing got upset knowing totally good bl horribly mediocre already miss bl
Saw an ad on the new borderlands dlc stuff and i just got sad again knowing fully though bl3 was so horribly mediocre I already loved BL2,saw ad new borderland dlc stuff got sad knowing fully though bl horribly mediocre already loved bl
Saw ran an ad for the new borderlands dlc s stuff and i just half got sad happy again knowing fully well bl3 was likely so horribly mediocre I might already miss the BL2,saw ran ad new borderland dlc stuff half got sad happy knowing fully well bl likely horribly mediocre might already miss bl
Saw an ad there the new decent dlc stuff and i just got bored again well fully well bl3 was so completely mediocre I already miss BL2,saw ad new decent dlc stuff got bored well fully well bl completely mediocre already miss bl
We're excited to be talking about some of the new things coming to Borderlands 3 during our PAX panel this Saturday!,excited talking new thing coming borderland pax panel saturday
We look forward to talking about some of the new things in Borderlands 3 this Saturday during our PAX panel!,look forward talking new thing borderland saturday pax panel
We are pleased to announce some new features that will appear on Borderlands 3 during our PAX panel this Saturday!,pleased announce new feature appear borderland pax panel saturday
We're excited to be talking about some of the new things coming from Borderlands 3 for our PAX panel this Saturday!,excited talking new thing coming borderland pax panel saturday
We'd re excited to be talking about out some of now the new things coming down to Borderlands 3 during after our PAX panel this Saturday!,excited talking new thing coming borderland pax panel saturday
We're excited to be talking about some of the best things coming to Borderlands 3 and our PAX panel last Saturday!,excited talking best thing coming borderland pax panel last saturday
@Borderlands I can't Link my shift to my twitch account just wondering if you could look into that please,borderland link shift twitch account wondering could look please
@ Borderlands I can't link my shift to my Twitch account and just wonder if you could check it out please,borderland link shift twitch account wonder could check please
"@ Borderlands I can't link my transition to my account, just wondering if you could look into it please",borderland link transition account wondering could look please
@Borderlands I can't Link my shift to this twitch account just wondering if you could look into changing please,borderland link shift twitch account wondering could look changing please
Agent @Borderlands I can't get Link in my shift to my private twitch account just wondering if you could look into that please,agent borderland get link shift private twitch account wondering could look please
@Borderlands I can't make my shift to my Account account just wondering if you could look like that please,borderland make shift account account wondering could look like please
finished borderlands 2 wtf do i now pic.twitter.com/jfJafNvazj,finished borderland wtf pic twitter com jfjafnvazj
2 wtf do i now pic.twitter.com / jfJafNvazj,wtf pic twitter com jfjafnvazj
finished 2 wtf do i now pic.freedom.com / JafNvazj,finished wtf pic freedom com jafnvazj
finished borderlands 2 wtf do i now pic.twitter.com/jfJafNvazj,finished borderland wtf pic twitter com jfjafnvazj
to finished borderlands 2 wtf do i now pic.twitter.com/jfJafNvazj,finished borderland wtf pic twitter com jfjafnvazj
to,
borderlands 2 is free on epic now why do i keep getting scammed,borderland free epic keep getting scammed
"borderlands 2 is on epic now for free, why do I get cheated again and again",borderland epic free get cheated
borderlands 2 is free on epic now why do i keep getting screen?,borderland free epic keep getting screen
borderlands 2 is free of epic now why do i keep getting scammed,borderland free epic keep getting scammed
borderlands 2 is free working on this epic so now why do i keep getting scammed,borderland free working epic keep getting scammed
borderlands 2 is free on epic island why do i keep gets scammed,borderland free epic island keep get scammed
"@2ksupport @Borderlands. Is there a fix for borderlands 3 crashing and turning my Xbox one X off? Can’t be healthy for the console. It’s happened 4 times in a row, try to launch the game and it’s crashes and lowers down.",ksupport borderland fix borderland crashing turning xbox one x healthy console happened time row try launch game crash lower
"@ 2ksupport @ Borderlands. Is there a solution to crashing Borderlands 3 and turning off my Xbox One X? Can't be healthy for the console. It's happened four times in a row, try to start the game and it crashes and sinks.",ksupport borderland solution crashing borderland turning xbox one x healthy console happened four time row try start game crash sink
"@ 2ksupport @ Borderlands. Is there a fix for borderlands 3 crashing and turning my Xbox one X off? Can't be healthy for the console. It's happened 4 times in a row, try to launch the game and it's crashes and lows down.",ksupport borderland fix borderland crashing turning xbox one x healthy console happened time row try launch game crash low
"@2ksupport @Borderlands. Is there a reason for borderlands 3 crashing and turning my Xbox one X off? Would be mean for the console. It’s happened 4 times of each row, try to launch the game but it’s crashes and lowers down.",ksupport borderland reason borderland crashing turning xbox one x would mean console happened time row try launch game crash lower
"@2ksupport @Borderlands. Is there a fix for borderlands Episode 3 crashing and turning my Xbox Xbox with one X off? 7 Can ’ the t be more healthy for crashing the console. 1 It ’ s happened 4 times in a row, try to stay launch the game and ignore it ’ s crashes and lowers down.",ksupport borderland fix borderland episode crashing turning xbox xbox one x healthy crashing console happened time row try stay launch game ignore crash lower
"@2ksupport @Borderlands. Is there a reason for borderlands 2 crashing while turning my Xbox one or off? Can’t be healthy for the review. It’s tested 4 times in a week, try to launch this game but it’s crashes and lowers down.",ksupport borderland reason borderland crashing turning xbox one healthy review tested time week try launch game crash lower
disturbing.. . i was looking forward to borderlands joining bt and the booksmith on haight.,disturbing looking forward borderland joining bt booksmith haight
Disturbing... I was looking forward to the border countries coming to haight and the bookseller coming to haight.,disturbing looking forward border country coming haight bookseller coming haight
I was looking forward to being joined by the Border Force and the Boots on the oval.,looking forward joined border force boot oval
disturbing... i was first set to borderlands joining bt and the booksmith on haight.,disturbing first set borderland joining bt booksmith haight
Absolutely disturbing... i was looking forward to borderlands people joining bt the and had the booksmith on haight.,absolutely disturbing looking forward borderland people joining bt booksmith haight
<unk>... i was looking forward to borderlands from bt and the booksmith on this.,looking forward borderland bt booksmith
This is why I did not buy borderlands 3. Randy Pitchford is  fucking scum.,buy borderland randy pitchford fucking scum
That's why I didn't buy Borderlands 3. Randy Pitchford is damn scum.,buy borderland randy pitchford damn scum
That's why I didn't buy Borders 3. Randy Pitchford is a fucking scum.,buy border randy pitchford fucking scum
This is why I did not buy borderlands ammo. Randy Pitchford is  fucking awesome.,buy borderland ammo randy pitchford fucking awesome
This is certainly why I did me not buy borderlands 3. 2 Randy Pitchford is a fucking scum.,certainly buy borderland randy pitchford fucking scum
This are why I could not buy borderlands movies. Randy Pitchford is fucking scum.,could buy borderland movie randy pitchford fucking scum
@Borderlands  handsome collection free on epic game store please do it for the switch . ,borderland handsome collection free epic game store please switch
@ Borderlands beautiful collection free to save epic game please do it for the switch.,borderland beautiful collection free save epic game please switch
"@ Borderlands beautiful collection for free on epic games store, please do it for the switch.",borderland beautiful collection free epic game store please switch
@Borderlands  handsome collection free on epic game store please get it for the switch.,borderland handsome collection free epic game store please get switch
Any @Borderlands for handsome collection free on epic game store please only do it for the switch.,borderland handsome collection free epic game store please switch
@Borderlands handsome quality free on mobile game store please do it for the switch.,borderland handsome quality free mobile game store please switch
"Wow, Borderlands the presequeal was 2014 and I still haven't played it",wow borderland presequeal still played
"Wow, Borderlands was 2014 and I still haven't played it",wow borderland still played
"Wow, Borderlands the preequeal was 2014 and I still haven't played it",wow borderland preequeal still played
"Wow, Borderlands the Dead was 2014 and I still haven't played it",wow borderland dead still played
"Wow, Borderlands in the band presequeal was 2014 and I still technically haven't played it",wow borderland band presequeal still technically played
"Wow, totally the presequeal was 2014 yet I still haven't played that",wow totally presequeal yet still played
"Super fun game, would highly HIGHLY recommend it. And it’s literally free right now, so what reason do you have to not try it? Of course, I’d recommend playing the others Borderlands games before this one for story purposes, but it won’t be free forever so go get it anyway.",super fun game would highly highly recommend literally free right reason try course recommend playing others borderland game one story purpose free forever go get anyway
"And it's literally free at the moment, so what reason do you have not to try it? Of course I would recommend to play the other Borderlands games before this game for storytelling purposes, but it won't be free forever, so get it anyway.",literally free moment reason try course would recommend play borderland game game storytelling purpose free forever get anyway
"Super fun game, would highly recommend it. And it's literally free right now, so what do you have to not try it? Of course, I'd recommend the others Borderlands games before this one for story purposes, but it won't be free forever, so go get it anyway.",super fun game would highly recommend literally free right try course recommend others borderland game one story purpose free forever go get anyway
"Super fun games, would highly HIGHLY recommend it. But it’s literally free right now, so what reason do ya have to no try it? Of course, I’d recommend playing the others Borderlands games before either one for story purposes, but it won’t be free forever so go get it now.",super fun game would highly highly recommend literally free right reason ya try course recommend playing others borderland game either one story purpose free forever go get
"Super fun game, would highly HIGHLY recommend putting it. And it ’ s literally free right now, so what reason do you all have to not really try it? Of course, and I ’ d recommend you playing the near others in Borderlands games long before this one for story purposes, but it won ’ t likely be free forever so go get it going anyway.",super fun game would highly highly recommend putting literally free right reason really try course recommend playing near others borderland game long one story purpose likely free forever go get going anyway
"Super fun game, would highly HIGHLY recommend it. And is literally free right now, so what reason can others have to not try it? Not course, I’d recommend playing the others Borderlands games before my one for story purposes, and these won’t be free forever so go try mine anyway.",super fun game would highly highly recommend literally free right reason others try course recommend playing others borderland game one story purpose free forever go try mine anyway
>> Timothy Lawrence . >> So pure of heart. So dumb of ass. . . [  ,timothy lawrence pure heart dumb as
> > Timothy Lawrence. > > So pure of heart. So stupid from the ass... [,timothy lawrence pure heart stupid as
> > Your Lawrence. > > So pure in heart.,lawrence pure heart
>> Timothy ]. >> So pure of heart. So dumb of ass... [,timothy pure heart dumb as
> > To Timothy Lawrence. > > So pure of heart. to So totally dumb of an ass... [,timothy lawrence pure heart totally dumb as
>> Timothy Jones. >> So small of heart. How dumb of ass... [,timothy jones small heart dumb as
For more then 3 weeks now 2k uk hasnt drawn a winner for their borderlands 3 collector edition giveaway. I mean I think thats funny that companies can just do fake giveaways and not be called out on it. youtube.com/watch?v=-HUh50…,week k uk hasnt drawn winner borderland collector edition giveaway mean think thats funny company fake giveaway called youtube com watch v huh
"For more than 3 weeks, 2k uk has not drawn a winner for its Borderlands 3 Collector Edition sweepstakes. I mean, I think it's funny that companies can just make fake freebies and not be viewed. youtube.com / watch? v = -HUh50...",week k uk drawn winner borderland collector edition sweepstakes mean think funny company make fake freebie viewed youtube com watch v huh
"I mean, it's ridiculous that companies can just make fake gifts and not be called out on it. youtube.com / watch? v = -HUh50...",mean ridiculous company make fake gift called youtube com watch v huh
For more then 3 weeks now 2k uk hasnt posted a winner for their borderlands 3 collector edition giveaway. I mean I think thats silly that companies may just do fake giveaways and not be shut out on racism. youtube.com/watch?v=-HUh50…,week k uk hasnt posted winner borderland collector edition giveaway mean think thats silly company may fake giveaway shut racism youtube com watch v huh
For more then 3 weeks now 2k uk still hasnt drawn a winner for buying their borderlands 3 collector kit edition false giveaway. I mean I think well thats funny that companies can just so do fake giveaways and not have be called out on it. at youtube. com / watch? baby v = - HUh50 0 …,week k uk still hasnt drawn winner buying borderland collector kit edition false giveaway mean think well thats funny company fake giveaway called youtube com watch baby v huh
For more then 3 weeks over 2k uk been drawn a winner for their borderlands 3 collector gift review. I thought I think thats funny which companies can really do fake giveaways and not be called out doing it. review.com/watch?v=-HUh50...,week k uk drawn winner borderland collector gift review thought think thats funny company really fake giveaway called review com watch v huh
"I promised a purple version before the weekend,  but then spent 3 days playing borderlands 2 with the wife... also have to learn more about the URP in Unity currently my lights don't render properly. Note to self… instagram.com/p/CDbhq7WlNt_/…",promised purple version weekend spent day playing borderland wife also learn urp unity currently light render properly note self instagram com p cdbhq wlnt
"I promised a purple version before the weekend, but then spent 3 days playing Borderlands 2 with my wife... I also need to learn more about the URP in Unity that my lights are not rendering properly at the moment.",promised purple version weekend spent day playing borderland wife also need learn urp unity light rendering properly moment
"I promised a purple version until the weekend, but then spent 3 days playing Border 2 with my wife... also have to learn more about the URP at Unity currently my lights don't display properly. Notice yourself... instagram.com / p / CDfq7WlNt _ /...",promised purple version weekend spent day playing border wife also learn urp unity currently light display properly notice instagram com p cdfq wlnt
"I promised a purple version before the weekend,  but then spent 3 days playing Tempest 2 with the wife... also have proof do more about the light in Unity currently my lights don't function properly. Note to self… itch.com/p/CDbhq7WlNt_/…",promised purple version weekend spent day playing tempest wife also proof light unity currently light function properly note self itch com p cdbhq wlnt
"I promised a purple version before the weekend, but then spent 3 days playing those borderlands Volume 2 with the wife... We also have to further learn sometime more what about the URP in Unity currently my lights don'th t render properly. Note to self that … instagram. com com / 0 p / CDbhq7WlNt _ / …",promised purple version weekend spent day playing borderland volume wife also learn sometime urp unity currently light th render properly note self instagram com com p cdbhq wlnt
"I promised a purple version before the date, but then spent 5 days playing borderlands over with the wife... also have come learn out about the URP in because currently my characters don't turn properly. Note to others... use.com/p/CDbhq7WlNt_/...",promised purple version date spent day playing borderland wife also come learn urp currently character turn properly note others use com p cdbhq wlnt
Scumbag CEO Randy Pitchford Screws Gearbox Devs On Bonuses Despite Borderlands 3 Success ama.mobi/watch.php?vid=…,scumbag ceo randy pitchford screw gearbox devs bonus despite borderland success ama mobi watch php vid
Scumbag CEO Randy Pitchford screws gear devs on bonuses despite Borderlands 3 success ama.mobi / watch.php? vid =...,scumbag ceo randy pitchford screw gear devs bonus despite borderland success ama mobi watch php vid
Scumbag CEO Randy Pitchford Screws Gearbox Devs On Bonuses Desert Borderlands 3 Success ama.mobi / watch.php? vid =...,scumbag ceo randy pitchford screw gearbox devs bonus desert borderland success ama mobi watch php vid
Scumbag CEO Randy Jones Screws Gearbox Prices On Bonuses Despite Borderlands 3 Success create.mobi/watch.php?vid=…,scumbag ceo randy jones screw gearbox price bonus despite borderland success create mobi watch php vid
Scumbag CEO Randy Ben Pitchford 2016 Screws Gearbox Devs On Track Bonuses Despite Being Borderlands Tier 3 Success ama. mobi / 2016 watch. php? vid = 16 …,scumbag ceo randy ben pitchford screw gearbox devs track bonus despite borderland tier success ama mobi watch php vid
Fox CEO Randy Pitchford Screws Tennis Score for Bonuses Despite Borderlands Drive By ama.mobi/watch.php?vid=...,fox ceo randy pitchford screw tennis score bonus despite borderland drive ama mobi watch php vid
I forgot how great it feels to play Borderlands. MAN I love this franchise. How have I gone literal months without playing?,forgot great feel play borderland man love franchise gone literal month without playing
I forgot how great it feels to play Borderlands.,forgot great feel play borderland
I forgot how great it is to play Borderlands. MAN I love this franchise.,forgot great play borderland man love franchise
I forgot pretty great it feels to play Borderlands. MAN I love this franchise. How have I gone literal months missed playing?,forgot pretty great feel play borderland man love franchise gone literal month missed playing
I once forgot once how great it truly feels to play Borderlands. MAN I love this franchise. How have I finally gone literal months without any playing?,forgot great truly feel play borderland man love franchise finally gone literal month without playing
almost forgot how great it feels to play Borderlands. MAN I love this franchise. How have I spent 9 months on playing?,almost forgot great feel play borderland man love franchise spent month playing
Xbox One Anointed Trained Ripper Consecutive Hits 1% LVL50 OP Borderlands 3 dlvr.it/RMdFZP  ,xbox one anointed trained ripper consecutive hit lvl op borderland dlvr rmdfzp
Xbox One Anointed Trained Ripper Folgehits 1% LVL50 OP Borderlands 3 dlvr.it / RMdFZP,xbox one anointed trained ripper folgehits lvl op borderland dlvr rmdfzp
Xbox One Anoinated Trained Ripper Conceptive - 1% LVL50 Borderlands 3 dr.it / RMdFZP,xbox one anoinated trained ripper conceptive lvl borderland dr rmdfzp
Xbox 4 Elite Trained Ripper Consecutive Hits 1% LVL50 – Borderlands 3 dlvr.it/RMdFZP,xbox elite trained ripper consecutive hit lvl borderland dlvr rmdfzp
2006 Xbox 360 One 1 Anointed Trained Ripper Consecutive Hits 1 % in LVL50 4 OP Borderlands 3 ft dlvr. it / w RMdFZP,xbox one anointed trained ripper consecutive hit lvl op borderland ft dlvr w rmdfzp
April 2009 Anointed Trained Horse Consecutive Edition 1% LVL50 OP Borderlands Games dlvr.it/RMdFZP,april anointed trained horse consecutive edition lvl op borderland game dlvr rmdfzp
@Borderlands Still waiting but not like where going anywhere soon with the lock down around the world but be nice to get the new skins aswell as compensation,borderland still waiting like going anywhere soon lock around world nice get new skin aswell compensation
"@ Borderlands Are you still waiting, but not where you will soon be travelling around the world with the castle, but be kind to get the new skins as compensation",borderland still waiting soon travelling around world castle kind get new skin compensation
@ Borderlands Still wait but not like where going anywhere soon with the lock down around the world but be nice to get the new skins as well as compensation,borderland still wait like going anywhere soon lock around world nice get new skin well compensation
@Borderlands Still waiting but not like where goes anywhere soon with the lock down around the maps but be nice to get the new skins aswell for compensation,borderland still waiting like go anywhere soon lock around map nice get new skin aswell compensation
@Borderlands Still waiting but not like where going to anywhere soon with the lock being down around throughout the world but here be nice to get the new skins now aswell as your compensation,borderland still waiting like going anywhere soon lock around throughout world nice get new skin aswell compensation
@Borderlands Still waiting but not like where going is now with the lock down around the world but be excited to get the new feature aswell as compensation,borderland still waiting like going lock around world excited get new feature aswell compensation
"This is definitely an interesting casting choice! Don't get me wrong, I love Cate Blanchett but for Lilith? It seems a little off, I'm hoping I get proved wrong though 🤞",definitely interesting casting choice get wrong love cate blanchett lilith seems little hoping get proved wrong though
"This is definitely an interesting casting choice! Don't get me wrong, I love Cate Blanchett, but for Lilith?",definitely interesting casting choice get wrong love cate blanchett lilith
"This is certainly an interesting casting choice! Don't get me wrong, I love Cate Blanchett, but for Lilit?",certainly interesting casting choice get wrong love cate blanchett lilit
"This.. definitely an interesting casting choice! Don't get me wrong, who love Cate Blanchett casting for Randall? It seems a little off, I'm hoping I get proved wrong though 🤞",definitely interesting casting choice get wrong love cate blanchett casting randall seems little hoping get proved wrong though
"OK This is just definitely an interesting casting choice! Don't get to me wrong, I still love director Cate Blanchett but for... Lilith? It seems a little farther off, I'm hoping I will get proved wrong though [UNK]",ok definitely interesting casting choice get wrong still love director cate blanchett lilith seems little farther hoping get proved wrong though unk
"This is would end up casting choice! Take't get me wrong, 100% love Cate Blanchett but for Lilith? It seems a bit off, I'm hoping I get proved wrong though <unk>",would end casting choice take get wrong love cate blanchett lilith seems bit hoping get proved wrong though
Digital Foundry is mostdef full of shit.. borderlands 3 pc system requirements and recommended are considerably PC hardware garbage.. 7+ years.,digital foundry mostdef full shit borderland pc system requirement recommended considerably pc hardware garbage year
Digital Foundry is almost full of shit.. borderlands 3 PC system requirements and recommended to garbage considerably PC hardware.. 7 + years.,digital foundry almost full shit borderland pc system requirement recommended garbage considerably pc hardware year
Digital Foundry is a mostdef full of shit.. borderlands 3 pc system requirements and recommended are carefully PC hardware garage.. 7 + years.,digital foundry mostdef full shit borderland pc system requirement recommended carefully pc hardware garage year
Digital work is mostdef full of shit.. borderlands 3 pc system requirements and recommended are considerably PC driven garbage.. 7+ years.,digital work mostdef full shit borderland pc system requirement recommended considerably pc driven garbage year
The Digital Foundry is mostdef full of financial shit.. borderlands 3 pc system requirements and recommended upgrades are now considerably easier PC Engine hardware garbage.. 7 + years.,digital foundry mostdef full financial shit borderland pc system requirement recommended upgrade considerably easier pc engine hardware garbage year
Digital Foundry is mostdef full complete shit.. NO 3 pc system requirements and they are considerably worse hardware garbage.. 7+ years.,digital foundry mostdef full complete shit pc system requirement considerably worse hardware garbage year
This is pretty freakin rad!,pretty freakin rad
"That's pretty freakin ""rad!",pretty freakin rad
This is pretty freakin rad!,pretty freakin rad
This is just freakin rad!,freakin rad
This is a pretty freakin rad!,pretty freakin rad
This is SO freakin rad!,freakin rad
"I’ve been playing Borderlands 3 with my good headphones on and it is so immersive, for hours I forgot about everything going on. https://t.co/m63ZX8JpQ3",playing borderland good headphone immersive hour forgot everything going
I played Borderlands 3 with my good headphones and it's so immersive I spent hours forgetting everything that was going. https: / / t.co / m63ZX8JpQ3,played borderland good headphone immersive spent hour forgetting everything going co zx jpq
"I've been playing Borderlands 3 with my good headphones on and it is so immersive, for hours I forgot about everything going on. https: / / Fenco / m63ZX8JpQ3",playing borderland good headphone immersive hour forgot everything going fenco zx jpq
"I’ve been playing Borderlands 3 and my good ie on and it is so immersive, for hours I forgot about everything earlier on. https://t.co/m63ZX8JpQ3]",playing borderland good ie immersive hour forgot everything earlier
"I I ’ ve been playing Borderlands 3 times with some my good headphones on and it is so immersive, so for hours I literally forgot stuff about everything going on. 2011 https://t.co/m63ZX8JpQ3 ]",playing borderland time good headphone immersive hour literally forgot stuff everything going
"recently been playing Act 3 with five good headphones on and it is so immersive, for hours I forgot everything is going on. https://t.co/m63ZX8JpQ3]",recently playing act five good headphone immersive hour forgot everything going
Playing Borderlands 3 on PC again reminds me just how damn fun the game is. I miss it . ,playing borderland pc reminds damn fun game miss
Playing Borderlands 3 on the PC again reminds me how much fun the game is. I miss it.,playing borderland pc reminds much fun game miss
Playing Borderlands 3 on PC again reminds me just how damn fun is the game. I miss it.,playing borderland pc reminds damn fun game miss
Playing Borderlands 3 on PC again reminds us just how damn fun playing game is. I miss it.,playing borderland pc reminds u damn fun playing game miss
Playing Borderlands 3 on her PC again somehow reminds me just how damn fun the game here is. I only miss it.,playing borderland pc somehow reminds damn fun game miss
Playing the 3 on PC again reminds me strongly how much fun the game is. I miss it.,playing pc reminds strongly much fun game miss
@ProSyndicate . Dude this sucks my computer runs slower then a sack of potatoes. Well guess I can only really play borderlands on my ps4.,prosyndicate dude suck computer run slower sack potato well guess really play borderland p
"@ ProSyndicate. Dude that sucks my computer runs slower than a bag of potatoes. Well, I can only really play borderlands on my ps4.",prosyndicate dude suck computer run slower bag potato well really play borderland p
@ ProSyndi.Dude it sucks my computer is running slower than a bag of potatoes.,prosyndi dude suck computer running slower bag potato
@ProSyndicate. Dude this sucks my computer runs slower then his sack of potatoes. Well guess I can only really play chess on my house.,prosyndicate dude suck computer run slower sack potato well guess really play chess house
@ProSyndicate. Dude this sucks my computer system runs slower better then just a sack of dumb potatoes. Well guess so I also can only really play borderlands on my ps4.,prosyndicate dude suck computer system run slower better sack dumb potato well guess also really play borderland p
@ProSyndicate. Dude this sucks my player runs slower then on couple of potatoes. Well guess I still only really play this on my ps4.,prosyndicate dude suck player run slower couple potato well guess still really play p
@DuvalMagic why tf can I only free Krieg but not release him!? Plz   Someone at @GearboxOfficial someone with @Borderlands plz help. I can’t figure this out and it’s driving me INSANE!!!!,duvalmagic tf free krieg release plz someone gearboxofficial someone borderland plz help figure driving insane
@ DuvalMagic why tf can I just free war but not release it!? Plz Someone at @ GearboxOfficial help someone with @ Borderlands plz. I can't figure this out and it drives me to INSANE!!!!,duvalmagic tf free war release plz someone gearboxofficial help someone borderland plz figure drive insane
@ DuvalMagic why tf can I only free Hebble but not release him!? Plz Someone at @ GearboxOfficial someone with @ Borderlands plz help. I can't figure this out and it's driving me INSANE!!!!,duvalmagic tf free hebble release plz someone gearboxofficial someone borderland plz help figure driving insane
@DuvalMagic why tf am I only free Krieg but not release him!? Plz   Please fucking hand someone with @GearboxOfficial plz help. I can’t figure this out and it’s driving u INSANE!!!!,duvalmagic tf free krieg release plz please fucking hand someone gearboxofficial plz help figure driving u insane
Why @DuvalMagic why e tf can and I only simply free The Krieg but not otherwise release him!? Plz Someone at @GearboxOfficial someone with @Borderlands plz help. I still can ’ t figure this out and it... ’ s obviously driving towards me INSANE!!!!,duvalmagic e tf simply free krieg otherwise release plz someone gearboxofficial someone borderland plz help still figure obviously driving towards insane
@DuvalMagic why tf can I only free John but not release him!? Plz Someone at @GearboxOfficial to give me plz help. Sam can’t figure everything out and it’s driving people sick,duvalmagic tf free john release plz someone gearboxofficial give plz help sam figure everything driving people sick
"Man when Borderlands 3 came out I though ""eh its nowhere near as good as Borderlands 2, and the music isn't nearly as good"". I was a naive fool i love this game so much",man borderland came though eh nowhere near good borderland music nearly good naive fool love game much
"Man when Borderlands 3 came out I though ""eh it never nearly as good as Borderlands 2, and the music is not nearly as good."" I was a naive fool, I love this game so much.",man borderland came though eh never nearly good borderland music nearly good naive fool love game much
"Man when Borderlands 3 came out I though ""eh its nowhere near as good as Borderlands 2, and the music is not nearly as good."" I was a naive fool i love this game so much",man borderland came though eh nowhere near good borderland music nearly good naive fool love game much
"Man when Borderlands 3 came out I though ""eh thats nowhere near as great as Borderlands 2, and the music isn't nearly as good"". I was a naive fool i hate this game so much",man borderland came though eh thats nowhere near great borderland music nearly good naive fool hate game much
"Man when Borderlands 3 came out I though "" eh its in nowhere close near as... good as Borderlands 2, and the music isn't really nearly as good "". I was such a naive fool i could love this game of so much much",man borderland came though eh nowhere close near good borderland music really nearly good naive fool could love game much much
"back when Borderlands 3 came out I though ""eh its nowhere near the good as Borderlands 2, and the storyline isn't nearly as fun"". I was a naive person i love this game so my",back borderland came though eh nowhere near good borderland storyline nearly fun naive person love game
Vaughn Borderlands you deserve the world!!!,vaughn borderland deserve world
Vaughn Borderlands You deserve the world!!!,vaughn borderland deserve world
Von Borderlands you deserve the world!!!,von borderland deserve world
Vaughn Borderlands you deserve the world!!!,vaughn borderland deserve world
Vaughn... Borderlands you do deserve the world!!!,vaughn borderland deserve world
Vaughn Borderlands still deserve the world!!!,vaughn borderland still deserve world
nice .  First round first nuke . . @charlieINTEL. @CallofDutyDE  ,nice first round first nuke charlieintel callofdutyde
Nice. First round first nuke.. @ charlieINTEL. @ CallofDutyEN,nice first round first nuke charlieintel callofdutyen
First round first nuclear... @ charlingINTEL. @ CfDutyDE,first round first nuclear charlingintel cfdutyde
nice try  First round first nuke.. @charlieINTEL. @CallofDutyDE,nice try first round first nuke charlieintel callofdutyde
nice. First real round first base nuke.. @charlieINTEL.... @CallofDutyDE,nice first real round first base nuke charlieintel callofdutyde
nice. First big bear nuke.. funny. @charlieINTEL,nice first big bear nuke funny charlieintel
It is not the first time that the EU Commission has taken such a step.,first time eu commission taken step
"At the same time, despite the fact that there are currently some 100 million people living below the poverty line, most of them do not have access to health services and do not have access to health care, while most of them do not have access to health care.",time despite fact currently million people living poverty line access health service access health care access health care
this was pretty cool to watch this unfold! check it out!!!!,pretty cool watch unfold check
that was pretty cool to watch! check it out!!!!,pretty cool watch check
this was pretty cool to watch this unfold! check it out!!!,pretty cool watch unfold check
this was pretty cool too watch this unfold! check it out!!!!,pretty cool watch unfold check
this one was really pretty cool to watch everything this unfold! check it out!!!!,one really pretty cool watch everything unfold check
this really pretty cool to watch this unfold! check it out!!!!,really pretty cool watch unfold check
SO HAPPY ABOUT THIS . ,happy
SO HAPPY FOR THAT.,happy
So HAPPY ABOUT THIS.,happy
SO HAPPY ABOUT THIS RELEASE,happy release
SO I HAPPY WHO ABOUT THIS.,happy
Y HAPPY ABOUT THIS.,happy
"I’m happy with this change. Games have a beginning, middle and end. . . It’s all about flow. You should have to keep momentum to streak a second time, not depend on streaks to get you more streaks...",happy change game beginning middle end flow keep momentum streak second time depend streak get streak
"Games have a beginning, a middle and an end... It's all about flow. You have to keep the momentum going to catch up a second time and not have to rely on streaks to get more streaks...",game beginning middle end flow keep momentum going catch second time rely streak get streak
"I'm happy with this change. Games have a beginning, a middle and an end... It's all about flow. You have to keep the momentum to strip a second time, not depend on stripes to get more stripes...",happy change game beginning middle end flow keep momentum strip second time depend stripe get stripe
"I’m happy with this change. Games have a beginning, middle and end... It’s mainly about tradition. You should have you keep momentum this streak a long time, not depend on streaks to get you more streaks...",happy change game beginning middle end mainly tradition keep momentum streak long time depend streak get streak
"I ’ m happy with this change. Games have just a beginning, its middle and end... It ’ all s also all about flow. You should probably have managed to keep enough momentum to streak a second each time, not depend purely on streaks to even get you more streaks...",happy change game beginning middle end also flow probably managed keep enough momentum streak second time depend purely streak even get streak
"I’m familiar with that one. Games has a beginning, almost no end... It’s all about flow. You should have to have momentum to streak through second time, not depend on streaks to get you more streaks...",familiar one game beginning almost end flow momentum streak second time depend streak get streak
lil disappointed,lil disappointed
lil disappointed,lil disappointed
lil disappointed,lil disappointed
lil pa,lil pa
lil I disappointed,lil disappointed
lil love,lil love
"This is ridiculous. I was on the fence, but this is just poorly optimized and they KEEP doing it. Imma pass on this one.",ridiculous fence poorly optimized keep imma pas one
"This is ridiculous. I was on the fence, but it is poorly optimized and they KEEP it. Imma passes it on.",ridiculous fence poorly optimized keep imma pass
"It's funny. I was on the fence, but it's just the beginning, and they're doing it.",funny fence beginning
"This is ridiculous. I was on a fence, but this is fucking poorly optimized and they KEEP doing it. Imma pass on another one.",ridiculous fence fucking poorly optimized keep imma pas another one
"This shit is getting ridiculous. I was on the fence, okay but this is usually just poorly optimized and they KEEP doing it. Imma pass on by this last one.",shit getting ridiculous fence okay usually poorly optimized keep imma pas last one
"This is that. I was on the panel, but this is just not done and they KEEP doing it. Imma pass on this one.",panel done keep imma pas one
In this environment its impressive they put that footage in to begin with.,environment impressive put footage begin
"In this environment, it is impressive that they built this footage into the film at the beginning.",environment impressive built footage film beginning
"In this environment, they were impressed by the footage.",environment impressed footage
In this environment how impressive they put that footage in to begin with.,environment impressive put footage begin
... In how this environment its impressive they put that footage in to begin with.,environment impressive put footage begin
with this environment its impressive they put that footage on to begin with.,environment impressive put footage begin
Wtf did I just watch is this all ground war? Besides that it looks super cool,wtf watch ground war besides look super cool
"Wtf I just watched, is this all ground warfare? Apart from that it looks super cool",wtf watched ground warfare apart look super cool
Wtf did I just watch is this all ground war? Besides that it looks super cool,wtf watch ground war besides look super cool
Wtf did I just watch is this all ground war? Besides that it looks super intense,wtf watch ground war besides look super intense
Wtf did I just watch is this all ground war? Besides that because it still looks super freaking cool,wtf watch ground war besides still look super freaking cool
hell did I just watch is he all ground war? Besides that it looks super cool,hell watch ground war besides look super cool
"As expected and reported months ago, it seems like  ",expected reported month ago seems like
"As expected and reported months ago, it looks as if",expected reported month ago look
"As expected and reported a few months ago, it seems that",expected reported month ago seems
"As expected and six months ago, it seems like",expected six month ago seems like
"As expected on and reported nineteen months ago, it seems like",expected reported nineteen month ago seems like
"As expected and many months ago, it seems like",expected many month ago seems like
Woot. Still.pisses PS has early access to all COD games and im at work for the reveal. I mean ppl still have 9-5 jobs during this pandemic,woot still piss p early access cod game im work reveal mean ppl still job pandemic
Woot. Still.pisses PS has early access to all COD games and am at work for the unveiling. I mean ppl still have 9-5 jobs during this pandemic.,woot still piss p early access cod game work unveiling mean ppl still job pandemic
"Woot. Pisses PS has early access to all COD games and is working on disclosure. I mean, ppl still have 9-5 jobs during this pandemic",woot piss p early access cod game working disclosure mean ppl still job pandemic
Woot. Still.pisses PS has early access to all these games and im at work for every reveal. I mean ppl still have 9-5 months during this pandemic,woot still piss p early access game im work every reveal mean ppl still month pandemic
Now Woot.... Still. it pisses PS has early access to virtually all COD games and im at deep work for staging the reveal. I mean ppl still may have 9 - 5 jobs during this pandemic,woot still piss p early access virtually cod game im deep work staging reveal mean ppl still may job pandemic
Woot. Still.pisses PS has early access on all COD games and im at work awaiting its reveal. I thought ppl still have 9-5 working during this pandemic,woot still piss p early access cod game im work awaiting reveal thought ppl still working pandemic
I couldn’t imagine waking up everyday just to look for something to complain about,imagine waking everyday look something complain
I couldn't imagine waking up every day just looking for something to complain about.,imagine waking every day looking something complain
I could not imagine waking up every day just to find something to complain about,could imagine waking every day find something complain
I couldn’t imagine waking up everyday unable to look for something to complain about,imagine waking everyday unable look something complain
I couldn and ’ t imagine waking someone up everyday just to look for just something to complain about,imagine waking someone everyday look something complain
I couldn’t imagine waking up yesterday just to pray for something to complain about,imagine waking yesterday pray something complain
Very true,true
Very true,true
Very strange,strange
So Very true,true
was true,true
This sounds like a really good recurring dream I have.,sound like really good recurring dream
It sounds like a really good recurring dream I have.,sound like really good recurring dream
It sounds like a very good dream that I have.,sound like good dream
This sounds like a really good recurring dream we have.,sound like really good recurring dream
This sounds like a maybe really good recurring spring dream I have.,sound like maybe really good recurring spring dream
This sounds like a really good recurring dream to have.,sound like really good recurring dream
"dude I'm gonna say it, actually the BIGGEST FUCK YOU IMAGINABLE to the multiplayer community for just chillin while the zombies community fucking dove into this all on their own",dude gonna say actually biggest fuck imaginable multiplayer community chillin zombie community fucking dove
"Dude, I'll say it, actually the BIG FEAR YOU IMAGINABLE for the multiplayer community to chill out while the zombie community bites all by itself",dude say actually big fear imaginable multiplayer community chill zombie community bite
"dude I'm gonna say it, actually the BIGGEST FUCK YOU IMAGINABLE to the multiplayer community for just chillin while the zombies community fucking dove into this all on their own",dude gonna say actually biggest fuck imaginable multiplayer community chillin zombie community fucking dove
"dude I'm gonna say it, actually the BIGGEST FUCK YOU IMAGINABLE to the multiplayer community for just finding out the zombies community fucking came into this all on their own",dude gonna say actually biggest fuck imaginable multiplayer community finding zombie community fucking came
"dude I'm gonna say it, actually the BIGGEST FUCK YOU IMAGINABLE to both the zombies multiplayer community asking for just just chillin and while the unofficial zombies gaming community fucking fucking dove into this all on their own",dude gonna say actually biggest fuck imaginable zombie multiplayer community asking chillin unofficial zombie gaming community fucking fucking dove
"dude I'm gonna say its, actually the BIGGEST FUCK YOU IMAGINABLE to the multiplayer community since just chillin while 15 zombies have fucking dove for this all on your own",dude gonna say actually biggest fuck imaginable multiplayer community since chillin zombie fucking dove
Time to get used to Black Ops controls again come hang and have a good time. twitch.tv/thejkellz1.  ,time get used black ops control come hang good time twitch tv thejkellz
The time to get used to the Black Ops controls has come to hang out and have a good time. twitch.tv / thejkellz1.,time get used black ops control come hang good time twitch tv thejkellz
Time to get used to running Black Ops again has come to hang up and have a good time. tch.tv / thejkellz1.,time get used running black ops come hang good time tch tv thejkellz
Time to get used to Black Ops controls again come hang and have a good time. twitch.tv/thejkellz1.  ,time get used black ops control come hang good time twitch tv thejkellz
and Time to get used to Black Ops controls again come hang and have a good time. twitch.tv/thejkellz1.  ,time get used black ops control come hang good time twitch tv thejkellz
all,
"Black ops cold war looks boring imo, ima stick to mw for the next year.",black ops cold war look boring imo ima stick mw next year
"Black ops Cold War looks boring imo, ima stick to mw for next year.",black ops cold war look boring imo ima stick mw next year
"Black ops cold war looks boring imo, ima stick to mw for the next year.",black ops cold war look boring imo ima stick mw next year
"Black and cold war looks boring imo, ima stick to Libya for the next year.",black cold war look boring imo ima stick libya next year
"Black Belt ops cold war looks boring imo, ima stick to your mw for the next next year.",black belt ops cold war look boring imo ima stick mw next next year
"blue ops cold war looks boring imo, ima stick for mw for the coming year.",blue ops cold war look boring imo ima stick mw coming year
IM SO EXCITED,im excited
IN THE SO EXCELLENT,excellent
Disappearing from the face of the earth,disappearing face earth
IM<unk> EXCITED,im excited
O IM SO EXCITED,im excited
IM YOU EXCITED,im excited
Know Your History...unless it involves China....because like....we have investors and shit...,know history unless involves china like investor shit
Know your story... unless it's about China.... because how.... we have investors and shit...,know story unless china investor shit
Know your history... unless it has to do with China... because like... we have investors and shit...,know history unless china like investor shit
Know Your History...unless it involves China....because like....we have investors and companies,know history unless involves china like investor company
Know Your Local History... and unless... it actually involves China.... because I like.... we have investors and shit...,know local history unless actually involves china like investor shit
Know Your Future...unless this involves trust....because like....we have investors and these...,know future unless involves trust like investor
It really baffles me why more streamers aren’t streaming Black Ops Cold War. Hello? You know the beta is live right now right? https://t.co/dLg6wlSbkN,really baffle streamer streaming black ops cold war hello know beta live right right
It really puzzles me why more streamers don't stream Black Ops Cold War. Hello? You know the beta is just live? https: / / t.co / dLg6wlSbkN,really puzzle streamer stream black ops cold war hello know beta live co dlg wlsbkn
It really baffles me why more streamers are not streaming Black Ops Cold War. Hello? You know the beta is live right now right? https: / / www.co / dLg6wlSbkN,really baffle streamer streaming black ops cold war hello know beta live right right dlg wlsbkn
It really baffles me why more streamers keep streaming Black Ops Cold War. Hello? You think the beta is live right around right? https://t.co/dLg6wlSbkN],really baffle streamer keep streaming black ops cold war hello think beta live right around right
It really barely baffles asking me on why more streamers that aren ’ t streaming into Black Box Ops Cold War. Hello? You know the beta is shown live right now right? https://t.co/dLg6wlSbkN ],really barely baffle asking streamer streaming black box ops cold war hello know beta shown live right right
now really baffles you why more streamers miss streaming Black Ops Cold War. Hello? You know the beta you live on now right? https://t.co/dLg6wlSbkN],really baffle streamer miss streaming black ops cold war hello know beta live right
"I’m really enjoying Black Ops: Cold War. There’s just something about it man, it feels very satisfying, especially sniping. . The fact that this game has an actual functioning slide and you can jump onto ledges that are higher than 2ft makes the movement much more fluid too",really enjoying black ops cold war something man feel satisfying especially sniping fact game actual functioning slide jump onto ledge higher ft make movement much fluid
"I enjoy Black Ops: Cold War. There's just something about it, man, it feels very satisfying, especially snipers. The fact that this game has a actually working slide and you can jump on ledges that are higher than 2 feet also makes the movement much smoother.",enjoy black ops cold war something man feel satisfying especially sniper fact game actually working slide jump ledge higher foot also make movement much smoother
"I really enjoy Black Ops: Cold War. There's just something about this man, he feels very satisfied, especially as a sniper... The fact that this game has a real functional slide and you can jump on a horse that is over 2ft makes the movement much more fluid too",really enjoy black ops cold war something man feel satisfied especially sniper fact game real functional slide jump horse ft make movement much fluid
"I’m really enjoying Black Ops: Cold War. Was just something about it guys, it felt very real, especially sniping. ** The fact that this game has the actual functioning slide and you can jump onto ledges that are higher than 2ft makes the movement much more fluid too",really enjoying black ops cold war something guy felt real especially sniping fact game actual functioning slide jump onto ledge higher ft make movement much fluid
"I ’ m really enjoying Black Ops : Cold War. There just ’ s just something about it... man, it feels very satisfying, especially sniping.. The fact that even this new game has an actual functioning slide and you still can also jump onto ledges anywhere that are higher up than 2ft makes the level movement sound much more fluid too",really enjoying black ops cold war something man feel satisfying especially sniping fact even new game actual functioning slide still also jump onto ledge anywhere higher ft make level movement sound much fluid
"I’m really enjoying Black Ops: Cold War. There’s just something about it man, it feels extremely satisfying, in sniping.. The idea that this game has an actual real weapon and users can jump onto ledges to are higher than 2ft made the movement much more enjoyable too",really enjoying black ops cold war something man feel extremely satisfying sniping idea game actual real weapon user jump onto ledge higher ft made movement much enjoyable
 .  .  ,
...,
. <unk>,
..,
..,
Omg . ,omg
Omg.,omg
Omg.,omg
Omg<unk>,omg
1st Omg.,st omg
<unk>.,
These are the results of the Pawn Takes Pawn Zork Incantations from the Postcards  - looks like words to do with  ,result pawn take pawn zork incantation postcard look like word
These are the results of pawn takes pawn Zork spells from the postcards - looks like words that have to do with,result pawn take pawn zork spell postcard look like word
These are the results of Paun's incantation so far from postcards - it seems that the words to be done with,result paun incantation far postcard seems word done
These are the results of the Who Takes Pawn Zork survey from the Postcards  - looks like words to do with,result take pawn zork survey postcard look like word
These panels are the results indicated of the Pawn which Takes Pawn Zork Incantations resulting from the Postcards - what looks like words to do with,panel result indicated pawn take pawn zork incantation resulting postcard look like word
day came the results of the 9 Takes Pawn Zork Incantations from some Postcards - looks like words to do with,day came result take pawn zork incantation postcard look like word
I’m retired. pic.twitter.com/dAduilmjlT,retired pic twitter com daduilmjlt
I'm retired. pic.twitter.com / dAduilmjlT,retired pic twitter com daduilmjlt
I'm retiring pic.wikipedia.org / dAduilmjlT,retiring pic wikipedia org daduilmjlt
I’m retired. pic.twitter.com/dAduilmjlT,retired pic twitter com daduilmjlt
with I’m retired. pic.twitter.com/dAduilmjlT,retired pic twitter com daduilmjlt
that,
 . . comicbook.com/gaming/news/ca… https://t.co/vN3cMrz7V9,comicbook com gaming news ca
.. comicbook.com / gaming / news / ca... https: / / t.co / vN3cMrz7V9,comicbook com gaming news ca co vn cmrz v
. comicbook.com / gaming / news / ca... https: / / Fenco / vN3cMrz7V9,comicbook com gaming news ca fenco vn cmrz v
. [ comicbook.com/gaming/news/ca… https://t.co/vN3cMrz7V9],comicbook com gaming news ca
.. comicbook. like com / gaming / news / ca... … W https://t.co/vN3cMrz7V9 ],comicbook like com gaming news ca w
..<unk>.com/gaming/news/ca... and],com gaming news ca
"About fucking time. This is what people want to see, not fucking papers from a website and bullshit in game easter eggs.",fucking time people want see fucking paper website bullshit game easter egg
"About damn time. That's what people want to see, not damn papers from a website and bullshit in Easter eggs.",damn time people want see damn paper website bullshit easter egg
"This is what people want to see, not fucking papers from the website and bullshit in caviar.",people want see fucking paper website bullshit caviar
"About launch time. This is what people want to see, not fucking papers from a website featuring bullshit in game easter eggs.",launch time people want see fucking paper website featuring bullshit game easter egg
"About fucking time. This is... what people want everyone to really see, not fucking papers downloaded from a website and bullshit in the game easter eggs.",fucking time people want everyone really see fucking paper downloaded website bullshit game easter egg
"About fucking computers. This is when people want to see, ridiculous fucking papers from a website and bullshit in game easter eggs.",fucking computer people want see ridiculous fucking paper website bullshit game easter egg
No please no,please
No please no,please
"No, please no.",please
"No, no",
No NO please no,please
mean please no,mean please
"Thanks @DlonRichardson for the sub and @bbnprod for the bits.  really appreciate it. Good 7 hour stream of Cold War, maxed level and got some clips. Thanks @TheRealScaz @WolfxSwervo @bbnprod for playing tonight.  ",thanks dlonrichardson sub bbnprod bit really appreciate good hour stream cold war maxed level got clip thanks therealscaz wolfxswervo bbnprod playing tonight
"Thank you @ DlonRichardson for the sub and @ bbnprod for the bits. really appreciate it. good 7 hours stream of Cold War, maximum level and got some clips. Thank you @ TheRealScaz @ WolfxSwervo @ bbnprod for the game tonight.",thank dlonrichardson sub bbnprod bit really appreciate good hour stream cold war maximum level got clip thank therealscaz wolfxswervo bbnprod game tonight
"Thanks to @ DlonRichardson for the sub and @ bbnprod for the bit. very much appreciate it. Good 7 hour Cold War flow, leveled the level and got a few clippings. Thanks to @ TheRealScaz @ WolfxScvo @ bbnprod for playing tonight.",thanks dlonrichardson sub bbnprod bit much appreciate good hour cold war flow leveled level got clipping thanks therealscaz wolfxscvo bbnprod playing tonight
"Thanks @DlonRichardson for the sub and @bbnprod for the bits.  I appreciate it. Played 7 hour stream of Horde War, maxed level and got some fish. Thanks @TheRealScaz @WolfxSwervo @bbnprod for my tonight.",thanks dlonrichardson sub bbnprod bit appreciate played hour stream horde war maxed level got fish thanks therealscaz wolfxswervo bbnprod tonight
"Thanks @DlonRichardson again for the bridge sub and @bbnprod for the bits. really appreciate it. Very Good with 7 hour stream depth of Cold Vietnam War, was maxed level 3 and got some clips. Thanks Sir @TheRealScaz Thanks @WolfxSwervo @bbnprod for playing tonight.",thanks dlonrichardson bridge sub bbnprod bit really appreciate good hour stream depth cold vietnam war maxed level got clip thanks sir therealscaz thanks wolfxswervo bbnprod playing tonight
"Thanks even without the sub and @DlonRichardson all the bits. really appreciate it. Good 7 hour stream of Cold War, maxed level set has extra clips. Lots more @bbnprod @TheRealScaz for playing tonight.",thanks even without sub dlonrichardson bit really appreciate good hour stream cold war maxed level set extra clip lot bbnprod therealscaz playing tonight
New vid!. . The Modern Warfare morons are at it again with their paste-eating hot takes on Black Ops Cold War.. . youtube.com/watch?v=UQaRhN… https://t.co/UybIjHS8Ab,new vid modern warfare moron paste eating hot take black ops cold war youtube com watch v uqarhn
New vid!.. The Modern Warfare Idions are at it again with their paste-eating hot takes on Black Ops Cold War... youtube.com / watch? v = UQaRhN... https: / / t.co / UybIjHS8Ab,new vid modern warfare idions paste eating hot take black ops cold war youtube com watch v uqarhn co uybijhs ab
New vid!. The Modern Warfare morons are at it again with their paste-eating hot takes on Black Ops Cold War... youtube.com / watch? v = UQaRhN...,new vid modern warfare moron paste eating hot take black ops cold war youtube com watch v uqarhn
New vid!. Why The Modern American morons are at it again with their flesh-eating hot takes from Black Ops Cold War... youtube.com/watch?v=UQaRhN… https://t.co/UybIjHS8Ab],new vid modern american moron flesh eating hot take black ops cold war youtube com watch v uqarhn
New vid!.. The Modern Air Warfare Center morons are at it again with something their paste - less eating hot tea takes on... Black Global Ops the Cold War... see youtube. dot com / watch? v = UQaRhN … https://t.co/UybIjHS8Ab ],new vid modern air warfare center moron something paste less eating hot tea take black global ops cold war see youtube dot com watch v uqarhn
New vid!.. New Digital Warfare morons are at it hard with their paste-eating satirical takes on Color Ops Cold Blood... AT.com/watch?v=UQaRhN... [],new vid new digital warfare moron hard paste eating satirical take color ops cold blood com watch v uqarhn
The new @CallofDuty  ,new callofduty
The new @ CallofDuty,new callofduty
New @ CfDuty,new cfduty
The Definitive @CallofDuty,definitive callofduty
C The new @CallofDuty,c new callofduty
The Meat @CallofDuty,meat callofduty
Huge,huge
Huge,huge
The Huge,huge
It,
Just got to 155 for the sixth time... yay am so excited... please @Treyarch add some kind of prestige mode for black ops cold war I don't want to go through another year of seasonal ranks it's so dull,got sixth time yay excited please treyarch add kind prestige mode black ops cold war want go another year seasonal rank dull
"Just reached 155 for the sixth time... yay am so excited... please add @ Treyarch some kind of prestige mode for Black Ops Cold War I don't want to go through another year of seasonal leaderboards, it's so boring",reached sixth time yay excited please add treyarch kind prestige mode black ops cold war want go another year seasonal leaderboards boring
Just got to 155 for the sixth time... yay I'm so excited... please @ Treyarch add some regime for black Cold War PR I don't want to go through another year of rank it's so boring,got sixth time yay excited please treyarch add regime black cold war pr want go another year rank boring
Just got in 155 for the sixth time... yay am so excited... let @Treyarch prepare some kind of prestige mode for black ops cold war I don't want to go with another year of seasonal ranks it's so dull,got sixth time yay excited let treyarch prepare kind prestige mode black ops cold war want go another year seasonal rank dull
Just got up to 155 million for the sixth time... Oh yay am you so excited... please @Treyarch add some kind 1 of prestige user mode for the black ops during cold war I don't bloody want to go through another year worth of seasonal ranks it's so dull,got million sixth time oh yay excited please treyarch add kind prestige user mode black ops cold war bloody want go another year worth seasonal rank dull
Just got to 155 for the sixth time... yay am so pretty... please @Treyarch add some up some prestige mode for black ops cold war me just't want to go through another year of useless ranks something's so incredible,got sixth time yay pretty please treyarch add prestige mode black ops cold war want go another year useless rank something incredible
Looks dope but don’t tell me everyone gets last stand 🤦. ‍. ,look dope tell everyone get last stand
"Looks silly, but don't tell me everyone gets the latest.",look silly tell everyone get latest
"It looks like doping, but don't tell me that everyone gets last place...",look like doping tell everyone get last place
Looks dope but don’t tell man dude gets last stand 🤦. ‍.,look dope tell man dude get last stand
Looks dope but don ’ ta t wanna tell me everyone gets one last stand [UNK]..,look dope ta wanna tell everyone get one last stand unk
Looks dope<unk> don’t tell me dog gets last stand <unk>..,look dope tell dog get last stand
Jet packs in a “cold war” setting makes so much sense i love it,jet pack cold war setting make much sense love
Jetpacks in a Cold War environment make so much sense that I love it,jetpacks cold war environment make much sense love
Cold War jet packs have such meaning that I love them,cold war jet pack meaning love
Jet packs in a “cold war” setting makes so much sense we love it,jet pack cold war setting make much sense love
Jet packs away in a “ cold war zone ” setting makes so much sense that i love it,jet pack away cold war zone setting make much sense love
Jet packs in a “cold dark setting makes so much sense i love that,jet pack cold dark setting make much sense love
The Best Decent Bot •. sniper for @NioxSnipingYT •. .  .  ,best decent bot sniper nioxsnipingyt
The best decent bot •. Sniper for @ NioxSnipingYT •...,best decent bot sniper nioxsnipingyt
The Best Decent Bot •. sniper for @ NioxSnipingYT •....,best decent bot sniper nioxsnipingyt
The Best Decent Bot •. sniper. @NioxSnipingYT •.. .,best decent bot sniper nioxsnipingyt
The Best Decent Bot •. sniper prize for La @NioxSnipingYT •...,best decent bot sniper prize la nioxsnipingyt
The dreaded Evil Bot •. sniper for @NioxSnipingYT •...,dreaded evil bot sniper nioxsnipingyt
"Aye I’m gonna keep it a buck....Cold war is the most fun I’ve had on a CoD title since Black ops 3. It’s amazing, I love this shit",aye gonna keep buck cold war fun cod title since black ops amazing love shit
"Aye, I'll keep it up.... Cold War is the biggest fun I've had working on a CoD title since Black Ops 3. It's amazing, I love this shit",aye keep cold war biggest fun working cod title since black ops amazing love shit
"Aye I'm gonna keep it a buck.... Cold war is the most fun I've had on a CoD title since Black ops 3. It's amazing, I love this shit",aye gonna keep buck cold war fun cod title since black ops amazing love shit
"Aye I’m gonna keep it here slow war is the most fun I’ve had on a CoD title is Black ops 3. It’s amazing, I do this shit",aye gonna keep slow war fun cod title black ops amazing shit
"Aye much I ’ ′ m gonna keep it a buck.... Cold war war is the fifth most fun course I ’ ve had on a CoD title subject since Black ops 3. Wow It ’ s truly amazing, I love this shit",aye much gonna keep buck cold war war fifth fun course cod title subject since black ops wow truly amazing love shit
"Aye I’m gonna see it quick buck....Cold war is the most fun I’ve had on a second title overall Black ops 2011. So amazing, I love this shit",aye gonna see quick buck cold war fun second title overall black ops amazing love shit
Gonna be ass,gonna as
Will be an ass,as
Gonna be ass,gonna as
Gonna be long,gonna long
Gonna fucking be ass,gonna fucking as
Gonna be The,gonna
"For anyone jumping into this Beta weekend, I have the absolute best sniping class setups for both the Tundra and the Pellington.. . Let me know what you think!.  . . youtu.be/qpPpt561DvE https://t.co/eNdBqoxPuA",anyone jumping beta weekend absolute best sniping class setup tundra pellington let know think youtu qpppt dve
"For all those participating in this beta weekend, I have the absolute best Sniping Class setups for both the Tundra and the Pellington... Let me know what you think!... youtu.be / qpPt561DvE https: / / t.co / eNdBqoxPuA",participating beta weekend absolute best sniping class setup tundra pellington let know think youtu qppt dve co endbqoxpua
"For anyone jumping into this Beta weekend, I have the absolutely best sniping class setups for both the Tundra and the Pellington... Let me know what you think!... youtu.be / qpPpt561DvE https: / / Fenco / eNdBqoxPuA",anyone jumping beta weekend absolutely best sniping class setup tundra pellington let know think youtu qpppt dve fenco endbqoxpua
"For anyone jumping into this Beta package, I have my 10 best pro class setups for both the Tundra and the Pellington... Let me know who you think!. .. youtu.be/qpPpt561DvE https://t.co/eNdBqoxPuA]",anyone jumping beta package best pro class setup tundra pellington let know think youtu qpppt dve
"For anyone jumping themselves into this Beta weekend, surely I can have the absolute best sniping class setups here for both the Plymouth Tundra and also the Ford Pellington... 10 Let for me know what you think!... youtu. be / 1 qpPpt561DvE https://t.co/eNdBqoxPuA ]",anyone jumping beta weekend surely absolute best sniping class setup plymouth tundra also ford pellington let know think youtu qpppt dve
"this anyone booked into DVD Beta weekend, gonna have the absolute best sniping class setups for combining this Tundra and the Pellington... letting me guess what you guys!... youtu.be/qpPpt561DvE https://t.co/eNdBqoxPuA]",anyone booked dvd beta weekend gonna absolute best sniping class setup combining tundra pellington letting guess guy youtu qpppt dve
This will go well with ps 5 . ,go well p
That's going to be fine with us.,going fine u
This will go well with Dog 5.,go well dog
This will go well with Unity 5.,go well unity
This version will go well with ps 5.,version go well p
This will go fine with ps 5.,go fine p
Proud of this headline . ,proud headline
Proud of that headline.,proud headline
Promoting this headline.,promoting headline
Proud was this headline.,proud headline
Proud of this unfortunate headline.,proud unfortunate headline
Proud of this product.,proud product
Awesome!,awesome
Awesome!,awesome
Aha!,aha
Awesome!,awesome
So Awesome!,awesome
<unk>!,
"Last race via  . 20:30 gmt  . . MAURICE DANCER is due. personal pick, RIP Maurice Herman. . KEY LOOK 67/1 Elephant in the room. . CABALLERO picked when predicting RAFIKI and 2 others placed. ELECTRIC MISTRESS psyop  . . TOMMY G is threat.....9/1",last race via gmt maurice dancer due personal pick rip maurice herman key look elephant room caballero picked predicting rafiki others placed electric mistress psyop tommy g threat
"Last race about. 20: 30 gmt.. MAURICE DANCER is due. Personal selection, RIP Maurice Herman.. KEY LOOK 67 / 1 elephant in the room... CABALLERO selected when the prediction RAFIKI and 2 others placed. ELECTRIC MISTRESS psyop... TOMMY G is a threat..... 9 / 1",last race gmt maurice dancer due personal selection rip maurice herman key look elephant room caballero selected prediction rafiki others placed electric mistress psyop tommy g threat
The last race after. 20: 30 gr...................................................................................................................................................................,last race gr
"Last race via . 20:30 gmt .. MAURICE DANCER is due. personal note, RIP Maurice Herman... LOOK 67/1 help from the room.. CABALLERO win when predicting RAFIKI and 2 others<unk>. ELECTRIC MISTRESS psyop ... TOMMY G is threat.....9/1",last race via gmt maurice dancer due personal note rip maurice herman look help room caballero win predicting rafiki others electric mistress psyop tommy g threat
"Last race via. 20 : 06 30 gmt.. MAURICE and DANCER B is due. One personal pick, RIP Maurice Herman.. KEY A LOOK 67 / 1 Elephant in the betting room.. CABALLERO picked when predicting RAFIKI and when 2 others were placed. 2 ELECTRIC MISTRESS psyop.. TOMMY G is threat..... 9 / 1 1",last race via gmt maurice dancer b due one personal pick rip maurice herman key look elephant betting room caballero picked predicting rafiki others placed electric mistress psyop tommy g threat
"<unk> race via. 20:30 gmt.. MAURICE DANCER is due. My favorite, RIP to Richard.. KEY LOOK 67/1 predicted in Ice Water.. CABALLERO picked when predicting RAFIKI and came third placed. ELECTRIC MISTRESS psyop.. TOMMY G is threat.....9/1",race via gmt maurice dancer due favorite rip richard key look predicted ice water caballero picked predicting rafiki came third placed electric mistress psyop tommy g threat
Not too confident about this st all smh,confident st smh
Not overly confident on this issue,overly confident issue
Not too sure about it all xx,sure xx
Not too confident about this st all.),confident st
Not too stupid confident going about this st all smh,stupid confident going st smh
Not too confident in this st all smh,confident st smh
@Treyarch @DavidVonderhaar . . Really hope  . . Black Ops 1 is by far my favourite @CallofDuty game ever. Love the Cold War/Vietnam setting.,treyarch davidvonderhaar really hope black ops far favourite callofduty game ever love cold war vietnam setting
@ Treyarch @ DavidVonderhaar.. Really hope.. Black Ops 1 is by far my favorite @ CallofDuty game ever.,treyarch davidvonderhaar really hope black ops far favorite callofduty game ever
@ Treyarch @ Davidderhaar.. Really hope... Black Ops 1 is definitely my favorite @ CfDuty game ever.,treyarch davidderhaar really hope black ops definitely favorite cfduty game ever
@Treyarch @DavidVonderhaar.. Really hope .. Black Ops 4 — by far favourite favourite @CallofDuty game ever. Love the Cold War/Vietnam setting.,treyarch davidvonderhaar really hope black ops far favourite favourite callofduty game ever love cold war vietnam setting
the @Treyarch @DavidVonderhaar.. Really big hope.. the Black Company Ops 1 is probably by far my favourite game @CallofDuty game ever. Love the Cold War / South Vietnam setting.,treyarch davidvonderhaar really big hope black company ops probably far favourite game callofduty game ever love cold war south vietnam setting
@Treyarch really.. Really really.. Black Ops 1 is to far my most @DavidVonderhaar game ever. During the Cold War/Vietnam period.,treyarch really really really black ops far davidvonderhaar game ever cold war vietnam period
ZOMBIES IS BACK!!! So fucking hyped!!. ,zombie back fucking hyped
ZOMBIES IS BACK!!! So fucking inflated!!.,zombie back fucking inflated
ZOMBOS IS BACK!!! So fucking hyped!!.,zombos back fucking hyped
ZOMBIES<unk> BACK!!! So fucking hyped!!.,zombie back fucking hyped
ZOMBIES Here IS THE BACK!!! So goddamn fucking hyped!!.,zombie back goddamn fucking hyped
ZOMBIES IS BACK!!! The fucking good.,zombie back fucking good
Sniping is honestly the most fun part of  . Video of my Alpha Weekend antics will be up when I get the time to piece it all together,sniping honestly fun part video alpha weekend antic get time piece together
Sniping is honestly the funniest part. There will be video of my Alpha Weekend antics when I have time to put it all together,sniping honestly funniest part video alpha weekend antic time put together
"To be honest, sniffing is the funniest part. The video of my dystopia will be finished when I take the time to put it all together.",honest sniffing funniest part video dystopia finished take time put together
Sniping is honestly the most fun game of . Video of my Alpha Weekend antics finally be up when I find the time to piece it all together,sniping honestly fun game video alpha weekend antic finally find time piece together
Sniping is honestly not the most fun every part of. One Video of all my Alpha Quest Weekend antics will be up when I get the time tonight to piece it all together,sniping honestly fun every part one video alpha quest weekend antic get time tonight piece together
Sniping is honestly the most brutal part of. Video on my Alpha Weekend antics will add up when I get the time to piece it all out,sniping honestly brutal part video alpha weekend antic add get time piece
Nice little team wipe by @AveryJeanTTV with the one tap!. clips.twitch.tv/RoundSucculent…. .  .  ,nice little team wipe averyjeanttv one tap clip twitch tv roundsucculent
Nice little team swipe through @ AveryJeanTTV with a tap!. clips.twitch.tv / RoundSucculent......,nice little team swipe averyjeanttv tap clip twitch tv roundsucculent
A good little team wipes @ AJJeanTTV out with one click!. clips.tch.tv / RoundSucculent.....,good little team wipe ajjeanttv one click clip tch tv roundsucculent
Nice little team wipe by RhandlerR with the one tap!. clips.twitch.tv/RoundSucculent…. .  .  ,nice little team wipe rhandlerr one tap clip twitch tv roundsucculent
and Nice little team wipe by RhandlerR with the one tap!. clips.twitch.tv/RoundSucculent…. .  .  ,nice little team wipe rhandlerr one tap clip twitch tv roundsucculent
It,
This is just embarrassing now.,embarrassing
It's just embarrassing now.,embarrassing
"Right now, it's just embarrassing.",right embarrassing
This is just embarrassing stuff.,embarrassing stuff
That This is just embarrassing now.,embarrassing
This is really embarrassing now.,really embarrassing
Call Of Duty: Black Ops Cold War beta cheats are ruining crossplay gamblerss.com/news/70025/cal…,call duty black ops cold war beta cheat ruining crossplay gamblerss com news cal
Call Of Duty: Black Ops beta scammers from the Cold War ruin Crossplay gamblerss.com / news / 70025 / cal...,call duty black ops beta scammer cold war ruin crossplay gamblerss com news cal
Call Of Duty: Black Ops Cold War beta cheats are rubblay crosslay gambass.com / news / 70025 / cal...,call duty black ops cold war beta cheat rubblay crosslay gambass com news cal
Call Of Cthulhu: Black Ops Cold War beta cheats are ruining their gamblerss.com/news/70025/cal…,call cthulhu black ops cold war beta cheat ruining gamblerss com news cal
Call Of Normal Duty : Black market Ops Cold War War beta cheats That are ruining crossplay in gamblerss. com / news / 2012 70025 / cal …,call normal duty black market ops cold war war beta cheat ruining crossplay gamblerss com news cal
Call on Duty: Black Ops Cold War movie cheats are ruining everything between.com/news/70025/cal...,call duty black ops cold war movie cheat ruining everything com news cal
"""This is gonna be my year""",gonna year
"""This will be my year""",year
"""This will be my year""",year
"""This is gonna make my year""",gonna make year
""" Because This is gonna be my year """,gonna year
"""This are gonna be my year""",gonna year
Heard about the New COD Black Ops Cold War rumor. Would be nice to see Woods and Mason again.,heard new cod black ops cold war rumor would nice see wood mason
Heard about the new COD Black Ops Cold War rumor. Would be nice to see Woods and Mason again.,heard new cod black ops cold war rumor would nice see wood mason
It would be nice to see Woods and Mason again.,would nice see wood mason
Heard on the New COD Black Ops Cold War rumor. Will be nice to see Woods and Mason again.,heard new cod black ops cold war rumor nice see wood mason
Heard about the New COD that Black Ops Cold War rumor.... Would be freaking nice to ever see Woods and Mason again.,heard new cod black ops cold war rumor would freaking nice ever see wood mason
cared about the New England Black Ops Cold War rumor. Would be nice<unk> see Woods and Mason again.,cared new england black ops cold war rumor would nice see wood mason
this video just brought back hella good memories,video brought back hella good memory
This video has brought back only hella good memories,video brought back hella good memory
This video has only brought back good memories for Halle,video brought back good memory halle
this video just brought back hella some memories,video brought back hella memory
this video just lately brought back hella good memories,video lately brought back hella good memory
this video just brought back new good memories,video brought back new good memory
@ATVIAssist After I preordered black ops cold war modern warfare wont let me access the store anymore.it just skips right over the store tab.,atviassist preordered black ops cold war modern warfare wont let access store anymore skip right store tab
"@ ATVIAssist After pre-ordering Cold War Black Ops, modern warfare no longer allowed me to access the store.",atviassist pre ordering cold war black ops modern warfare longer allowed access store
"@ ATVIAssist After pre-ordering Cold War-era black ops, modern war won't allow me to enter the store anytime.",atviassist pre ordering cold war era black ops modern war allow enter store anytime
@ATVIAssist After I preordered black ops cold brew modern warfare wont Help me navigate the store anymore.it just skips right over the store tab.,atviassist preordered black ops cold brew modern warfare wont help navigate store anymore skip right store tab
@ATVIAssist After I played preordered little black ops cold dog war modern warfare wont let much me access the grocery store anymore. Mostly it just skips right over the store sales tab.,atviassist played preordered little black ops cold dog war modern warfare wont let much access grocery store anymore mostly skip right store sale tab
Store After I shot black ops cold war modern warfare why let me access the store anymore.it is said right over the store tab.,store shot black ops cold war modern warfare let access store anymore said right store tab
The Call of Duty Black Ops Cold War Beta was very Good!!! It’s a solid 9/10 for Me. Only issue in my opinion is how overpowered Grenades are in the Game. Other than that it’s gonna be a Fantastic Game!!! Gonna grind Zombies like CRAZY .   ,call duty black ops cold war beta good solid issue opinion overpowered grenade game gonna fantastic game gonna grind zombie like crazy
The Call of Duty Black Ops Cold War Beta was very good!!! It is a solid 9 / 10 for me. The only problem in my opinion is how overwhelmed grenades are in the game. Otherwise it will be a fantastic game!!! I will grind zombies like CRAZY.,call duty black ops cold war beta good solid problem opinion overwhelmed grenade game otherwise fantastic game grind zombie like crazy
The Call of Duty Black Ops Cold War Beta was very Good!!! It's a solid 9 / 10 for Me. Only problem in my opinion is how overpowered Grenades are in the Game. Other that it's gonna be a friendly Game!!! Gonna grind Zombies like CZY.,call duty black ops cold war beta good solid problem opinion overpowered grenade game gonna friendly game gonna grind zombie like czy
The Call of Duty Black Ops Cold play Beta was very Good!!! Overall a solid 9/10 for them. Only issue in my opinion is how overpowered Grenades are in that Game. Other than stats it’s gonna be a Fantastic Game!!! It grind Zombies like CRAZY.,call duty black ops cold play beta good overall solid issue opinion overpowered grenade game stats gonna fantastic game grind zombie like crazy
The Call of Duty Black Ops Cold War Beta was very Good Good!!! It ’ DVD s a nice solid Friday 9 / 10 for Double Me. Only issue in my opinion is how your overpowered Grenades are acting in winning the Game. Other than that it ’ it s gonna be a Fantastic Game!!! Not Gonna grind Zombies like CRAZY.,call duty black ops cold war beta good good dvd nice solid friday double issue opinion overpowered grenade acting winning game gonna fantastic game gonna grind zombie like crazy
The Call from Duty Black Ops Cold War Wars was very Good!!! Its a solid 9/10 for Me. Only issue in my opinion is the damaging Grenades are throughout the Game. Apart than that it’s gonna be a Fantastic Game!!! Gonna grind Zombies into an.,call duty black ops cold war war good solid issue opinion damaging grenade throughout game apart gonna fantastic game gonna grind zombie
I’m fucking dead . ,fucking dead
I'm damn dead.,damn dead
I'm fucking dead.,fucking dead
I’m fucking dead forever,fucking dead forever
Except I ’ m fucking dead.,except fucking dead
not fucking dead.,fucking dead
NEW VIDEO:. . a quick easy stupid cod trailer edit. . youtu.be/B6rI2_9gIWA. .  ,new video quick easy stupid cod trailer edit youtu b ri giwa
NEW VIDEO:.. a quick simple stupid cod trailer edit.. youtu.be / B6rI2 _ 9gIWA..,new video quick simple stupid cod trailer edit youtu b ri giwa
NEW VIDEO:. a quick easy stupid trailer edit.. youtu.be / B6rI2 _ 9gIWA..,new video quick easy stupid trailer edit youtu b ri giwa
NEW VIDEO:. with a great easy stupid cod ex edit.. youtu.be/B6rI2_9gIWA..,new video great easy stupid cod ex edit youtu b ri giwa
THE NEW VIDEO :.. a just quick so easy it stupid cod trailer and edit.. youtu. I be / 1 B6rI2 _ 9gIWA..,new video quick easy stupid cod trailer edit youtu b ri giwa
NEW TO:.. really really easy download cod trailer edit.. as.be/B6rI2_9gIWA..,new really really easy download cod trailer edit b ri giwa
black ops cold war doesn’t feel good,black ops cold war feel good
Black Ops Cold War doesn't feel good,black ops cold war feel good
Anti-Cold War Blacks Don't Feel Good,anti cold war black feel good
black ops cold turkey doesn’t feel good,black ops cold turkey feel good
black space ops cold war doesn ’ t feel too good,black space ops cold war feel good
black ops cold war doesn’t feel the,black ops cold war feel
BO1 is top 3 of all time,bo top time
BO1 is top 3 of all time,bo top time
BO1 - the top 3 of all time,bo top time
BO1 is top series of all time,bo top series time
BO1 B is top 3 of all time,bo b top time
BO1 is top 3 amongst all time,bo top amongst time
Call of Duty Black Ops Cold War aka How to completely fuck up the shooting mechanics of the game.,call duty black ops cold war aka completely fuck shooting mechanic game
Call of Duty Black Ops Cold War aka How to fuck up the shooting mechanics of the game.,call duty black ops cold war aka fuck shooting mechanic game
Call of Duty Black Ops Cold War aka How to complete fuck up the shooting mechanics of the game.,call duty black ops cold war aka complete fuck shooting mechanic game
Call of Duty Black Ops Cold War : How to completely fuck up the shooting mechanics of the game.,call duty black ops cold war completely fuck shooting mechanic game
Call of Duty Black Ops Cold War War aka Soldier How to and completely fuck up explains the shooting mechanics of the game.,call duty black ops cold war war aka soldier completely fuck explains shooting mechanic game
Call a Duty Black Ops Cold War aka Trying to completely fuck up the shooting mechanics of the the.,call duty black ops cold war aka trying completely fuck shooting mechanic
Hmmm interesting,hmmm interesting
Hmmm.,hmmm
"Hmm, interesting",hmm interesting
Hmmm....,hmmm
Hmmm very interesting,hmmm interesting
Hmmm or,hmmm
"Press F to: . accelerate the war on drugs, cripple minority communities by criminalizing drugs and funneling them in (also hurting race relations), /. ruin/overflow the prison system with mass incarceration and privatization, sell arms to Iran, call black people monkeys...",press f accelerate war drug cripple minority community criminalizing drug funneling also hurting race relation ruin overflow prison system mass incarceration privatization sell arm iran call black people monkey
"F to:. accelerate the war on drugs, paralyze minority communities by criminalizing drugs and smuggling them into Iran (which also damages race relations), /. ruin / overflow the prison system with mass incarceration and privatization, sell weapons to Iran, call blacks apes...",f accelerate war drug paralyze minority community criminalizing drug smuggling iran also damage race relation ruin overflow prison system mass incarceration privatization sell weapon iran call black ape
"Press F to:. accelerate the war on drugs, suppress minority communities by criminalizing drugs and channeling them in the right direction (also harming race relations), /. destroy / overflow the prison system with mass incitement and privatization, sell arms to Iran, call black monkeys...",press f accelerate war drug suppress minority community criminalizing drug channeling right direction also harming race relation destroy overflow prison system mass incitement privatization sell arm iran call black monkey
"Press F ears:. accelerate your war on drugs, cripple minority communities with criminalizing drugs and shutting them in (also hurting race relations), /. ruin/overflow the prison system with mass incarceration and privatization, sell arms from Iran, call black people monkeys...",press f ear accelerate war drug cripple minority community criminalizing drug shutting also hurting race relation ruin overflow prison system mass incarceration privatization sell arm iran call black people monkey
"Press Letter F is to :. accelerate both the war on drugs, to cripple minority Tamil communities by criminalizing these drugs and funneling them farther in ( also hurting tribal race relations ), /. ruin / can overflow the prison system together with mass incarceration and privatization, sell arms to Iran, call black people monkeys...",press letter f accelerate war drug cripple minority tamil community criminalizing drug funneling farther also hurting tribal race relation ruin overflow prison system together mass incarceration privatization sell arm iran call black people monkey
"Press F to:. accelerate the war on HIV, cripple entire communities by criminalizing drugs or importing them in (also hurting race relations), /. ruin/overflow the prison system with mass transfers and privatization, pulling wool over Africa, call black people monkeys...",press f accelerate war hiv cripple entire community criminalizing drug importing also hurting race relation ruin overflow prison system mass transfer privatization pulling wool africa call black people monkey
Shut up. ,shut
Shut up.,shut
Shut up.,shut
Shut it.,shut
... Shut up.,shut
Shut Me.,shut
You guys killed it!!! Road to 20 likes.  YT: Wolgaser YT . .  ,guy killed road like yt wolgaser yt
You killed it!!! Road to 20 likes. YT: Volga YT..,killed road like yt volga yt
You guys killed it!!! Road to 20 likes. YT: Wolgaser YT..,guy killed road like yt wolgaser yt
You guys got it!!! Road to 20 likes. <unk>: Wolgaser YT..,guy got road like wolgaser yt
You guys killed with it!!! This Road to his 20 likes. YT : Kurt Wolgaser YT..,guy killed road like yt kurt wolgaser yt
You guys nail it!!! Road to 20 likes. Summary: Wolgaser 2..,guy nail road like summary wolgaser
Call Of Duty  ,call duty
Call of Duty,call duty
Call Of Duty,call duty
Call For Duty,call duty
Army Call Of Duty,army call duty
Call the Duty,call duty
LOVING THE CALL OF DUTY: BLACK OPS COLD WAR BETA!!. . MAX RANK FOR TODAY!!!.  pic.twitter.com/RDEn8JHSJR,loving call duty black ops cold war beta max rank today pic twitter com rden jhsjr
LOVE THE CALL OF DUTY: BLACK OPS COLD WAR BETA!!.. MAX RANK FOR TODAY!!!. pic.twitter.com / RDEn8JHSJR,love call duty black ops cold war beta max rank today pic twitter com rden jhsjr
LUBLUBLUBLUBLUBLUBLUBLUBLUBLUBLUBLUBLUBLUBLUBLUBLUBLUBLUBLUBLUBLUBLUBLUBLUBLUBLUBLUBLUBUBLUBLUBLUBUBUBUBUBUBUBUBUBUBUBUBUBUBUBUBUBUBUBUBUBUBUBUBUBUBUBUBUBUBUBUBUBUBUBUBUBUBUBUBUBUBUBUBUBUBUBUBUBUBUB,lublublublublublublublublublublublublublublublublublublublublublublublublublublublublubublublublububububububububububububububububububububububububububububububububububububububububububububububububububub
LOVING THE CALL OF DUTY: BLACK OPS COLD WAR BETA!!. . MAX RANK FOR TODAY!!!.  pic.twitter.com/RDEn8JHSJR,loving call duty black ops cold war beta max rank today pic twitter com rden jhsjr
and LOVING THE CALL OF DUTY: BLACK OPS COLD WAR BETA!!. . MAX RANK FOR TODAY!!!.  pic.twitter.com/RDEn8JHSJR,loving call duty black ops cold war beta max rank today pic twitter com rden jhsjr
my,
Let’s fucking goooooo,let fucking goooooo
Let's damn goooooooo,let damn goooooooo
Let's fuck oooooooooooooooooooooooooooooooooooooooooooooooooooooooooooooooooooooooooooooooooooooooooooooooooooooooooooooooooooooooooooooooooooooooooooooooooooooooooooooooooooooooooo.,let fuck oooooooooooooooooooooooooooooooooooooooooooooooooooooooooooooooooooooooooooooooooooooooooooooooooooooooooooooooooooooooooooooooooooooooooooooooooooooooooooooooooooooooooo
Let’s fucking …,let fucking
Let that ’ s fucking goooooo,let fucking goooooo
Let’s fucking be,let fucking
"This is almost as good as Bo2’s menu music...if not...better? Because DAMN, it slaps!",almost good bo menu music better damn slap
"This is almost as good as Bo2's menu music... if not... better? Because DAMN, it claps!",almost good bo menu music better damn clap
"It's almost as good as the music on the Bo2 menu... if not... better? Because DAMN, it claps!",almost good music bo menu better damn clap
"This is almost as addictive as Bo2’s menu music...if not...better? DAM DAMN, it slaps!",almost addictive bo menu music better dam damn slap
"3 This is almost as good as for Bo2 Girl ’ s menu music... if she not... better? Because DAMN, and it makes slaps!",almost good bo girl menu music better damn make slap
"This is nearly as good to Bo2’s menu except...if then...better? Because DAMN, it slaps!",nearly good bo menu except better damn slap
Confirmed edward(Richthofen) Will not be returning in Black ops Cold War . Source tik tok. @HNSOfficial_ @ModernWarzone https://t.co/19Hg6Z6WYp,confirmed edward richthofen returning black ops cold war source tik tok hnsofficial modernwarzone
Confirmed Edward (Richthofen) Will not return to Black ops Cold War. Source: @ HNSOfficial _ @ ModernWarzone https: / / t.co / 19Hg6Z6WYp,confirmed edward richthofen return black ops cold war source hnsofficial modernwarzone co hg z wyp
Credit: @ HNSOfficial _ @ ModernWarzone,credit hnsofficial modernwarzone
Confirmed edward(Richthofen) Will not effect returning No return ops Cold War. Source tik tok. @HNSOfficial_ @ModernWarzone https://t.co/19Hg6Z6WYp],confirmed edward richthofen effect returning return ops cold war source tik tok hnsofficial modernwarzone
2010 Confirmed edward ( Richthofen ) They Will... not be yet returning in September Black Sun ops Cold Energy War. Source tik tok. Retrieved @HNSOfficial_ @ModernWarzone https://t.co/19Hg6Z6WYp ],confirmed edward richthofen yet returning september black sun ops cold energy war source tik tok retrieved hnsofficial modernwarzone
Confirmed edward(Richthofen) Will not be returning with Black ops Next War. 16 tik 6. @HNSOfficial_ ` +],confirmed edward richthofen returning black ops next war tik hnsofficial
youtu.be/qJNbg8p9I0M. BROOOOO IM DEAD @MrTLexify  ,youtu qjnbg p brooooo im dead mrtlexify
youtu.be / qJNbg8p9I0M. BROOOOO IM DEAD @ MrTLexify,youtu qjnbg p brooooo im dead mrtlexify
youtu.be / qJNbg8p9I0M. BROOOOO DEAD @ MrTLexify,youtu qjnbg p brooooo dead mrtlexify
youtu.be/qJNbg8p9I0M. BROOOOO OM<unk> @MrTLexify,youtu qjnbg p brooooo om mrtlexify
youtu. will be / v qJNbg8p9I0M. html BROOOOO TO IM J DEAD S @MrTLexify,youtu v qjnbg p html brooooo im j dead mrtlexify
1.be/qJNbg8p9I0M. 8 IM SO MO,qjnbg p im mo
Ok it’s a video game but it’s scary to see how much is relevant to real life,ok video game scary see much relevant real life
"Ok, it's a video game, but it's scary to see how much is relevant to real life",ok video game scary see much relevant real life
"OK, it's a video game, but it's scary to see how relevant it is to real life",ok video game scary see relevant real life
Ok it’s a video game so it’s scary because see how much is relevant to real life,ok video game scary see much relevant real life
... Ok probably it ’ s a video survival game but it ’ s scary to see how much context is relevant to real life,ok probably video survival game scary see much context relevant real life
maybe it’s a video game but it’s scary to see how emotion is relevant to a life,maybe video game scary see emotion relevant life
LOVE the setting. Frank Woods is back. Feels like Black Ops 1 all over again. Like the CCR & New Order song selections. Looks like the campaign is going to be DOpE!,love setting frank wood back feel like black ops like ccr new order song selection look like campaign going dope
"Frank Woods is back, feels like Black Ops 1 again, like the song selection of CCR & New Order, and it looks like the campaign is going to be DOPE!",frank wood back feel like black ops like song selection ccr new order look like campaign going dope
LOVE the setting. Frank Woods is back. Feels like Black Ops 1 all over again. Like the CCR & New Order song selections. Looks like that the campaign is going to be DOpE!,love setting frank wood back feel like black ops like ccr new order song selection look like campaign going dope
LOVE the setting. Frank Woods is back. Sort like Black Ops 1 all over again. Like the CCR & New Order song selections. Almost like the campaign is going through the DOpE!,love setting frank wood back sort like black ops like ccr new order song selection almost like campaign going dope
LOVE the right setting. Frank Woods is back. Now Feels like Black Ops 1 all over again. Like both the popular CCR & New Business Order campaign song selections. Looks like like the campaign is just going on to be DOpE!,love right setting frank wood back feel like black ops like popular ccr new business order campaign song selection look like like campaign going dope
of the setting. Frank Lawrence is back. Feels like Black Ops 1 all over again. See the CCR & New Order soundtrack selections. Looks like the campaign<unk> going to mean DOpE!,setting frank lawrence back feel like black ops see ccr new order soundtrack selection look like campaign going mean dope
Definitely getting this . ,definitely getting
Absolutely.,absolutely
Definitely getting it.,definitely getting
Definitely getting better.,definitely getting better
Definitely you getting this.,definitely getting
Definitely getting that.,definitely getting
"@ATVIAssist @XboxSupport Black Ops Cold War Early Access Xbox total flop $90 never able to play. Wasted 2 hours w/ both your support teams, no solution.  Twitter & Xbox store comments show same for lots of people. If you promote early access to take $ early, make sure it works . ",atviassist xboxsupport black ops cold war early access xbox total flop never able play wasted hour w support team solution twitter xbox store comment show lot people promote early access take early make sure work
"@ ATVIAssist @ XboxSupport Black Ops Cold War Early Access Xbox Total Flop $90 never playable Wasted 2 hours with both support teams, no solution. Comments on Twitter & Xbox Store show the same thing for many people. If you advertise early access to take $early, make sure it works.",atviassist xboxsupport black ops cold war early access xbox total flop never playable wasted hour support team solution comment twitter xbox store show thing many people advertise early access take early make sure work
"@ ATVIAssist @ XboxSupport Black Ops Cold War Early Access Xbox total flop $90 never able to play. Wasted 2 hours w / both your support teams, no solution.",atviassist xboxsupport black ops cold war early access xbox total flop never able play wasted hour w support team solution
"@ATVIAssist @XboxSupport Black Ops Cold War Early Access Xbox total flop $90 never able to play. Wasted 2 hours w/ both your support teams, potential solution. <unk> & Xbox store comments show same for lots of people. If you buy early offer to take $ early, make sure it<unk>.",atviassist xboxsupport black ops cold war early access xbox total flop never able play wasted hour w support team potential solution xbox store comment show lot people buy early offer take early make sure
"Game @ATVIAssist @XboxSupport Black Mirror Ops Cold War Early Access Xbox total flop $ 90 never able to play. Wasted to 2 hours w / both your respective support teams, no solution. Twitter & Xbox store sales comments show same for lots now of people. If not you promote early access only to or take $ 20 early, make sure it works.",game atviassist xboxsupport black mirror ops cold war early access xbox total flop never able play wasted hour w respective support team solution twitter xbox store sale comment show lot people promote early access take early make sure work
"@ATVIAssist<unk> Black Ops Cold War Early Access Xbox flip flop seems never able go end. Open 2 hours w/ both your support teams, no solution. Twitter & Xbox store comments show same thing plenty of people. If you promote early access or take profit early, make sure it works.",atviassist black ops cold war early access xbox flip flop seems never able go end open hour w support team solution twitter xbox store comment show thing plenty people promote early access take profit early make sure work
The very best and the game isn’t out yet,best game yet
The best and the game is not over yet,best game yet
The best and the game is not out yet,best game yet
The very best and the game isn’t out here,best game
The very best and probably the greatest game isn ’ t out yet,best probably greatest game yet
The very best and the game is out yet,best game yet
Awesome Gamer,awesome gamer
Awesome players,awesome player
Aome Gingrich,aome gingrich
Awesome Speech,awesome speech
1996 Awesome Gamer,awesome gamer
Horror Gamer,horror gamer
This shit look like the latest WW2 zombies. ,shit look like latest ww zombie
This shit looks like the latest World War II zombies.,shit look like latest world war ii zombie
This shit look like the latest WW2 zombies.,shit look like latest ww zombie
This shit look like the latest hot zombies.,shit look like latest hot zombie
This shit must look like the latest WW2 and zombies.,shit must look like latest ww zombie
This version look like the latest WW2 zombies.,version look like latest ww zombie
I'm in love with this game | خلاص حبيت اللعبه . . . @CallofDuty @CallofDutyARA  ,love game callofduty callofdutyara
I'm in love with this game.... @ CallofDuty @ CallofDutyARA,love game callofduty callofdutyara
I'm in love with this game... @ CFDuty @ CFDutyARA,love game cfduty cfdutyara
I'm in love with this game with خلاص<unk> اللعبه 2.. @CallofDuty @CallofDutyARA,love game callofduty callofdutyara
I'm in love now with playing this big game |... خلاص حبيت bin اللعبه... 2 @CallofDuty @CallofDutyARA,love playing big game bin callofduty callofdutyara
<unk>'m in agreement with this name | <unk>ا<unk> <unk> ا<unk>... @CallofDuty is,agreement name callofduty
THANK THE LORD,thank lord
THANK YOU TO THE LORD,thank lord
THANKYOU TO THE LORD,thankyou lord
THANK THE SUN,thank sun
THANK THE OF LORD,thank lord
BE THE LORD,lord
Doctor gonna love this one,doctor gonna love one
Doctor Will Love This,doctor love
The Doctor's going to love this one,doctor going love one
Doctor gonna love this game,doctor gonna love game
Doctor s gonna love this one,doctor gonna love one
not gonna love this one,gonna love one
I’m RT this again just to let y’all know y’all need to fix this shit. ,rt let know need fix shit
I'm back RT just to let y'all know that y'all need to fix all this shit.,back rt let know need fix shit
I'm RT this again just to let y'all know y'all need to fix this shit.,rt let know need fix shit
I’m RT this again just to let god know that need to fix this shit.,rt let god know need fix shit
Do I ’ m RT this again tonight just to let y ’ all know y all ’ all need time to fix this shit.,rt tonight let know need time fix shit
I’m RT this crap just please let y’all maybe y’all need to fix this shit.,rt crap please let maybe need fix shit
who tryna buy me this shit im willing to do anything,tryna buy shit im willing anything
"Whoever buys me this shit, I'm ready to do anything",whoever buy shit ready anything
who tryna buy me this shit im willing to do anything,tryna buy shit im willing anything
who tryna buy me this shit im willing to deal anything,tryna buy shit im willing deal anything
Friends who tryna buy me this shit if im willing to do anything,friend tryna buy shit im willing anything
who tryna buy me this girl im willing to do anything,tryna buy girl im willing anything
"Yo listing your gender as ""classified"" is honestly cool as fuck",yo listing gender classified honestly cool fuck
"If you classify your gender as ""secret,"" that's honestly cool as damn.",classify gender secret honestly cool damn
"Yo listing your gender as ""classified"" is honestly cool as fuck",yo listing gender classified honestly cool fuck
"Yo listing your gender in ""classified"" is honestly cool as fuck",yo listing gender classified honestly cool fuck
"Hey Yo listing your gender as "" classified "" is honestly a cool as fuck",hey yo listing gender classified honestly cool fuck
"Yo Yo your gender as ""classified"" is honestly cool as punch",yo yo gender classified honestly cool punch
This is why PlayStation has always been the superior gaming system . ,playstation always superior gaming system
"For this reason, the PlayStation has always been the superior gaming system.",reason playstation always superior gaming system
That's why PlayStation has always been a great game system.,playstation always great game system
This is the PlayStation has always been the superior gaming system.,playstation always superior gaming system
This is why PlayStation has always especially been the superior gaming simulation system.,playstation always especially superior gaming simulation system
This is why PlayStation has always been the favourite gaming system.,playstation always favourite gaming system
Sweet! More recycled content! Nothing get me excited like paying $60 for a game I’ve already played! Bo1 remastered is gonna be awesome!,sweet recycled content nothing get excited like paying game already played bo remastered gonna awesome
Sweet! More recycled content! Nothing excites me more than paying $60 for a game I've already played! Bo1 remastered will be awesome!,sweet recycled content nothing excites paying game already played bo remastered awesome
Light! More recycled content! Nothing excites me more than paying $60 for a game I've already played! Bo1 will be awesome!,light recycled content nothing excites paying game already played bo awesome
Sweet! More video content! Nothing get me excited like making $60 for a game my already played! Bo1 remastered is gonna be awesome!,sweet video content nothing get excited like making game already played bo remastered gonna awesome
Sweet!... More recycled content! Nothing get me very excited like paying $ 60 for a game I really ’... ve already played! Bo1 remastered gameplay is all gonna be awesome!,sweet recycled content nothing get excited like paying game really already played bo remastered gameplay gonna awesome
<unk>! More recycled content! Like getting I excited like paying $60 for a game I’ve already played! Bo1 remastered is gonna be awesome!,recycled content like getting excited like paying game already played bo remastered gonna awesome
Call Of Duty: Black Ops Actor Unhappy About Being Recast in Cold War dlvr.it/RfpBG9,call duty black ops actor unhappy recast cold war dlvr rfpbg
Call Of Duty: Black Ops actor unhappy with new Cold War cast dlvr.it / RfpBG9,call duty black ops actor unhappy new cold war cast dlvr rfpbg
Call Of Duty: Black Ops As Unhappy Of Being Reacted in Cold War dr.it / RFpBG9,call duty black ops unhappy reacted cold war dr rfpbg
Call on Duty: Black Ops Actor Unhappy Over Being Recast in Cold War dlvr.it/RfpBG9,call duty black ops actor unhappy recast cold war dlvr rfpbg
Call Of Our Duty : a Black Box Ops Actor Unhappy About Being Recast Young in Cold War fiction dlvr. it / www RfpBG9,call duty black box ops actor unhappy recast young cold war fiction dlvr www rfpbg
<unk> Of Duty: Black Ops Actor Unhappy About Being Recast across Canada By dlvr.it/RfpBG9,duty black ops actor unhappy recast across canada dlvr rfpbg
"22 kill streak on first game of black ops cold war. Dumb brag but still, quite enjoying it",kill streak first game black ops cold war dumb brag still quite enjoying
"22-kill series in the first Black Ops game of the Cold War. Stupid boasted, but nevertheless quite enjoyed",kill series first black ops game cold war stupid boasted nevertheless quite enjoyed
"22 murderous series in the first game of the Cold War's Black Op. Silly to boast, but still quite enjoying it",murderous series first game cold war black op silly boast still quite enjoying
"22 kill streak on first game of black ops cold war. Dumb concept but still, am enjoying it",kill streak first game black ops cold war dumb concept still enjoying
"22 Black kill streak on first game of a black ops cold war. 3 Dumb brag but still, quite well enjoying it",black kill streak first game black ops cold war dumb brag still quite well enjoying
"22 kill streak on first game of black ops cold war. Being watch<unk> still, quite enjoying it",kill streak first game black ops cold war watch still quite enjoying
I have enjoyed the  . .  . . Black Ops: Cold War...IS PRETTY GOOD! (Beta Gameplay) youtu.be/jRsiYYNw00g via @YouTube,enjoyed black ops cold war pretty good beta gameplay youtu jrsiyynw g via youtube
I enjoyed the Black Ops: Cold War... IS PRETTY GOOD! (Beta Gameplay) youtu.be / jRsiYNw00g via @ YouTube,enjoyed black ops cold war pretty good beta gameplay youtu jrsiynw g via youtube
I have enjoyed the.... Black Ops: Cold War... IS PREWY GOOD! (Beta Gameplay) youtu.be / jRsiYYNw00g via @ YouTube,enjoyed black ops cold war prewy good beta gameplay youtu jrsiyynw g via youtube
I have enjoyed the  sure the . Happy Black Bomber: Cold War...IS PRETTY GOOD! (Beta Gameplay) youtu.be/jRsiYYNw00g via @YouTube,enjoyed sure happy black bomber cold war pretty good beta gameplay youtu jrsiyynw g via youtube
and I have enjoyed ordering the.... series Black Special Ops : a Cold Strategic War... It IS PRETTY GOOD! ( Beta Online Gameplay ) on youtu. be / jRsiYYNw00g via @YouTube,enjoyed ordering series black special ops cold strategic war pretty good beta online gameplay youtu jrsiyynw g via youtube
you have been the.... Black Gold: This Love...IS PRETTY GOOD! (Beta Gameplay) Buy.be/jRsiYYNw00g Download Blu,black gold love pretty good beta gameplay buy jrsiyynw g download blu
"Just listened to Yuri’s interview, holy shit it’s scary.",listened yuri interview holy shit scary
"Just listening to Yuri's interview, holy shit, it's scary.",listening yuri interview holy shit scary
"Just listened to Jagr's interview, shit is scary.",listened jagr interview shit scary
"Just listened to Yuri’s confession, holy shit it’s scary.",listened yuri confession holy shit scary
"Just what listened to Yuri himself ’ s interview, holy freaking shit it ’ s scary.",listened yuri interview holy freaking shit scary
"Just went to Yuri’s interview, holy shit fuck scary.",went yuri interview holy shit fuck scary
Why I hack in Warzone  ,hack warzone
Why I'm chopping in the war zone,chopping war zone
Why I'm a Hacker at Warzone,hacker warzone
Why you hack in Warzone,hack warzone
Why I always hack in Warzone,always hack warzone
Why I AM in Warzone,warzone
1979 The best year .   ,best year
1979 The best year.,best year
1979 is the best year.,best year
1979 The school year.,school year
1979 meant The best year.,meant best year
1979 The best music.,best music
"When I complete the battle pass and the officer rank progression challenges each season,  ",complete battle pas officer rank progression challenge season
"When I have completed my combat pass and the officer rank is a challenge every season,",completed combat pas officer rank challenge every season
"When I complete my combat pass and my officer rank is raised every season,",complete combat pas officer rank raised every season
"When I complete the battle pass of the officer rank progression challenges each season,",complete battle pas officer rank progression challenge season
"2016 When graduate I complete hearing the battle pass and the officer rank progression challenges each season,",graduate complete hearing battle pas officer rank progression challenge season
"When I complete the battle pass and the officer level ladder challenges each season,",complete battle pas officer level ladder challenge season
youtube.com/watch?v=Y-yOf8… we life  ,youtube com watch v yof life
youtube.com / watch? v = Y-yOf8... we live,youtube com watch v yof live
youtube.com / watch? v = Y-yOf8... we life,youtube com watch v yof life
youtube.com/watch?v=Y-yOf8… we 9,youtube com watch v yof
And youtube. com / Google watch? v = Y - yOf8 … we find life,youtube com google watch v yof find life
<unk>.com/watch?v=Y-yOf8... My life,com watch v yof life
FUCKING FINALLLLYYYYYYYYY,fucking finallllyyyyyyyyy
FICKING FINALLYYYYYYYYY,ficking finallyyyyyyyyy
FUCKING FINALLYYYYYYYY,fucking finallyyyyyyyy
FUCKING PEOPLE,fucking people
9 FUCKING IN FINALLLLYYYYYYYYY,fucking finallllyyyyyyyyy
<unk> G,g
I still miss the feel of the sliding and my feet on the floor,still miss feel sliding foot floor
I still miss the feeling of sliding and my feet on the ground,still miss feeling sliding foot ground
I still miss the feeling of slipping and my feet on the floor,still miss feeling slipping foot floor
I still miss the feel of the sliding and my feet leaving the floor,still miss feel sliding foot leaving floor
Because I still miss the feel of the sliding and my feet on the stone floor,still miss feel sliding foot stone floor
I still miss the feel between stair sliding and my feet on the floor,still miss feel stair sliding foot floor
@YaraskyGaming @jackfrags 2 of my most favorite youtubers in the same  ,yaraskygaming jackfrags favorite youtubers
@ YaraskyGaming @ jackfrags 2 of my favorite Youtubers in the same,yaraskygaming jackfrags favorite youtubers
@ YaraskyGaming @ jackgs 2 of my favorite young players in the same,yaraskygaming jackgs favorite young player
@YaraskyGaming @jackfrags 2 of my most favorite youtubers in the game,yaraskygaming jackfrags favorite youtubers game
@YaraskyGaming @jackfrags 2 Each of my 100 most current favorite youtubers in the same,yaraskygaming jackfrags current favorite youtubers
@YaraskyGaming @jackfrags Another of the most favorite youtubers in the same,yaraskygaming jackfrags another favorite youtubers
I will give this a go and see if it was people are saying very bad . ,give go see people saying bad
I'm going to try and see if people have said very bad things.,going try see people said bad thing
I will give this a go and see if it was people are saying very bad.,give go see people saying bad
I will give this a go and see if it was people are saying very bad.,give go see people saying bad
Or I will sure give this a go and see if whoever it was people are saying very bad.,sure give go see whoever people saying bad
I will give one a go an see if it was people are saying very bad.,give one go see people saying bad
Shitting on non preorder kids . . Twitch.tv/GreasySunnyvale . .  ,shitting non preorder kid twitch tv greasysunnyvale
Shit on not pre-ordered kids.. Twitch.tv / GreasySunnyvale..,shit pre ordered kid twitch tv greasysunnyvale
For children who have not ordered a pre-order...........................................................................................................................................................................,child ordered pre order
Shitting on non preorder! ). Twitch.tv/GreasySunnyvale..,shitting non preorder twitch tv greasysunnyvale
is Shitting about on totally non preorder kids.. on Twitch. For tv / GreasySunnyvale..,shitting totally non preorder kid twitch tv greasysunnyvale
Shitting towards non specific kids.. 4.tv/GreasySunnyvale..,shitting towards non specific kid tv greasysunnyvale
I had chills on that reveal with @SidSlothGames and @peSCARoDB . The whole time. I’m so excited to stream Black Ops Cold War beta when it’s out. . . Bravo @Activision @RavenSoftware,chill reveal sidslothgames pescarodb whole time excited stream black ops cold war beta bravo activision ravensoftware
I had chills about this unveiling with @ SidSlothGames and @ peSCARoDB. All the time. I'm so excited to stream Black Ops Cold War beta when it's out... Bravo @ Activision @ RavenSoftware,chill unveiling sidslothgames pescarodb time excited stream black ops cold war beta bravo activision ravensoftware
I had chills about it with @ SidSlothGames and @ peSCARob all the time.,chill sidslothgames pescarob time
I had chills on that fly with @SidSlothGames and @peSCARoDB<unk> The whole time. Looking so excited 4 stream Black Ops Cold War beta when it’s out... Bravo @Activision @RavenSoftware,chill fly sidslothgames pescarodb whole time looking excited stream black ops cold war beta bravo activision ravensoftware
I had chills put on doing that reveal with me @SidSlothGames 2 and Bravo @peSCARoDB. The whole whole time. plus I ’ m so excited to stream Black Ops Cold World War beta footage when it ’ s airing out... Bravo @Activision @RavenSoftware,chill put reveal sidslothgames bravo pescarodb whole whole time plus excited stream black ops cold world war beta footage airing bravo activision ravensoftware
I just put on that reveal with Scott and it. A whole time. I’m really excited to stream Axis Ops Cold War beta when it’s out... Bravo @SidSlothGames all,put reveal scott whole time really excited stream axis ops cold war beta bravo sidslothgames
You can’t say this and it be shit my guy,say shit guy
"You can't say that and it's shit, my guy",say shit guy
You can't say this and it be shit my guy,say shit guy
You can’t say this and it be shit like guy,say shit like guy
You can ’ t just say like this and it be shit my guy,say like shit guy
hell can’t say this and it be shit my guy,hell say shit guy
HOLYYYYY. Definitely streaming it this weekend. be on the look out,holyyyyy definitely streaming weekend look
HOLYYY. Definitely streaming this weekend. Be on your guard,holyyy definitely streaming weekend guard
YYYYYYYYYYYYYYYYYYYYYYYYYYYYYYYYYYYYYYYYYYYYYYYYYYYYYYYYYYYYYYYYYYYYYYYYYYYYYYYYYYYYYYYYYYYYYYYYYYYYYYYYYYYYYYYYYYYYYYYYYYYYYYYYYYYYYYYYYYYYYYYYYYYYYYYYYYYYYYYYYYYYYYYYYYYYYYYYYYYYYYYYYYYYYYYYYYYYYY,yyyyyyyyyyyyyyyyyyyyyyyyyyyyyyyyyyyyyyyyyyyyyyyyyyyyyyyyyyyyyyyyyyyyyyyyyyyyyyyyyyyyyyyyyyyyyyyyyyyyyyyyyyyyyyyyyyyyyyyyyyyyyyyyyyyyyyyyyyyyyyyyyyyyyyyyyyyyyyyyyyyyyyyyyyyyyyyyyyyyyyyyyyyyyyyyyyyyyy
HOLYYYYY. Definitely streaming it this weekend. Still on the look out,holyyyyy definitely streaming weekend still look
4 HOLYYYYY. Definitely start streaming it out this weekend. be sure on the look out,holyyyyy definitely start streaming weekend sure look
HOLYYYYY. Definitely streaming it tomorrow morning. be on the look to,holyyyyy definitely streaming tomorrow morning look
What the? Why is this a thing? It literally punishes you for going on a killstreak? Are we back to placating bad players? Anyone think this is a good perk?  ,thing literally punishes going killstreak back placating bad player anyone think good perk
Why is that? It literally punishes you for going on a killer trail? Are we about to placate bad players again?,literally punishes going killer trail placate bad player
Why is this happening? It literally punishes you for going to the slaughter ground? Are we going back to picking bad players? Does anyone think it's a good move?,happening literally punishes going slaughter ground going back picking bad player anyone think good move
What the? Why is this a thing? It literally punishes you for going on any killstreak? Can we back to placating competitive players? Anyone think this is a good perk?,thing literally punishes going killstreak back placating competitive player anyone think good perk
What the? Wow Why is this all a thing? Can It literally punishes you both for going on a killstreak? Are finally we back to placating bad players? Do Anyone even think this is just a good perk?,wow thing literally punishes going killstreak finally back placating bad player anyone even think good perk
<unk> the? hell is this recent release? It literally punishes you after going on a killstreak? Are we back to placating bad players? Anyone think there is a good perk?,hell recent release literally punishes going killstreak back placating bad player anyone think good perk
IN TREYARCH WE TRUST!,treyarch trust
IN TREYARCH WE TRUST!,treyarch trust
В ТРЕТЬАРЦЕ!,
IN TREYARCH WE<unk>!,treyarch
IN the TREYARCH WE NO TRUST!,treyarch trust
IN LA WE TRUST!,la trust
"This I am so happy to hear. Finally, no more clunky gameplay from what was bo4!",happy hear finally clunky gameplay bo
"I am so happy to hear this. Finally, no more heavy-handed gameplay of what bo4 was!",happy hear finally heavy handed gameplay bo
"I am so glad to hear this. Finally, no more clowning gameplay from what was bo4!",glad hear finally clowning gameplay bo
"This I am so happy to hear. Finally, no further clunky gameplay from what became bo4!",happy hear finally clunky gameplay became bo
"This much I am so very happy now to hear. Finally, no more over clunky gameplay from what was bo4!",much happy hear finally clunky gameplay bo
"This game am so happy to hear.<unk>, no more different gameplay from what was bo4!",game happy hear different gameplay bo
I haven’t even played yet and I’m already satisfied with my purchase  ,even played yet already satisfied purchase
I haven't even played yet and am already happy with my purchase,even played yet already happy purchase
I haven't even played yet and I'm already happy with my purchase,even played yet already happy purchase
I haven’t even opened yet and I’m already satisfied with my purchase,even opened yet already satisfied purchase
Actually I really haven ’ t apparently even played yet and I ’ m already satisfied with my purchase,actually really apparently even played yet already satisfied purchase
I haven’t even played yet and having already satisfied my my purchase,even played yet already satisfied purchase
Ross Production Services teamed up with BOOMBOX and NCompass to reveal the multiplayer game mode of Worldwide Call of Duty: Black Ops COLD War.. . It was an amazing production and our Ross Production Cloud played a huge part.   ,ross production service teamed boombox ncompass reveal multiplayer game mode worldwide call duty black ops cold war amazing production ross production cloud played huge part
Ross Production Services has teamed up with BOOMBOX and NCompass to unveil the multiplayer gameplay mode of Worldwide Call of Duty: Black Ops COLD War... It was an amazing production and our Ross Production Cloud played a big role.,ross production service teamed boombox ncompass unveil multiplayer gameplay mode worldwide call duty black ops cold war amazing production ross production cloud played big role
Ross Production Services teamed up with BOOMBOX and NCompass to reveal the multiplayer mode of Worldwide Call of Duty: Black Ops COLD War.,ross production service teamed boombox ncompass reveal multiplayer mode worldwide call duty black ops cold war
Ross Production Services teamed up with Ubisoft and NCompass to reveal the next game mode of Worldwide version of Duty: Black Ops COLD War... It was an amazing production and our Ross Production Cloud played a huge element.,ross production service teamed ubisoft ncompass reveal next game mode worldwide version duty black ops cold war amazing production ross production cloud played huge element
Ross Production Services teamed up with BOOMBOX 3 and NCompass to reveal from the multiplayer game mode of The Worldwide Call Report of Duty : Black Ops COLD War... 1 It was an amazing commercial production project and our Ross Development Production services Cloud played a whole huge part.,ross production service teamed boombox ncompass reveal multiplayer game mode worldwide call report duty black ops cold war amazing commercial production project ross development production service cloud played whole huge part
Ross Production Services teamed up with Alliance and NCompass to create the multiplayer game mode of Worldwide Line of Duty: Black Ops COLD War... it was an amazing discovery and our local Production Cloud played in huge part.,ross production service teamed alliance ncompass create multiplayer game mode worldwide line duty black ops cold war amazing discovery local production cloud played huge part
They called it the Cold War because guns stayed cold. Also it was nowhere near Reagan’s terms. What the fuck?,called cold war gun stayed cold also nowhere near reagan term fuck
"They called it the Cold War because the weapons remained cold, and it was nowhere near the conditions of Reagan. What the hell?",called cold war weapon remained cold nowhere near condition reagan hell
They called it the Cold War because the guns remained cold.,called cold war gun remained cold
They called it the White War because guns stayed cold. Also it was nowhere near Reagan’s terms. What by fuck?,called white war gun stayed cold also nowhere near reagan term fuck
They called it the Cold War Zone because guns stayed cold. Also named it that was nowhere near Reagan ’ s exact terms. What of the fuck?,called cold war zone gun stayed cold also named nowhere near reagan exact term fuck
They dubbed it the Cold War because guns stayed out. Also it was nowhere near Reagan’s terms. What the fucking?,dubbed cold war gun stayed also nowhere near reagan term fucking
YOOOOOO  ,yoooooo
YOOOOO,yooooo
YOOOOOO,yoooooo
5 YOOOOOO,yoooooo
has,
cant wait to cum all over a player with the gamertag ‘jamescharles’,cant wait cum player gamertag jamescharles
I can't wait to put the 'Jamesharles' tag on a player.,wait put jamesharles tag player
"Can't wait for someone to come across a player labeled ""jamefles""",wait someone come across player labeled jamefles
cant wait for cum all of a player with the gamertag ‘jamescharles’,cant wait cum player gamertag jamescharles
He cant wait to pour cum all over a rich player with the gamertag ‘ three jamescharles ’,cant wait pour cum rich player gamertag three jamescharles
simply wait but cum all over a player with the iconic ‘jamescharles’,simply wait cum player iconic jamescharles
"Looks amazing, i think it will have similar gameplay/feel as MW, but finally another black ops in more modern wartimes, very promising",look amazing think similar gameplay feel mw finally another black ops modern wartime promising
"Looks amazing, I think it will have a similar gameplay / feel to MW, but finally another Black Ops in modern wartime, very promising",look amazing think similar gameplay feel mw finally another black ops modern wartime promising
"Looks amazing, i think it will have similar gameplay / feel as MW, but finally another black ops in more modern wartimes, very promising",look amazing think similar gameplay feel mw finally another black ops modern wartime promising
"Looks amazing, i think it will have similar gameplay/feel as usual, but finally another black ops in more developed wartimes, very promising",look amazing think similar gameplay feel usual finally another black ops developed wartime promising
"Looks again amazing,... i think it will have similar gameplay / feel as MW, but finally another big black ops in more like modern European wartimes, very promising",look amazing think similar gameplay feel mw finally another big black ops like modern european wartime promising
"looks amazing, i think it will have whatever look/feel as Hope, but finally another black ops in more modern wartimes, very promising",look amazing think whatever look feel hope finally another black ops modern wartime promising
thank you Treyarch,thank treyarch
Thanks Treyarch,thanks treyarch
thank you Treyarch,thank treyarch
thank ful Treyarch,thank ful treyarch
thank of you Treyarch,thank treyarch
thank you in,thank
CHILLS,chill
CHILDREN,child
CHILE,chile
CHILLS,chill
A CHILLS,chill
a,
The music that plays in that little snippet of the black ops cold war campaign is actually really good and fits the mood whos making the ost,music play little snippet black ops cold war campaign actually really good fit mood who making ost
The music played in this small snippet of the Cold War Black Ops campaign is actually really good and fits the mood that begins.,music played small snippet cold war black ops campaign actually really good fit mood begin
The music that plays in this little snippet of the Cold War's black-and-white campaign is actually very good and fits the mood of those making the film.,music play little snippet cold war black white campaign actually good fit mood making film
The music that plays in that sad snippet of the black ops cold war campaign is actually really good and fits the mood basically making the ost,music play sad snippet black ops cold war campaign actually really good fit mood basically making ost
• The music scene that plays in that little snippet of the the black ops cold war campaign is pretty actually all really good and neatly fits the mood whos making the ost,music scene play little snippet black ops cold war campaign pretty actually really good neatly fit mood who making ost
The woman that plays in that little snippet of the black ops cold war film looks actually really good and fits the mood while making the ost,woman play little snippet black ops cold war film look actually really good fit mood making ost
I know I trash BO1 multiplayer any chance I get but in all honesty I wouldn’t mind a Black Ops remaster. Nothing could ever be as worse as MW2019. Get to work on it...,know trash bo multiplayer chance get honesty mind black ops remaster nothing could ever worse mw get work
"I know I'm wasting every chance I get, but honestly I wouldn't mind a Black Ops remaster, nothing could ever be as bad as MW2019.",know wasting every chance get honestly mind black ops remaster nothing could ever bad mw
"I know I'm baiting the BO1 multiplayer any chance I get, but to be honest, I wouldn't mind Black Ops Fister. Nothing could be worse than MW2019.",know baiting bo multiplayer chance get honest mind black ops fister nothing could worse mw
I know I trash BO1 multiplayer any chance I get but in honest honesty I wouldn’t mind a Black Ops remaster. Nothing could ever sound as worse as MW2019. Get your work on things,know trash bo multiplayer chance get honest honesty mind black ops remaster nothing could ever sound worse mw get work thing
Now I also know I trash BO1 multiplayer up any remaining chance I get but in all an honesty I wouldn all ’ t normally mind a Black Ops remaster. But Nothing could ever be as worse as MW2019. Just Get to work on it...,also know trash bo multiplayer remaining chance get honesty normally mind black ops remaster nothing could ever worse mw get work
I dislike it hate BO1 multiplayer any chance I get but in all truth I rarely mind a Black Ops remaster. Nothing could ever be a worse as Black. Get to work on it...,dislike hate bo multiplayer chance get truth rarely mind black ops remaster nothing could ever worse black get work
I tried the new auto-sprint in  ,tried new auto sprint
I tried the new auto sprint in,tried new auto sprint
I tried a new car sprint in,tried new car sprint
I tried the new micro-sprint in,tried new micro sprint
I tried the new electronic auto - sprint in,tried new electronic auto sprint
I tried the single auto-sprint in,tried single auto sprint
I hope we get a trailer that was amazing as this in  ,hope get trailer amazing
I hope we get a trailer that was as amazing as this one in,hope get trailer amazing one
I hope we get a trailer that was amazing as this in,hope get trailer amazing
I hope we get a trailer that was amazing as pictured in,hope get trailer amazing pictured
I hope we don get a trailer that was amazing as was this in,hope get trailer amazing
just hope we get a trailer that was amazing as this in,hope get trailer amazing
. . .   ,
....,
..<unk>,
...,
...,
Favourite gun on MW  ,favourite gun mw
Favorite MW Gun,favorite mw gun
Favorite MB pistol,favorite mb pistol
Favourite gun on SA,favourite gun sa
Favourite gun on 170 MW,favourite gun mw
a gun on MW,gun mw
It is not the first time that the EU Commission has taken such a step.,first time eu commission taken step
"At the same time, despite the fact that there are currently some 100 million people living below the poverty line, most of them do not have access to health services and do not have access to health care, while most of them do not have access to health care.",time despite fact currently million people living poverty line access health service access health care access health care
Still iffy about this,still iffy
Still undecided,still undecided
"Nevertheless, there are skeptics.",nevertheless skeptic
